C:\projects\python\Anda\Stability_Java\src\main\resources\systems\Sepsis.xes,C:\projects\python\Anda\resources\models\Sepsis_1000_alpha.pnml,0.39660523149027804,0.1847024102311854,23
C:\projects\python\Anda\Stability_Java\src\main\resources\systems\Sepsis.xes,C:\projects\python\Anda\resources\models\Sepsis_1000_alpha.pnml,0.39660523149027804,0.1847024102311854,23
C:\projects\python\Anda\Stability_Java\src\main\resources\systems\Sepsis.xes,C:\projects\python\Anda\resources\models\Sepsis_1000_alpha.pnml,0.39660523149027804,0.24104736592894777,23
C:\projects\python\Anda\Stability_Java\src\main\resources\systems\Sepsis.xes,C:\projects\python\Anda\resources\models\Sepsis_1000_heuristics.pnml,0.6784117801735472,0.9099023866914524,98
C:\projects\python\Anda\Stability_Java\src\main\resources\systems\Sepsis.xes,C:\projects\python\Anda\resources\models\Sepsis_1000_inductive.pnml,0.25382928347459843,0.9999318710164926,91
C:\projects\python\Anda\Stability_Java\src\main\resources\systems\Sepsis.xes,C:\projects\python\Anda\resources\models\Sepsis_2000_alpha.pnml,0.4426050420168067,0.23947726385374474,22
C:\projects\python\Anda\Stability_Java\src\main\resources\systems\Sepsis.xes,C:\projects\python\Anda\resources\models\Sepsis_2000_heuristics.pnml,0.7071540407081778,0.9139283477291045,111
C:\projects\python\Anda\Stability_Java\src\main\resources\systems\Sepsis.xes,C:\projects\python\Anda\resources\models\Sepsis_2000_inductive.pnml,0.25762075419340746,1.0,89
C:\projects\python\Anda\Stability_Java\src\main\resources\systems\Sepsis.xes,C:\projects\python\Anda\resources\models\Sepsis_4000_alpha.pnml,0.4426422388436003,0.26588961197193384,22
C:\projects\python\Anda\Stability_Java\src\main\resources\systems\Sepsis.xes,C:\projects\python\Anda\resources\models\Sepsis_4000_heuristics.pnml,0.7811300424270995,0.8945615359840644,117
C:\projects\python\Anda\Stability_Java\src\main\resources\systems\Sepsis.xes,C:\projects\python\Anda\resources\models\Sepsis_4000_inductive.pnml,0.25762075419340746,1.0,89
C:\projects\python\Anda\Stability_Java\src\main\resources\systems\Sepsis.xes,C:\projects\python\Anda\resources\models\Sepsis_10000_alpha.pnml,0.4426422388436003,0.26588961197193384,22
C:\projects\python\Anda\Stability_Java\src\main\resources\systems\Sepsis.xes,C:\projects\python\Anda\resources\models\Sepsis_10000_heuristics.pnml,0.7044386711624564,0.8982320157909803,107
C:\projects\python\Anda\Stability_Java\src\main\resources\systems\Sepsis.xes,C:\projects\python\Anda\resources\models\Sepsis_10000_inductive.pnml,0.25762075419340746,1.0,89
C:\projects\python\Anda\Stability_Java\src\main\resources\systems\Sepsis.xes,C:\projects\python\Anda\resources\models\Sepsis_20000_alpha.pnml,0.4426422388436003,0.26588961197193384,22
C:\projects\python\Anda\Stability_Java\src\main\resources\systems\Sepsis.xes,C:\projects\python\Anda\resources\models\Sepsis_20000_heuristics.pnml,0.7033112582781457,0.8973853605493712,107
C:\projects\python\Anda\Stability_Java\src\main\resources\systems\Sepsis.xes,C:\projects\python\Anda\resources\models\Sepsis_20000_inductive.pnml,0.25762075419340746,1.0,89
C:\projects\python\Anda\Stability_Java\src\main\resources\systems\Sepsis.xes,C:\projects\python\Anda\resources\models\Sepsis_40000_alpha.pnml,0.4426422388436003,0.26588961197193384,22
C:\projects\python\Anda\Stability_Java\src\main\resources\systems\Sepsis.xes,C:\projects\python\Anda\resources\models\Sepsis_40000_heuristics.pnml,0.7033112582781457,0.89721291069021,107
C:\projects\python\Anda\Stability_Java\src\main\resources\systems\Sepsis.xes,C:\projects\python\Anda\resources\models\Sepsis_40000_inductive.pnml,0.25762075419340746,1.0,89
C:\projects\python\Anda\Stability_Java\src\main\resources\systems\Sepsis.xes,C:\projects\python\Anda\resources\models\Sepsis_100000_alpha.pnml,0.4426422388436003,0.26588961197193384,22
C:\projects\python\Anda\Stability_Java\src\main\resources\systems\Sepsis.xes,C:\projects\python\Anda\resources\models\Sepsis_100000_heuristics.pnml,0.7044386711624564,0.8967715521747265,107
C:\projects\python\Anda\Stability_Java\src\main\resources\systems\Sepsis.xes,C:\projects\python\Anda\resources\models\Sepsis_100000_inductive.pnml,0.25762075419340746,1.0,89
C:\projects\python\Anda\Stability_Java\src\main\resources\systems\RTFMS.xes,C:\projects\python\Anda\resources\models\RTFMS_1000_alpha.pnml,0.8835244774006253,0.6960316341571908,27
C:\projects\python\Anda\Stability_Java\src\main\resources\systems\RTFMS.xes,C:\projects\python\Anda\resources\models\RTFMS_1000_heuristics.pnml,0.9954366694077896,0.9158026519749201,52
C:\projects\python\Anda\Stability_Java\src\main\resources\systems\RTFMS.xes,C:\projects\python\Anda\resources\models\RTFMS_1000_inductive.pnml,0.7213861255051206,0.9997972130475645,47
C:\projects\python\Anda\Stability_Java\src\main\resources\systems\RTFMS.xes,C:\projects\python\Anda\resources\models\RTFMS_2000_alpha.pnml,0.8836570684555235,0.6959373295256057,27
C:\projects\python\Anda\Stability_Java\src\main\resources\systems\RTFMS.xes,C:\projects\python\Anda\resources\models\RTFMS_2000_heuristics.pnml,0.9991609884341456,0.9197858238470801,63
C:\projects\python\Anda\Stability_Java\src\main\resources\systems\RTFMS.xes,C:\projects\python\Anda\resources\models\RTFMS_2000_inductive.pnml,0.7169875880359537,0.9998994192250477,54
C:\projects\python\Anda\Stability_Java\src\main\resources\systems\RTFMS.xes,C:\projects\python\Anda\resources\models\RTFMS_4000_alpha.pnml,0.6670924720994127,0.5885383623831411,28
C:\projects\python\Anda\Stability_Java\src\main\resources\systems\RTFMS.xes,C:\projects\python\Anda\resources\models\RTFMS_4000_heuristics.pnml,0.9990482645014008,0.9247681536533974,65
C:\projects\python\Anda\Stability_Java\src\main\resources\systems\RTFMS.xes,C:\projects\python\Anda\resources\models\RTFMS_4000_inductive.pnml,0.5080716510099244,0.9999926744488439,55
C:\projects\python\Anda\Stability_Java\src\main\resources\systems\RTFMS.xes,C:\projects\python\Anda\resources\models\RTFMS_10000_alpha.pnml,0.6670924720994127,0.5131030567843882,29
C:\projects\python\Anda\Stability_Java\src\main\resources\systems\RTFMS.xes,C:\projects\python\Anda\resources\models\RTFMS_10000_heuristics.pnml,0.9990656676664239,0.926128847386092,61
C:\projects\python\Anda\Stability_Java\src\main\resources\systems\RTFMS.xes,C:\projects\python\Anda\resources\models\RTFMS_10000_inductive.pnml,0.5080716510099244,0.9999929720344072,47
C:\projects\python\Anda\Stability_Java\src\main\resources\systems\RTFMS.xes,C:\projects\python\Anda\resources\models\RTFMS_20000_alpha.pnml,0.8893917758164327,0.6828569077359721,24
C:\projects\python\Anda\Stability_Java\src\main\resources\systems\RTFMS.xes,C:\projects\python\Anda\resources\models\RTFMS_20000_heuristics.pnml,0.9995326154869806,0.9265784756431872,57
C:\projects\python\Anda\Stability_Java\src\main\resources\systems\RTFMS.xes,C:\projects\python\Anda\resources\models\RTFMS_20000_inductive.pnml,0.5084558041268927,1.0,50
C:\projects\python\Anda\Stability_Java\src\main\resources\systems\RTFMS.xes,C:\projects\python\Anda\resources\models\RTFMS_40000_alpha.pnml,0.9099850232702951,0.6555048073980039,25
C:\projects\python\Anda\Stability_Java\src\main\resources\systems\RTFMS.xes,C:\projects\python\Anda\resources\models\RTFMS_40000_heuristics.pnml,0.9995231174493596,0.9253216793083646,60
C:\projects\python\Anda\Stability_Java\src\main\resources\systems\RTFMS.xes,C:\projects\python\Anda\resources\models\RTFMS_40000_inductive.pnml,0.5822571293026197,1.0,63
C:\projects\python\Anda\Stability_Java\src\main\resources\systems\RTFMS.xes,C:\projects\python\Anda\resources\models\RTFMS_100000_alpha.pnml,0.6483416680689444,0.6531285869931087,23
C:\projects\python\Anda\Stability_Java\src\main\resources\systems\RTFMS.xes,C:\projects\python\Anda\resources\models\RTFMS_100000_heuristics.pnml,0.9913625082917359,0.9223769827896395,65
C:\projects\python\Anda\Stability_Java\src\main\resources\systems\RTFMS.xes,C:\projects\python\Anda\resources\models\RTFMS_100000_inductive.pnml,0.582254467257236,1.0,67
C:\projects\python\Anda\Stability_Java\src\main\resources\systems\BPIC2012.xes,C:\projects\python\Anda\resources\models\BPIC2012_1000_alpha.pnml,0.10502453133720147,0.5586479208127507,34
C:\projects\python\Anda\Stability_Java\src\main\resources\systems\BPIC2012.xes,C:\projects\python\Anda\resources\models\BPIC2012_1000_heuristics.pnml,0.31680960428053606,0.9836055030938811,110
C:\projects\python\Anda\Stability_Java\src\main\resources\systems\BPIC2012.xes,C:\projects\python\Anda\resources\models\BPIC2012_1000_inductive.pnml,0.11942584566005221,0.9924424132543646,133
C:\projects\python\Anda\Stability_Java\src\main\resources\systems\BPIC2012.xes,C:\projects\python\Anda\resources\models\BPIC2012_2000_alpha.pnml,0.10502453133720147,0.5586479208127507,34
C:\projects\python\Anda\Stability_Java\src\main\resources\systems\BPIC2012.xes,C:\projects\python\Anda\resources\models\BPIC2012_2000_heuristics.pnml,0.29748148088602355,0.9822255027715899,104
C:\projects\python\Anda\Stability_Java\src\main\resources\systems\BPIC2012.xes,C:\projects\python\Anda\resources\models\BPIC2012_2000_inductive.pnml,0.1298022126247832,0.9671744095013992,134
C:\projects\python\Anda\Stability_Java\src\main\resources\systems\BPIC2012.xes,C:\projects\python\Anda\resources\models\BPIC2012_4000_alpha.pnml,0.10502453133720147,0.5586479208127507,34
C:\projects\python\Anda\Stability_Java\src\main\resources\systems\BPIC2012.xes,C:\projects\python\Anda\resources\models\BPIC2012_4000_heuristics.pnml,0.27282145749793985,0.9793070566167426,121
C:\projects\python\Anda\Stability_Java\src\main\resources\systems\BPIC2012.xes,C:\projects\python\Anda\resources\models\BPIC2012_4000_inductive.pnml,0.1298022126247832,0.9671740112742657,135
C:\projects\python\Anda\Stability_Java\src\main\resources\systems\BPIC2012.xes,C:\projects\python\Anda\resources\models\BPIC2012_10000_alpha.pnml,0.10502453133720147,0.5586479208127507,34
C:\projects\python\Anda\Stability_Java\src\main\resources\systems\BPIC2012.xes,C:\projects\python\Anda\resources\models\BPIC2012_10000_heuristics.pnml,0.27517482019142436,0.9793004283669808,118
C:\projects\python\Anda\Stability_Java\src\main\resources\systems\BPIC2012.xes,C:\projects\python\Anda\resources\models\BPIC2012_10000_inductive.pnml,0.1298022126247832,0.9679228728028662,133
C:\projects\python\Anda\Stability_Java\src\main\resources\systems\BPIC2012.xes,C:\projects\python\Anda\resources\models\BPIC2012_20000_alpha.pnml,0.10502453133720147,0.5586479208127507,34
C:\projects\python\Anda\Stability_Java\src\main\resources\systems\BPIC2012.xes,C:\projects\python\Anda\resources\models\BPIC2012_20000_heuristics.pnml,0.27517482019142436,0.9793006450606855,121
C:\projects\python\Anda\Stability_Java\src\main\resources\systems\BPIC2012.xes,C:\projects\python\Anda\resources\models\BPIC2012_20000_inductive.pnml,0.12905195828600968,0.973429613099393,132
C:\projects\python\Anda\Stability_Java\src\main\resources\systems\BPIC2012.xes,C:\projects\python\Anda\resources\models\BPIC2012_40000_alpha.pnml,0.10502453133720147,0.5586479208127507,34
C:\projects\python\Anda\Stability_Java\src\main\resources\systems\BPIC2012.xes,C:\projects\python\Anda\resources\models\BPIC2012_40000_heuristics.pnml,0.37292264763489036,0.9793611034501402,121
C:\projects\python\Anda\Stability_Java\src\main\resources\systems\BPIC2012.xes,C:\projects\python\Anda\resources\models\BPIC2012_40000_inductive.pnml,0.12905195828600968,0.973429613099393,132
C:\projects\python\Anda\Stability_Java\src\main\resources\systems\BPIC2012.xes,C:\projects\python\Anda\resources\models\BPIC2012_100000_alpha.pnml,0.10502453133720147,0.5586479208127507,34
C:\projects\python\Anda\Stability_Java\src\main\resources\systems\BPIC2012.xes,C:\projects\python\Anda\resources\models\BPIC2012_100000_heuristics.pnml,0.2697677239691565,0.9755712216657257,123
C:\projects\python\Anda\Stability_Java\src\main\resources\systems\BPIC2012.xes,C:\projects\python\Anda\resources\models\BPIC2012_100000_inductive.pnml,0.12905195828600968,0.973429613099393,132
C:\projects\python\Anda\Stability_Java\src\main\resources\systems\Sepsis.xes,C:\projects\python\Anda\resources\models\Sepsis_1000_MIXED_0.2_5_alpha.pnml,0.3152267632350405,0.18034750850267933,21
C:\projects\python\Anda\Stability_Java\src\main\resources\systems\Sepsis.xes,C:\projects\python\Anda\resources\models\Sepsis_1000_MIXED_0.2_5_heuristics.pnml,0.6784117801735472,0.9099023866914524,98
C:\projects\python\Anda\Stability_Java\src\main\resources\systems\Sepsis.xes,C:\projects\python\Anda\resources\models\Sepsis_1000_MIXED_0.2_5_inductive.pnml,0.2526562699583125,0.9999339861074006,96
C:\projects\python\Anda\Stability_Java\src\main\resources\systems\BPIC2012.xes,C:\projects\python\Anda\resources\models\BPIC2012_10000_ORDERING_1.0_2_alpha.pnml,0.045454545454545414,0.30297281129450154,39
C:\projects\python\Anda\Stability_Java\src\main\resources\systems\BPIC2012.xes,C:\projects\python\Anda\resources\models\BPIC2012_10000_ORDERING_1.0_2_heuristics.pnml,0.298097440913206,0.9784023529551248,133
C:\projects\python\Anda\Stability_Java\src\main\resources\systems\BPIC2012.xes,C:\projects\python\Anda\resources\models\BPIC2012_10000_ORDERING_1.0_2_inductive.pnml,0.09302771348553562,0.9986587388486324,82
C:\projects\python\Anda\Stability_Java\src\main\resources\systems\RTFMS.xes,C:\projects\python\Anda\resources\models\RTFMS_100000_INSERTION_10.0_3_alpha.pnml,0.0001279590531030328,0.422482580355136,4495
C:\projects\python\Anda\Stability_Java\src\main\resources\systems\RTFMS.xes,C:\projects\python\Anda\resources\models\RTFMS_100000_INSERTION_10.0_3_heuristics.pnml,0.0014102952124993573,0.9413601989312325,4894
C:\projects\python\Anda\Stability_Java\src\main\resources\systems\RTFMS.xes,C:\projects\python\Anda\resources\models\RTFMS_100000_INSERTION_10.0_3_inductive.pnml,0.001961145212220239,1.0,4658
C:\projects\python\Anda\Stability_Java\src\main\resources\systems\Sepsis.xes,C:\projects\python\Anda\resources\models\Sepsis_1000_MIXED_0.1_4_alpha.pnml,0.39660523149027804,0.24104736592894777,23
C:\projects\python\Anda\Stability_Java\src\main\resources\systems\Sepsis.xes,C:\projects\python\Anda\resources\models\Sepsis_1000_MIXED_0.1_4_heuristics.pnml,0.6784117801735472,0.9099023866914524,98
C:\projects\python\Anda\Stability_Java\src\main\resources\systems\Sepsis.xes,C:\projects\python\Anda\resources\models\Sepsis_1000_MIXED_0.1_4_inductive.pnml,0.2538721126432769,0.9999416039449582,92
C:\projects\python\Anda\Stability_Java\src\main\resources\systems\BPIC2012.xes,C:\projects\python\Anda\resources\models\BPIC2012_40000_MIXED_0.2_1_alpha.pnml,0.0,0.2848618140867734,54
C:\projects\python\Anda\Stability_Java\src\main\resources\systems\BPIC2012.xes,C:\projects\python\Anda\resources\models\BPIC2012_40000_MIXED_0.2_1_heuristics.pnml,0.27215498454109877,0.9809294544655072,155
C:\projects\python\Anda\Stability_Java\src\main\resources\systems\BPIC2012.xes,C:\projects\python\Anda\resources\models\BPIC2012_40000_MIXED_0.2_1_inductive.pnml,0.06525465303089695,1.0,201
C:\projects\python\Anda\Stability_Java\src\main\resources\systems\RTFMS.xes,C:\projects\python\Anda\resources\models\RTFMS_100000_ABSENCE_10.0_4_alpha.pnml,0.16666666666666663,0.5983632727385422,27
C:\projects\python\Anda\Stability_Java\src\main\resources\systems\RTFMS.xes,C:\projects\python\Anda\resources\models\RTFMS_100000_ABSENCE_10.0_4_heuristics.pnml,0.603614790649952,0.9321773945495639,78
C:\projects\python\Anda\Stability_Java\src\main\resources\systems\RTFMS.xes,C:\projects\python\Anda\resources\models\RTFMS_100000_ABSENCE_10.0_4_inductive.pnml,0.41459041068084246,1.0,70
C:\projects\python\Anda\Stability_Java\src\main\resources\systems\Sepsis.xes,C:\projects\python\Anda\resources\models\Sepsis_100000_ABSENCE_10.0_4_alpha.pnml,0.4439746300211417,0.28588407826879625,25
C:\projects\python\Anda\Stability_Java\src\main\resources\systems\Sepsis.xes,C:\projects\python\Anda\resources\models\Sepsis_100000_ABSENCE_10.0_4_heuristics.pnml,0.6869518644975564,0.8856626109515454,114
C:\projects\python\Anda\Stability_Java\src\main\resources\systems\Sepsis.xes,C:\projects\python\Anda\resources\models\Sepsis_100000_ABSENCE_10.0_4_inductive.pnml,0.24474159496539272,1.0,96
C:\projects\python\Anda\Stability_Java\src\main\resources\systems\BPIC2012.xes,C:\projects\python\Anda\resources\models\BPIC2012_10000_SUBSTITUTION_4.0_3_alpha.pnml,0.002673796791443861,0.16374688712666619,231
C:\projects\python\Anda\Stability_Java\src\main\resources\systems\BPIC2012.xes,C:\projects\python\Anda\resources\models\BPIC2012_10000_SUBSTITUTION_4.0_3_heuristics.pnml,0.07739449107632512,0.9745652898671658,371
C:\projects\python\Anda\Stability_Java\src\main\resources\systems\BPIC2012.xes,C:\projects\python\Anda\resources\models\BPIC2012_10000_SUBSTITUTION_4.0_3_inductive.pnml,0.020237170451166242,1.0,477
C:\projects\python\Anda\Stability_Java\src\main\resources\systems\BPIC2012.xes,C:\projects\python\Anda\resources\models\BPIC2012_2000_MIXED_0.1_3_alpha.pnml,0.02941176470588236,0.5112589605011784,38
C:\projects\python\Anda\Stability_Java\src\main\resources\systems\BPIC2012.xes,C:\projects\python\Anda\resources\models\BPIC2012_2000_MIXED_0.1_3_heuristics.pnml,0.284964135234998,0.9827026113945148,108
C:\projects\python\Anda\Stability_Java\src\main\resources\systems\BPIC2012.xes,C:\projects\python\Anda\resources\models\BPIC2012_2000_MIXED_0.1_3_inductive.pnml,0.12353841013465106,0.9674338233816042,138
C:\projects\python\Anda\Stability_Java\src\main\resources\systems\Sepsis.xes,C:\projects\python\Anda\resources\models\Sepsis_2000_ABSENCE_0.2_2_alpha.pnml,0.4426050420168067,0.23947726385374474,22
C:\projects\python\Anda\Stability_Java\src\main\resources\systems\Sepsis.xes,C:\projects\python\Anda\resources\models\Sepsis_2000_ABSENCE_0.2_2_heuristics.pnml,0.7073244187447296,0.9138685353783417,112
C:\projects\python\Anda\Stability_Java\src\main\resources\systems\Sepsis.xes,C:\projects\python\Anda\resources\models\Sepsis_2000_ABSENCE_0.2_2_inductive.pnml,0.25762075419340746,1.0,89
C:\projects\python\Anda\Stability_Java\src\main\resources\systems\BPIC2012.xes,C:\projects\python\Anda\resources\models\BPIC2012_1000_INSERTION_10.0_4_alpha.pnml,0.007352941176470562,0.4297410565228579,91
C:\projects\python\Anda\Stability_Java\src\main\resources\systems\BPIC2012.xes,C:\projects\python\Anda\resources\models\BPIC2012_1000_INSERTION_10.0_4_heuristics.pnml,0.1718067265057469,0.9852310334620837,188
C:\projects\python\Anda\Stability_Java\src\main\resources\systems\BPIC2012.xes,C:\projects\python\Anda\resources\models\BPIC2012_1000_INSERTION_10.0_4_inductive.pnml,0.05735800969406735,0.9999048766571946,275
C:\projects\python\Anda\Stability_Java\src\main\resources\systems\RTFMS.xes,C:\projects\python\Anda\resources\models\RTFMS_20000_ABSENCE_10.0_5_alpha.pnml,0.5,0.6297079081261633,27
C:\projects\python\Anda\Stability_Java\src\main\resources\systems\RTFMS.xes,C:\projects\python\Anda\resources\models\RTFMS_20000_ABSENCE_10.0_5_heuristics.pnml,0.6717019199834231,0.9332308906455538,63
C:\projects\python\Anda\Stability_Java\src\main\resources\systems\RTFMS.xes,C:\projects\python\Anda\resources\models\RTFMS_20000_ABSENCE_10.0_5_inductive.pnml,0.4838523894789444,0.9999990793872033,41
C:\projects\python\Anda\Stability_Java\src\main\resources\systems\Sepsis.xes,C:\projects\python\Anda\resources\models\Sepsis_10000_INSERTION_2.0_5_alpha.pnml,0.03314927145952906,0.14663264113755142,119
C:\projects\python\Anda\Stability_Java\src\main\resources\systems\Sepsis.xes,C:\projects\python\Anda\resources\models\Sepsis_10000_INSERTION_2.0_5_heuristics.pnml,0.17514242627345844,0.8968162669925798,226
C:\projects\python\Anda\Stability_Java\src\main\resources\systems\Sepsis.xes,C:\projects\python\Anda\resources\models\Sepsis_10000_INSERTION_2.0_5_inductive.pnml,0.044213327226650834,1.0,283
C:\projects\python\Anda\Stability_Java\src\main\resources\systems\Sepsis.xes,C:\projects\python\Anda\resources\models\Sepsis_40000_INSERTION_2.0_5_alpha.pnml,0.007822685788787531,0.13346644456247475,421
C:\projects\python\Anda\Stability_Java\src\main\resources\systems\Sepsis.xes,C:\projects\python\Anda\resources\models\Sepsis_40000_INSERTION_2.0_5_heuristics.pnml,0.05205231472502059,0.9023286689743877,544
C:\projects\python\Anda\Stability_Java\src\main\resources\systems\Sepsis.xes,C:\projects\python\Anda\resources\models\Sepsis_40000_INSERTION_2.0_5_inductive.pnml,0.012705136533484152,1.0,604
C:\projects\python\Anda\Stability_Java\src\main\resources\systems\BPIC2012.xes,C:\projects\python\Anda\resources\models\BPIC2012_1000_INSERTION_0.4_5_alpha.pnml,0.10102207439137023,0.5138895394315857,36
C:\projects\python\Anda\Stability_Java\src\main\resources\systems\BPIC2012.xes,C:\projects\python\Anda\resources\models\BPIC2012_1000_INSERTION_0.4_5_heuristics.pnml,0.31662744889434047,0.9836166013250225,113
C:\projects\python\Anda\Stability_Java\src\main\resources\systems\BPIC2012.xes,C:\projects\python\Anda\resources\models\BPIC2012_1000_INSERTION_0.4_5_inductive.pnml,0.11908305205536951,0.992545780069169,139
C:\projects\python\Anda\Stability_Java\src\main\resources\systems\RTFMS.xes,C:\projects\python\Anda\resources\models\RTFMS_1000_ORDERING_4.0_1_alpha.pnml,0.19999999999999996,0.4232786162717886,24
C:\projects\python\Anda\Stability_Java\src\main\resources\systems\RTFMS.xes,C:\projects\python\Anda\resources\models\RTFMS_1000_ORDERING_4.0_1_heuristics.pnml,0.48139175969355896,0.9394384234586475,64
C:\projects\python\Anda\Stability_Java\src\main\resources\systems\RTFMS.xes,C:\projects\python\Anda\resources\models\RTFMS_1000_ORDERING_4.0_1_inductive.pnml,0.39828503505662294,0.9999079240557612,34
C:\projects\python\Anda\Stability_Java\src\main\resources\systems\Sepsis.xes,C:\projects\python\Anda\resources\models\Sepsis_4000_ABSENCE_2.0_5_alpha.pnml,0.4426422388436003,0.26588961197193384,22
C:\projects\python\Anda\Stability_Java\src\main\resources\systems\Sepsis.xes,C:\projects\python\Anda\resources\models\Sepsis_4000_ABSENCE_2.0_5_heuristics.pnml,0.7692643845593591,0.8912845330163215,114
C:\projects\python\Anda\Stability_Java\src\main\resources\systems\Sepsis.xes,C:\projects\python\Anda\resources\models\Sepsis_4000_ABSENCE_2.0_5_inductive.pnml,0.2475336831655084,1.0,95
C:\projects\python\Anda\Stability_Java\src\main\resources\systems\Sepsis.xes,C:\projects\python\Anda\resources\models\Sepsis_100000_ORDERING_0.4_2_alpha.pnml,0.3126861226920786,0.1712798931726086,25
C:\projects\python\Anda\Stability_Java\src\main\resources\systems\Sepsis.xes,C:\projects\python\Anda\resources\models\Sepsis_100000_ORDERING_0.4_2_heuristics.pnml,0.5991537376586742,0.9009589347093534,113
C:\projects\python\Anda\Stability_Java\src\main\resources\systems\Sepsis.xes,C:\projects\python\Anda\resources\models\Sepsis_100000_ORDERING_0.4_2_inductive.pnml,0.2687859840277348,1.0,91
C:\projects\python\Anda\Stability_Java\src\main\resources\systems\RTFMS.xes,C:\projects\python\Anda\resources\models\RTFMS_4000_SUBSTITUTION_0.2_3_alpha.pnml,0.1428577535534894,0.4736755792947112,26
C:\projects\python\Anda\Stability_Java\src\main\resources\systems\RTFMS.xes,C:\projects\python\Anda\resources\models\RTFMS_4000_SUBSTITUTION_0.2_3_heuristics.pnml,0.4461235464295079,0.9316262214633008,73
C:\projects\python\Anda\Stability_Java\src\main\resources\systems\RTFMS.xes,C:\projects\python\Anda\resources\models\RTFMS_4000_SUBSTITUTION_0.2_3_inductive.pnml,0.3705715899102474,0.999955742567439,61
C:\projects\python\Anda\Stability_Java\src\main\resources\systems\Sepsis.xes,C:\projects\python\Anda\resources\models\Sepsis_4000_SUBSTITUTION_2.0_1_alpha.pnml,0.07480613017412474,0.15073077874785434,60
C:\projects\python\Anda\Stability_Java\src\main\resources\systems\Sepsis.xes,C:\projects\python\Anda\resources\models\Sepsis_4000_SUBSTITUTION_2.0_1_heuristics.pnml,0.30403669724770643,0.8818416561511508,172
C:\projects\python\Anda\Stability_Java\src\main\resources\systems\Sepsis.xes,C:\projects\python\Anda\resources\models\Sepsis_4000_SUBSTITUTION_2.0_1_inductive.pnml,0.07425800709018282,1.0,206
C:\projects\python\Anda\Stability_Java\src\main\resources\systems\Sepsis.xes,C:\projects\python\Anda\resources\models\Sepsis_40000_ABSENCE_0.2_3_alpha.pnml,0.4426422388436003,0.26588961197193384,22
C:\projects\python\Anda\Stability_Java\src\main\resources\systems\Sepsis.xes,C:\projects\python\Anda\resources\models\Sepsis_40000_ABSENCE_0.2_3_heuristics.pnml,0.7044386711624564,0.8972414060726303,107
C:\projects\python\Anda\Stability_Java\src\main\resources\systems\Sepsis.xes,C:\projects\python\Anda\resources\models\Sepsis_40000_ABSENCE_0.2_3_inductive.pnml,0.2475336831655084,1.0,95
C:\projects\python\Anda\Stability_Java\src\main\resources\systems\BPIC2012.xes,C:\projects\python\Anda\resources\models\BPIC2012_4000_MIXED_1.0_1_alpha.pnml,0.0,0.33268140038395955,48
C:\projects\python\Anda\Stability_Java\src\main\resources\systems\BPIC2012.xes,C:\projects\python\Anda\resources\models\BPIC2012_4000_MIXED_1.0_1_heuristics.pnml,0.22968126800654076,0.9807555929129034,146
C:\projects\python\Anda\Stability_Java\src\main\resources\systems\BPIC2012.xes,C:\projects\python\Anda\resources\models\BPIC2012_4000_MIXED_1.0_1_inductive.pnml,0.0790182459498292,0.9999774136619077,206
C:\projects\python\Anda\Stability_Java\src\main\resources\systems\RTFMS.xes,C:\projects\python\Anda\resources\models\RTFMS_100000_INSERTION_1.0_5_alpha.pnml,0.0012345679012345512,0.4208575928091651,485
C:\projects\python\Anda\Stability_Java\src\main\resources\systems\RTFMS.xes,C:\projects\python\Anda\resources\models\RTFMS_100000_INSERTION_1.0_5_heuristics.pnml,0.014232875155114844,0.9477410248788672,598
C:\projects\python\Anda\Stability_Java\src\main\resources\systems\RTFMS.xes,C:\projects\python\Anda\resources\models\RTFMS_100000_INSERTION_1.0_5_inductive.pnml,0.01719995876807101,1.0,608
C:\projects\python\Anda\Stability_Java\src\main\resources\systems\RTFMS.xes,C:\projects\python\Anda\resources\models\RTFMS_100000_INSERTION_4.0_4_alpha.pnml,0.00031152647975074554,0.42152341626807044,1849
C:\projects\python\Anda\Stability_Java\src\main\resources\systems\RTFMS.xes,C:\projects\python\Anda\resources\models\RTFMS_100000_INSERTION_4.0_4_heuristics.pnml,0.003800914906713415,0.9453982273839932,2058
C:\projects\python\Anda\Stability_Java\src\main\resources\systems\RTFMS.xes,C:\projects\python\Anda\resources\models\RTFMS_100000_INSERTION_4.0_4_inductive.pnml,0.004561859120553069,1.0,1972
C:\projects\python\Anda\Stability_Java\src\main\resources\systems\BPIC2012.xes,C:\projects\python\Anda\resources\models\BPIC2012_4000_MIXED_4.0_2_alpha.pnml,0.009803921568627416,0.20831991483573842,76
C:\projects\python\Anda\Stability_Java\src\main\resources\systems\BPIC2012.xes,C:\projects\python\Anda\resources\models\BPIC2012_4000_MIXED_4.0_2_heuristics.pnml,0.17442112590868109,0.982610034730055,190
C:\projects\python\Anda\Stability_Java\src\main\resources\systems\BPIC2012.xes,C:\projects\python\Anda\resources\models\BPIC2012_4000_MIXED_4.0_2_inductive.pnml,0.05113356091227539,0.9999883434529175,271
C:\projects\python\Anda\Stability_Java\src\main\resources\systems\BPIC2012.xes,C:\projects\python\Anda\resources\models\BPIC2012_20000_SUBSTITUTION_1.0_2_alpha.pnml,0.0,0.2825031922276665,147
C:\projects\python\Anda\Stability_Java\src\main\resources\systems\BPIC2012.xes,C:\projects\python\Anda\resources\models\BPIC2012_20000_SUBSTITUTION_1.0_2_heuristics.pnml,0.13956357214087378,0.9697877363816807,268
C:\projects\python\Anda\Stability_Java\src\main\resources\systems\BPIC2012.xes,C:\projects\python\Anda\resources\models\BPIC2012_20000_SUBSTITUTION_1.0_2_inductive.pnml,0.03494919971975985,1.0,418
C:\projects\python\Anda\Stability_Java\src\main\resources\systems\BPIC2012.xes,C:\projects\python\Anda\resources\models\BPIC2012_10000_ORDERING_4.0_4_alpha.pnml,0.04166666666666663,0.21414403934957504,39
C:\projects\python\Anda\Stability_Java\src\main\resources\systems\BPIC2012.xes,C:\projects\python\Anda\resources\models\BPIC2012_10000_ORDERING_4.0_4_heuristics.pnml,0.2886206534328485,0.9807319170571728,141
C:\projects\python\Anda\Stability_Java\src\main\resources\systems\BPIC2012.xes,C:\projects\python\Anda\resources\models\BPIC2012_10000_ORDERING_4.0_4_inductive.pnml,0.09618420639475689,0.9912718398312139,121
C:\projects\python\Anda\Stability_Java\src\main\resources\systems\BPIC2012.xes,C:\projects\python\Anda\resources\models\BPIC2012_20000_ABSENCE_1.0_1_alpha.pnml,0.032258064516129004,0.5523738655305817,37
C:\projects\python\Anda\Stability_Java\src\main\resources\systems\BPIC2012.xes,C:\projects\python\Anda\resources\models\BPIC2012_20000_ABSENCE_1.0_1_heuristics.pnml,0.3078578584769137,0.9753573308362281,132
C:\projects\python\Anda\Stability_Java\src\main\resources\systems\BPIC2012.xes,C:\projects\python\Anda\resources\models\BPIC2012_20000_ABSENCE_1.0_1_inductive.pnml,0.09280280427566234,0.9585504128946061,121
C:\projects\python\Anda\Stability_Java\src\main\resources\systems\RTFMS.xes,C:\projects\python\Anda\resources\models\RTFMS_4000_INSERTION_10.0_1_alpha.pnml,0.005165150952884834,0.4856788188975663,189
C:\projects\python\Anda\Stability_Java\src\main\resources\systems\RTFMS.xes,C:\projects\python\Anda\resources\models\RTFMS_4000_INSERTION_10.0_1_heuristics.pnml,0.03519890175327134,0.945232183250754,284
C:\projects\python\Anda\Stability_Java\src\main\resources\systems\RTFMS.xes,C:\projects\python\Anda\resources\models\RTFMS_4000_INSERTION_10.0_1_inductive.pnml,0.04190807725789314,0.9999996334350827,314
C:\projects\python\Anda\Stability_Java\src\main\resources\systems\BPIC2012.xes,C:\projects\python\Anda\resources\models\BPIC2012_40000_ABSENCE_1.0_3_alpha.pnml,0.032258064516129004,0.5575463218292243,38
C:\projects\python\Anda\Stability_Java\src\main\resources\systems\BPIC2012.xes,C:\projects\python\Anda\resources\models\BPIC2012_40000_ABSENCE_1.0_3_heuristics.pnml,0.3686083218339187,0.9770808835657954,126
C:\projects\python\Anda\Stability_Java\src\main\resources\systems\BPIC2012.xes,C:\projects\python\Anda\resources\models\BPIC2012_40000_ABSENCE_1.0_3_inductive.pnml,0.09280374845493766,0.9688576834500756,141
C:\projects\python\Anda\Stability_Java\src\main\resources\systems\RTFMS.xes,C:\projects\python\Anda\resources\models\RTFMS_40000_INSERTION_0.2_2_alpha.pnml,0.013157894736842146,0.5835512528104736,59
C:\projects\python\Anda\Stability_Java\src\main\resources\systems\RTFMS.xes,C:\projects\python\Anda\resources\models\RTFMS_40000_INSERTION_0.2_2_heuristics.pnml,0.11736423481074898,0.9458619399621361,114
C:\projects\python\Anda\Stability_Java\src\main\resources\systems\RTFMS.xes,C:\projects\python\Anda\resources\models\RTFMS_40000_INSERTION_0.2_2_inductive.pnml,0.1362364019928799,0.9999997713216283,151
C:\projects\python\Anda\Stability_Java\src\main\resources\systems\BPIC2012.xes,C:\projects\python\Anda\resources\models\BPIC2012_40000_ORDERING_0.2_2_alpha.pnml,0.045454545454545414,0.28657523472965696,38
C:\projects\python\Anda\Stability_Java\src\main\resources\systems\BPIC2012.xes,C:\projects\python\Anda\resources\models\BPIC2012_40000_ORDERING_0.2_2_heuristics.pnml,0.34945996843462956,0.977641901318185,134
C:\projects\python\Anda\Stability_Java\src\main\resources\systems\BPIC2012.xes,C:\projects\python\Anda\resources\models\BPIC2012_40000_ORDERING_0.2_2_inductive.pnml,0.10080420532603818,0.983674322100109,157
C:\projects\python\Anda\Stability_Java\src\main\resources\systems\Sepsis.xes,C:\projects\python\Anda\resources\models\Sepsis_40000_SUBSTITUTION_10.0_1_alpha.pnml,0.001683029453015461,0.12909571964249378,1878
C:\projects\python\Anda\Stability_Java\src\main\resources\systems\Sepsis.xes,C:\projects\python\Anda\resources\models\Sepsis_40000_SUBSTITUTION_10.0_1_heuristics.pnml,0.011713487887677565,0.8952404434129069,2132
C:\projects\python\Anda\Stability_Java\src\main\resources\systems\Sepsis.xes,C:\projects\python\Anda\resources\models\Sepsis_40000_SUBSTITUTION_10.0_1_inductive.pnml,0.0027947015829511423,1.0,2101
C:\projects\python\Anda\Stability_Java\src\main\resources\systems\BPIC2012.xes,C:\projects\python\Anda\resources\models\BPIC2012_100000_ABSENCE_4.0_3_alpha.pnml,0.032258064516129004,0.563414538505251,38
C:\projects\python\Anda\Stability_Java\src\main\resources\systems\BPIC2012.xes,C:\projects\python\Anda\resources\models\BPIC2012_100000_ABSENCE_4.0_3_heuristics.pnml,0.30221880130449674,0.9716766434083572,133
C:\projects\python\Anda\Stability_Java\src\main\resources\systems\BPIC2012.xes,C:\projects\python\Anda\resources\models\BPIC2012_100000_ABSENCE_4.0_3_inductive.pnml,0.11555249331607864,0.9910439085742351,111
C:\projects\python\Anda\Stability_Java\src\main\resources\systems\RTFMS.xes,C:\projects\python\Anda\resources\models\RTFMS_100000_ABSENCE_4.0_1_alpha.pnml,0.2857194427766927,0.5997061613854304,27
C:\projects\python\Anda\Stability_Java\src\main\resources\systems\RTFMS.xes,C:\projects\python\Anda\resources\models\RTFMS_100000_ABSENCE_4.0_1_heuristics.pnml,0.6953022642672068,0.9265814935803423,74
C:\projects\python\Anda\Stability_Java\src\main\resources\systems\RTFMS.xes,C:\projects\python\Anda\resources\models\RTFMS_100000_ABSENCE_4.0_1_inductive.pnml,0.41459041068084246,1.0,62
C:\projects\python\Anda\Stability_Java\src\main\resources\systems\RTFMS.xes,C:\projects\python\Anda\resources\models\RTFMS_4000_INSERTION_0.4_4_alpha.pnml,0.0,0.3484185352019539,34
C:\projects\python\Anda\Stability_Java\src\main\resources\systems\RTFMS.xes,C:\projects\python\Anda\resources\models\RTFMS_4000_INSERTION_0.4_4_heuristics.pnml,0.38452793011477715,0.9455341225528435,83
C:\projects\python\Anda\Stability_Java\src\main\resources\systems\RTFMS.xes,C:\projects\python\Anda\resources\models\RTFMS_4000_INSERTION_0.4_4_inductive.pnml,0.26842650660547496,1.0,84
C:\projects\python\Anda\Stability_Java\src\main\resources\systems\Sepsis.xes,C:\projects\python\Anda\resources\models\Sepsis_20000_ABSENCE_2.0_4_alpha.pnml,0.4439746300211417,0.2468446509069529,22
C:\projects\python\Anda\Stability_Java\src\main\resources\systems\Sepsis.xes,C:\projects\python\Anda\resources\models\Sepsis_20000_ABSENCE_2.0_4_heuristics.pnml,0.641716975340223,0.8943620202860255,109
C:\projects\python\Anda\Stability_Java\src\main\resources\systems\Sepsis.xes,C:\projects\python\Anda\resources\models\Sepsis_20000_ABSENCE_2.0_4_inductive.pnml,0.2475336831655084,1.0,95
C:\projects\python\Anda\Stability_Java\src\main\resources\systems\Sepsis.xes,C:\projects\python\Anda\resources\models\Sepsis_40000_ORDERING_1.0_4_alpha.pnml,0.3575685339690108,0.1449078747211603,24
C:\projects\python\Anda\Stability_Java\src\main\resources\systems\Sepsis.xes,C:\projects\python\Anda\resources\models\Sepsis_40000_ORDERING_1.0_4_heuristics.pnml,0.5999717527423379,0.8933938874764554,115
C:\projects\python\Anda\Stability_Java\src\main\resources\systems\Sepsis.xes,C:\projects\python\Anda\resources\models\Sepsis_40000_ORDERING_1.0_4_inductive.pnml,0.20036965857157307,1.0,97
C:\projects\python\Anda\Stability_Java\src\main\resources\systems\RTFMS.xes,C:\projects\python\Anda\resources\models\RTFMS_20000_SUBSTITUTION_10.0_5_alpha.pnml,0.0006468305304010435,0.4217879600893756,946
C:\projects\python\Anda\Stability_Java\src\main\resources\systems\RTFMS.xes,C:\projects\python\Anda\resources\models\RTFMS_20000_SUBSTITUTION_10.0_5_heuristics.pnml,0.005113222579293253,0.9305746686042247,1089
C:\projects\python\Anda\Stability_Java\src\main\resources\systems\RTFMS.xes,C:\projects\python\Anda\resources\models\RTFMS_20000_SUBSTITUTION_10.0_5_inductive.pnml,0.00800655344684964,1.0,1103
C:\projects\python\Anda\Stability_Java\src\main\resources\systems\Sepsis.xes,C:\projects\python\Anda\resources\models\Sepsis_10000_ABSENCE_10.0_4_alpha.pnml,0.4439746300211417,0.2713113947849354,23
C:\projects\python\Anda\Stability_Java\src\main\resources\systems\Sepsis.xes,C:\projects\python\Anda\resources\models\Sepsis_10000_ABSENCE_10.0_4_heuristics.pnml,0.6862627073301231,0.8872206384052985,114
C:\projects\python\Anda\Stability_Java\src\main\resources\systems\Sepsis.xes,C:\projects\python\Anda\resources\models\Sepsis_10000_ABSENCE_10.0_4_inductive.pnml,0.2475336831655084,1.0,95
C:\projects\python\Anda\Stability_Java\src\main\resources\systems\Sepsis.xes,C:\projects\python\Anda\resources\models\Sepsis_1000_MIXED_1.0_5_alpha.pnml,0.3012122711528946,0.17165979699555223,21
C:\projects\python\Anda\Stability_Java\src\main\resources\systems\Sepsis.xes,C:\projects\python\Anda\resources\models\Sepsis_1000_MIXED_1.0_5_heuristics.pnml,0.6340935902477389,0.9099023866914524,100
C:\projects\python\Anda\Stability_Java\src\main\resources\systems\Sepsis.xes,C:\projects\python\Anda\resources\models\Sepsis_1000_MIXED_1.0_5_inductive.pnml,0.26363482437932306,0.9999182277426863,105
C:\projects\python\Anda\Stability_Java\src\main\resources\systems\RTFMS.xes,C:\projects\python\Anda\resources\models\RTFMS_10000_MIXED_1.0_5_alpha.pnml,0.027027027027026973,0.47433465852417994,37
C:\projects\python\Anda\Stability_Java\src\main\resources\systems\RTFMS.xes,C:\projects\python\Anda\resources\models\RTFMS_10000_MIXED_1.0_5_heuristics.pnml,0.1846900471385643,0.9463968701057702,103
C:\projects\python\Anda\Stability_Java\src\main\resources\systems\RTFMS.xes,C:\projects\python\Anda\resources\models\RTFMS_10000_MIXED_1.0_5_inductive.pnml,0.19157609731836134,0.9999926364776275,122
C:\projects\python\Anda\Stability_Java\src\main\resources\systems\BPIC2012.xes,C:\projects\python\Anda\resources\models\BPIC2012_40000_SUBSTITUTION_0.4_2_alpha.pnml,0.0,0.2787452037051697,119
C:\projects\python\Anda\Stability_Java\src\main\resources\systems\BPIC2012.xes,C:\projects\python\Anda\resources\models\BPIC2012_40000_SUBSTITUTION_0.4_2_heuristics.pnml,0.1530727277596331,0.9718975028115744,236
C:\projects\python\Anda\Stability_Java\src\main\resources\systems\BPIC2012.xes,C:\projects\python\Anda\resources\models\BPIC2012_40000_SUBSTITUTION_0.4_2_inductive.pnml,0.0377205064512901,1.0,325
C:\projects\python\Anda\Stability_Java\src\main\resources\systems\BPIC2012.xes,C:\projects\python\Anda\resources\models\BPIC2012_20000_MIXED_10.0_3_alpha.pnml,0.0010256410256410664,0.09883092334070076,550
C:\projects\python\Anda\Stability_Java\src\main\resources\systems\BPIC2012.xes,C:\projects\python\Anda\resources\models\BPIC2012_20000_MIXED_10.0_3_heuristics.pnml,0.03488395829485247,0.9759584102650782,775
C:\projects\python\Anda\Stability_Java\src\main\resources\systems\BPIC2012.xes,C:\projects\python\Anda\resources\models\BPIC2012_20000_MIXED_10.0_3_inductive.pnml,0.00948308250412977,1.0,898
C:\projects\python\Anda\Stability_Java\src\main\resources\systems\Sepsis.xes,C:\projects\python\Anda\resources\models\Sepsis_100000_ABSENCE_0.4_4_alpha.pnml,0.4439746300211417,0.2468446509069529,22
C:\projects\python\Anda\Stability_Java\src\main\resources\systems\Sepsis.xes,C:\projects\python\Anda\resources\models\Sepsis_100000_ABSENCE_0.4_4_heuristics.pnml,0.6302670623145401,0.89721291069021,109
C:\projects\python\Anda\Stability_Java\src\main\resources\systems\Sepsis.xes,C:\projects\python\Anda\resources\models\Sepsis_100000_ABSENCE_0.4_4_inductive.pnml,0.2475336831655084,1.0,95
C:\projects\python\Anda\Stability_Java\src\main\resources\systems\RTFMS.xes,C:\projects\python\Anda\resources\models\RTFMS_40000_SUBSTITUTION_10.0_2_alpha.pnml,0.000310269934843288,0.422482580355136,1936
C:\projects\python\Anda\Stability_Java\src\main\resources\systems\RTFMS.xes,C:\projects\python\Anda\resources\models\RTFMS_40000_SUBSTITUTION_10.0_2_heuristics.pnml,0.0031345028062826907,0.935973391178176,2179
C:\projects\python\Anda\Stability_Java\src\main\resources\systems\RTFMS.xes,C:\projects\python\Anda\resources\models\RTFMS_40000_SUBSTITUTION_10.0_2_inductive.pnml,0.0038904796070904357,1.0,2089
C:\projects\python\Anda\Stability_Java\src\main\resources\systems\BPIC2012.xes,C:\projects\python\Anda\resources\models\BPIC2012_1000_MIXED_2.0_4_alpha.pnml,0.02564102564102566,0.5200813740929492,41
C:\projects\python\Anda\Stability_Java\src\main\resources\systems\BPIC2012.xes,C:\projects\python\Anda\resources\models\BPIC2012_1000_MIXED_2.0_4_heuristics.pnml,0.2884450243758868,0.9841114970842896,123
C:\projects\python\Anda\Stability_Java\src\main\resources\systems\BPIC2012.xes,C:\projects\python\Anda\resources\models\BPIC2012_1000_MIXED_2.0_4_inductive.pnml,0.08452693042356241,0.9999629629063598,178
C:\projects\python\Anda\Stability_Java\src\main\resources\systems\BPIC2012.xes,C:\projects\python\Anda\resources\models\BPIC2012_2000_SUBSTITUTION_4.0_5_alpha.pnml,0.00877192982456143,0.39586286702165724,79
C:\projects\python\Anda\Stability_Java\src\main\resources\systems\BPIC2012.xes,C:\projects\python\Anda\resources\models\BPIC2012_2000_SUBSTITUTION_4.0_5_heuristics.pnml,0.1781157572932902,0.9827652057376943,163
C:\projects\python\Anda\Stability_Java\src\main\resources\systems\BPIC2012.xes,C:\projects\python\Anda\resources\models\BPIC2012_2000_SUBSTITUTION_4.0_5_inductive.pnml,0.05230990313501127,0.99997301495347,258
C:\projects\python\Anda\Stability_Java\src\main\resources\systems\RTFMS.xes,C:\projects\python\Anda\resources\models\RTFMS_10000_SUBSTITUTION_2.0_3_alpha.pnml,0.006172839506172867,0.47498380203962015,116
C:\projects\python\Anda\Stability_Java\src\main\resources\systems\RTFMS.xes,C:\projects\python\Anda\resources\models\RTFMS_10000_SUBSTITUTION_2.0_3_heuristics.pnml,0.04334145216914498,0.9359475270725541,199
C:\projects\python\Anda\Stability_Java\src\main\resources\systems\RTFMS.xes,C:\projects\python\Anda\resources\models\RTFMS_10000_SUBSTITUTION_2.0_3_inductive.pnml,0.05944032259716381,0.99999128499462,211
C:\projects\python\Anda\Stability_Java\src\main\resources\systems\RTFMS.xes,C:\projects\python\Anda\resources\models\RTFMS_100000_ABSENCE_2.0_2_alpha.pnml,0.2857115715456878,0.6406532187867311,26
C:\projects\python\Anda\Stability_Java\src\main\resources\systems\RTFMS.xes,C:\projects\python\Anda\resources\models\RTFMS_100000_ABSENCE_2.0_2_heuristics.pnml,0.7157312159410937,0.9350228877579767,74
C:\projects\python\Anda\Stability_Java\src\main\resources\systems\RTFMS.xes,C:\projects\python\Anda\resources\models\RTFMS_100000_ABSENCE_2.0_2_inductive.pnml,0.41459041068084246,1.0,65
C:\projects\python\Anda\Stability_Java\src\main\resources\systems\BPIC2012.xes,C:\projects\python\Anda\resources\models\BPIC2012_20000_ORDERING_10.0_1_alpha.pnml,0.0,0.242725560943453,55
C:\projects\python\Anda\Stability_Java\src\main\resources\systems\BPIC2012.xes,C:\projects\python\Anda\resources\models\BPIC2012_20000_ORDERING_10.0_1_heuristics.pnml,0.31927301542590325,0.9681872782918957,160
C:\projects\python\Anda\Stability_Java\src\main\resources\systems\BPIC2012.xes,C:\projects\python\Anda\resources\models\BPIC2012_20000_ORDERING_10.0_1_inductive.pnml,0.09164891796464214,0.9999984481194699,106
C:\projects\python\Anda\Stability_Java\src\main\resources\systems\Sepsis.xes,C:\projects\python\Anda\resources\models\Sepsis_10000_INSERTION_4.0_1_alpha.pnml,0.01730583352285653,0.14681408165339815,216
C:\projects\python\Anda\Stability_Java\src\main\resources\systems\Sepsis.xes,C:\projects\python\Anda\resources\models\Sepsis_10000_INSERTION_4.0_1_heuristics.pnml,0.10442050063501163,0.8987785754212063,339
C:\projects\python\Anda\Stability_Java\src\main\resources\systems\Sepsis.xes,C:\projects\python\Anda\resources\models\Sepsis_10000_INSERTION_4.0_1_inductive.pnml,0.023685399015976327,1.0,397
C:\projects\python\Anda\Stability_Java\src\main\resources\systems\Sepsis.xes,C:\projects\python\Anda\resources\models\Sepsis_20000_INSERTION_1.0_5_alpha.pnml,0.03314927145952906,0.14663264113755142,119
C:\projects\python\Anda\Stability_Java\src\main\resources\systems\Sepsis.xes,C:\projects\python\Anda\resources\models\Sepsis_20000_INSERTION_1.0_5_heuristics.pnml,0.17184466019417477,0.898972308200449,226
C:\projects\python\Anda\Stability_Java\src\main\resources\systems\Sepsis.xes,C:\projects\python\Anda\resources\models\Sepsis_20000_INSERTION_1.0_5_inductive.pnml,0.044213327226650834,1.0,283
C:\projects\python\Anda\Stability_Java\src\main\resources\systems\Sepsis.xes,C:\projects\python\Anda\resources\models\Sepsis_40000_SUBSTITUTION_0.2_3_alpha.pnml,0.09976134555648153,0.15563331528679009,64
C:\projects\python\Anda\Stability_Java\src\main\resources\systems\Sepsis.xes,C:\projects\python\Anda\resources\models\Sepsis_40000_SUBSTITUTION_0.2_3_heuristics.pnml,0.31010317305820523,0.8928724868636881,154
C:\projects\python\Anda\Stability_Java\src\main\resources\systems\Sepsis.xes,C:\projects\python\Anda\resources\models\Sepsis_40000_SUBSTITUTION_0.2_3_inductive.pnml,0.07418882542295346,1.0,227
C:\projects\python\Anda\Stability_Java\src\main\resources\systems\BPIC2012.xes,C:\projects\python\Anda\resources\models\BPIC2012_40000_INSERTION_0.1_1_alpha.pnml,0.06192126897205075,0.5382009295377412,49
C:\projects\python\Anda\Stability_Java\src\main\resources\systems\BPIC2012.xes,C:\projects\python\Anda\resources\models\BPIC2012_40000_INSERTION_0.1_1_heuristics.pnml,0.28966594596754025,0.9784117411176061,143
C:\projects\python\Anda\Stability_Java\src\main\resources\systems\BPIC2012.xes,C:\projects\python\Anda\resources\models\BPIC2012_40000_INSERTION_0.1_1_inductive.pnml,0.10986500916281594,1.0,197
C:\projects\python\Anda\Stability_Java\src\main\resources\systems\Sepsis.xes,C:\projects\python\Anda\resources\models\Sepsis_2000_INSERTION_1.0_5_alpha.pnml,0.24098645680819908,0.14723164783160536,31
C:\projects\python\Anda\Stability_Java\src\main\resources\systems\Sepsis.xes,C:\projects\python\Anda\resources\models\Sepsis_2000_INSERTION_1.0_5_heuristics.pnml,0.5443882991052802,0.9099923429877419,128
C:\projects\python\Anda\Stability_Java\src\main\resources\systems\Sepsis.xes,C:\projects\python\Anda\resources\models\Sepsis_2000_INSERTION_1.0_5_inductive.pnml,0.15404390934844192,1.0,112
C:\projects\python\Anda\Stability_Java\src\main\resources\systems\BPIC2012.xes,C:\projects\python\Anda\resources\models\BPIC2012_20000_MIXED_1.0_5_alpha.pnml,0.009803921568627416,0.23314858569310326,89
C:\projects\python\Anda\Stability_Java\src\main\resources\systems\BPIC2012.xes,C:\projects\python\Anda\resources\models\BPIC2012_20000_MIXED_1.0_5_heuristics.pnml,0.1810255940732577,0.9724943538619377,202
C:\projects\python\Anda\Stability_Java\src\main\resources\systems\BPIC2012.xes,C:\projects\python\Anda\resources\models\BPIC2012_20000_MIXED_1.0_5_inductive.pnml,0.0424058141353425,1.0,305
C:\projects\python\Anda\Stability_Java\src\main\resources\systems\BPIC2012.xes,C:\projects\python\Anda\resources\models\BPIC2012_40000_MIXED_0.1_3_alpha.pnml,0.0,0.3975249948109543,54
C:\projects\python\Anda\Stability_Java\src\main\resources\systems\BPIC2012.xes,C:\projects\python\Anda\resources\models\BPIC2012_40000_MIXED_0.1_3_heuristics.pnml,0.27746255537093956,0.9805168909243034,146
C:\projects\python\Anda\Stability_Java\src\main\resources\systems\BPIC2012.xes,C:\projects\python\Anda\resources\models\BPIC2012_40000_MIXED_0.1_3_inductive.pnml,0.06921970531062704,1.0,217
C:\projects\python\Anda\Stability_Java\src\main\resources\systems\BPIC2012.xes,C:\projects\python\Anda\resources\models\BPIC2012_40000_MIXED_2.0_3_alpha.pnml,0.0027472527472527375,0.10877028290860885,228
C:\projects\python\Anda\Stability_Java\src\main\resources\systems\BPIC2012.xes,C:\projects\python\Anda\resources\models\BPIC2012_40000_MIXED_2.0_3_heuristics.pnml,0.07753639442501381,0.9775610737957412,398
C:\projects\python\Anda\Stability_Java\src\main\resources\systems\BPIC2012.xes,C:\projects\python\Anda\resources\models\BPIC2012_40000_MIXED_2.0_3_inductive.pnml,0.019807011251025686,1.0,445
C:\projects\python\Anda\Stability_Java\src\main\resources\systems\Sepsis.xes,C:\projects\python\Anda\resources\models\Sepsis_40000_SUBSTITUTION_0.1_4_alpha.pnml,0.1422502896344926,0.18185363211954902,37
C:\projects\python\Anda\Stability_Java\src\main\resources\systems\Sepsis.xes,C:\projects\python\Anda\resources\models\Sepsis_40000_SUBSTITUTION_0.1_4_heuristics.pnml,0.5095765524411212,0.89721291069021,122
C:\projects\python\Anda\Stability_Java\src\main\resources\systems\Sepsis.xes,C:\projects\python\Anda\resources\models\Sepsis_40000_SUBSTITUTION_0.1_4_inductive.pnml,0.13342470170912613,1.0,152
C:\projects\python\Anda\Stability_Java\src\main\resources\systems\BPIC2012.xes,C:\projects\python\Anda\resources\models\BPIC2012_100000_MIXED_0.1_3_alpha.pnml,0.012820512820512775,0.2501064741981416,55
C:\projects\python\Anda\Stability_Java\src\main\resources\systems\BPIC2012.xes,C:\projects\python\Anda\resources\models\BPIC2012_100000_MIXED_0.1_3_heuristics.pnml,0.20794167138672837,0.9745403383959359,172
C:\projects\python\Anda\Stability_Java\src\main\resources\systems\BPIC2012.xes,C:\projects\python\Anda\resources\models\BPIC2012_100000_MIXED_0.1_3_inductive.pnml,0.06520552006522473,0.9977037335828784,255
C:\projects\python\Anda\Stability_Java\src\main\resources\systems\RTFMS.xes,C:\projects\python\Anda\resources\models\RTFMS_1000_MIXED_0.4_4_alpha.pnml,0.19999999999999996,0.5361323230406156,25
C:\projects\python\Anda\Stability_Java\src\main\resources\systems\RTFMS.xes,C:\projects\python\Anda\resources\models\RTFMS_1000_MIXED_0.4_4_heuristics.pnml,0.6463130230306384,0.9349753415734445,58
C:\projects\python\Anda\Stability_Java\src\main\resources\systems\RTFMS.xes,C:\projects\python\Anda\resources\models\RTFMS_1000_MIXED_0.4_4_inductive.pnml,0.4152763613284005,0.9998607548536225,64
C:\projects\python\Anda\Stability_Java\src\main\resources\systems\Sepsis.xes,C:\projects\python\Anda\resources\models\Sepsis_2000_SUBSTITUTION_2.0_2_alpha.pnml,0.14960909737029138,0.2199511905458919,45
C:\projects\python\Anda\Stability_Java\src\main\resources\systems\Sepsis.xes,C:\projects\python\Anda\resources\models\Sepsis_2000_SUBSTITUTION_2.0_2_heuristics.pnml,0.38542266978070305,0.9064871065879015,143
C:\projects\python\Anda\Stability_Java\src\main\resources\systems\Sepsis.xes,C:\projects\python\Anda\resources\models\Sepsis_2000_SUBSTITUTION_2.0_2_inductive.pnml,0.12657078542171885,1.0,174
C:\projects\python\Anda\Stability_Java\src\main\resources\systems\Sepsis.xes,C:\projects\python\Anda\resources\models\Sepsis_20000_MIXED_0.4_4_alpha.pnml,0.13572264645226018,0.2027277123275022,42
C:\projects\python\Anda\Stability_Java\src\main\resources\systems\Sepsis.xes,C:\projects\python\Anda\resources\models\Sepsis_20000_MIXED_0.4_4_heuristics.pnml,0.4072216008947116,0.8935080234425254,136
C:\projects\python\Anda\Stability_Java\src\main\resources\systems\Sepsis.xes,C:\projects\python\Anda\resources\models\Sepsis_20000_MIXED_0.4_4_inductive.pnml,0.10657964160787914,1.0,182
C:\projects\python\Anda\Stability_Java\src\main\resources\systems\Sepsis.xes,C:\projects\python\Anda\resources\models\Sepsis_4000_MIXED_10.0_4_alpha.pnml,0.036067840126397854,0.13453014590580709,118
C:\projects\python\Anda\Stability_Java\src\main\resources\systems\Sepsis.xes,C:\projects\python\Anda\resources\models\Sepsis_4000_MIXED_10.0_4_heuristics.pnml,0.15987465405397494,0.8983797223460304,231
C:\projects\python\Anda\Stability_Java\src\main\resources\systems\Sepsis.xes,C:\projects\python\Anda\resources\models\Sepsis_4000_MIXED_10.0_4_inductive.pnml,0.041950969071808175,1.0,284
C:\projects\python\Anda\Stability_Java\src\main\resources\systems\BPIC2012.xes,C:\projects\python\Anda\resources\models\BPIC2012_40000_ORDERING_0.4_3_alpha.pnml,0.0,0.20995081270623855,38
C:\projects\python\Anda\Stability_Java\src\main\resources\systems\BPIC2012.xes,C:\projects\python\Anda\resources\models\BPIC2012_40000_ORDERING_0.4_3_heuristics.pnml,0.35076866442725607,0.9796490365951405,132
C:\projects\python\Anda\Stability_Java\src\main\resources\systems\BPIC2012.xes,C:\projects\python\Anda\resources\models\BPIC2012_40000_ORDERING_0.4_3_inductive.pnml,0.08989665506467426,1.0,133
C:\projects\python\Anda\Stability_Java\src\main\resources\systems\RTFMS.xes,C:\projects\python\Anda\resources\models\RTFMS_10000_SUBSTITUTION_4.0_1_alpha.pnml,0.0029850746268657025,0.44775055291342886,215
C:\projects\python\Anda\Stability_Java\src\main\resources\systems\RTFMS.xes,C:\projects\python\Anda\resources\models\RTFMS_10000_SUBSTITUTION_4.0_1_heuristics.pnml,0.02953549739117367,0.9358948321958185,309
C:\projects\python\Anda\Stability_Java\src\main\resources\systems\RTFMS.xes,C:\projects\python\Anda\resources\models\RTFMS_10000_SUBSTITUTION_4.0_1_inductive.pnml,0.03480030908989873,0.9999994562242386,330
C:\projects\python\Anda\Stability_Java\src\main\resources\systems\RTFMS.xes,C:\projects\python\Anda\resources\models\RTFMS_40000_ORDERING_0.2_3_alpha.pnml,0.3333388749056547,0.31249495826001933,22
C:\projects\python\Anda\Stability_Java\src\main\resources\systems\RTFMS.xes,C:\projects\python\Anda\resources\models\RTFMS_40000_ORDERING_0.2_3_heuristics.pnml,0.4503293738316254,0.9368104919741855,75
C:\projects\python\Anda\Stability_Java\src\main\resources\systems\RTFMS.xes,C:\projects\python\Anda\resources\models\RTFMS_40000_ORDERING_0.2_3_inductive.pnml,0.41459033128873835,1.0,71
C:\projects\python\Anda\Stability_Java\src\main\resources\systems\Sepsis.xes,C:\projects\python\Anda\resources\models\Sepsis_100000_MIXED_1.0_4_alpha.pnml,0.012658227848101222,0.12923975814145539,266
C:\projects\python\Anda\Stability_Java\src\main\resources\systems\Sepsis.xes,C:\projects\python\Anda\resources\models\Sepsis_100000_MIXED_1.0_4_heuristics.pnml,0.07374302277968148,0.9026165458896109,393
C:\projects\python\Anda\Stability_Java\src\main\resources\systems\Sepsis.xes,C:\projects\python\Anda\resources\models\Sepsis_100000_MIXED_1.0_4_inductive.pnml,0.01924017322064553,1.0,451
C:\projects\python\Anda\Stability_Java\src\main\resources\systems\RTFMS.xes,C:\projects\python\Anda\resources\models\RTFMS_40000_INSERTION_0.2_3_alpha.pnml,0.052440437742841906,0.581676186845507,57
C:\projects\python\Anda\Stability_Java\src\main\resources\systems\RTFMS.xes,C:\projects\python\Anda\resources\models\RTFMS_40000_INSERTION_0.2_3_heuristics.pnml,0.14526834130386712,0.9458959079728883,112
C:\projects\python\Anda\Stability_Java\src\main\resources\systems\RTFMS.xes,C:\projects\python\Anda\resources\models\RTFMS_40000_INSERTION_0.2_3_inductive.pnml,0.13752521488711833,1.0,117
C:\projects\python\Anda\Stability_Java\src\main\resources\systems\BPIC2012.xes,C:\projects\python\Anda\resources\models\BPIC2012_100000_ORDERING_4.0_1_alpha.pnml,0.0,0.18763712884098704,54
C:\projects\python\Anda\Stability_Java\src\main\resources\systems\BPIC2012.xes,C:\projects\python\Anda\resources\models\BPIC2012_100000_ORDERING_4.0_1_heuristics.pnml,0.2903690358046741,0.9751460463021102,175
C:\projects\python\Anda\Stability_Java\src\main\resources\systems\BPIC2012.xes,C:\projects\python\Anda\resources\models\BPIC2012_100000_ORDERING_4.0_1_inductive.pnml,0.09647174075486542,1.0,99
C:\projects\python\Anda\Stability_Java\src\main\resources\systems\Sepsis.xes,C:\projects\python\Anda\resources\models\Sepsis_1000_SUBSTITUTION_0.1_4_alpha.pnml,0.3962538758463583,0.24104736592894777,24
C:\projects\python\Anda\Stability_Java\src\main\resources\systems\Sepsis.xes,C:\projects\python\Anda\resources\models\Sepsis_1000_SUBSTITUTION_0.1_4_heuristics.pnml,0.6658064516129032,0.9099023866914524,99
C:\projects\python\Anda\Stability_Java\src\main\resources\systems\Sepsis.xes,C:\projects\python\Anda\resources\models\Sepsis_1000_SUBSTITUTION_0.1_4_inductive.pnml,0.2332130735722494,0.9999345465814194,95
C:\projects\python\Anda\Stability_Java\src\main\resources\systems\Sepsis.xes,C:\projects\python\Anda\resources\models\Sepsis_4000_MIXED_0.1_5_alpha.pnml,0.3463433118605532,0.20759729935842663,20
C:\projects\python\Anda\Stability_Java\src\main\resources\systems\Sepsis.xes,C:\projects\python\Anda\resources\models\Sepsis_4000_MIXED_0.1_5_heuristics.pnml,0.7811300424270995,0.8856196503602701,117
C:\projects\python\Anda\Stability_Java\src\main\resources\systems\Sepsis.xes,C:\projects\python\Anda\resources\models\Sepsis_4000_MIXED_0.1_5_inductive.pnml,0.24436454465520818,1.0,99
C:\projects\python\Anda\Stability_Java\src\main\resources\systems\BPIC2012.xes,C:\projects\python\Anda\resources\models\BPIC2012_1000_ORDERING_4.0_5_alpha.pnml,0.0357142857142857,0.26073721326029203,33
C:\projects\python\Anda\Stability_Java\src\main\resources\systems\BPIC2012.xes,C:\projects\python\Anda\resources\models\BPIC2012_1000_ORDERING_4.0_5_heuristics.pnml,0.30330787102813106,0.9871929058977453,126
C:\projects\python\Anda\Stability_Java\src\main\resources\systems\BPIC2012.xes,C:\projects\python\Anda\resources\models\BPIC2012_1000_ORDERING_4.0_5_inductive.pnml,0.10490828694013932,0.9720470028223805,132
C:\projects\python\Anda\Stability_Java\src\main\resources\systems\RTFMS.xes,C:\projects\python\Anda\resources\models\RTFMS_100000_MIXED_0.2_5_alpha.pnml,0.0322581164135296,0.4512801641851106,46
C:\projects\python\Anda\Stability_Java\src\main\resources\systems\RTFMS.xes,C:\projects\python\Anda\resources\models\RTFMS_100000_MIXED_0.2_5_heuristics.pnml,0.15194599642546047,0.9482576056334735,119
C:\projects\python\Anda\Stability_Java\src\main\resources\systems\RTFMS.xes,C:\projects\python\Anda\resources\models\RTFMS_100000_MIXED_0.2_5_inductive.pnml,0.11922286908789737,0.9999996863069645,159
C:\projects\python\Anda\Stability_Java\src\main\resources\systems\BPIC2012.xes,C:\projects\python\Anda\resources\models\BPIC2012_4000_MIXED_4.0_3_alpha.pnml,0.009708737864077666,0.2199912010259083,70
C:\projects\python\Anda\Stability_Java\src\main\resources\systems\BPIC2012.xes,C:\projects\python\Anda\resources\models\BPIC2012_4000_MIXED_4.0_3_heuristics.pnml,0.18066621045401154,0.9781795544306788,192
C:\projects\python\Anda\Stability_Java\src\main\resources\systems\BPIC2012.xes,C:\projects\python\Anda\resources\models\BPIC2012_4000_MIXED_4.0_3_inductive.pnml,0.05250113918745891,0.9999697941448444,245
C:\projects\python\Anda\Stability_Java\src\main\resources\systems\BPIC2012.xes,C:\projects\python\Anda\resources\models\BPIC2012_40000_SUBSTITUTION_4.0_4_alpha.pnml,0.0006468305304010435,0.10752810907454075,844
C:\projects\python\Anda\Stability_Java\src\main\resources\systems\BPIC2012.xes,C:\projects\python\Anda\resources\models\BPIC2012_40000_SUBSTITUTION_4.0_4_heuristics.pnml,0.022523594613521825,0.9739491384726502,1083
C:\projects\python\Anda\Stability_Java\src\main\resources\systems\BPIC2012.xes,C:\projects\python\Anda\resources\models\BPIC2012_40000_SUBSTITUTION_4.0_4_inductive.pnml,0.00632887558901718,1.0,1192
C:\projects\python\Anda\Stability_Java\src\main\resources\systems\RTFMS.xes,C:\projects\python\Anda\resources\models\RTFMS_10000_ORDERING_0.1_4_alpha.pnml,0.33333333333333337,0.46277556866306785,30
C:\projects\python\Anda\Stability_Java\src\main\resources\systems\RTFMS.xes,C:\projects\python\Anda\resources\models\RTFMS_10000_ORDERING_0.1_4_heuristics.pnml,0.6713810207259989,0.9326862596807455,67
C:\projects\python\Anda\Stability_Java\src\main\resources\systems\RTFMS.xes,C:\projects\python\Anda\resources\models\RTFMS_10000_ORDERING_0.1_4_inductive.pnml,0.3814134495367104,0.9999922790095707,36
C:\projects\python\Anda\Stability_Java\src\main\resources\systems\BPIC2012.xes,C:\projects\python\Anda\resources\models\BPIC2012_2000_ABSENCE_0.2_2_alpha.pnml,0.032258064516129004,0.5112589605011784,34
C:\projects\python\Anda\Stability_Java\src\main\resources\systems\BPIC2012.xes,C:\projects\python\Anda\resources\models\BPIC2012_2000_ABSENCE_0.2_2_heuristics.pnml,0.2948961695871287,0.9822255027715899,106
C:\projects\python\Anda\Stability_Java\src\main\resources\systems\BPIC2012.xes,C:\projects\python\Anda\resources\models\BPIC2012_2000_ABSENCE_0.2_2_inductive.pnml,0.12919841975300128,0.9674207156821671,138
C:\projects\python\Anda\Stability_Java\src\main\resources\systems\BPIC2012.xes,C:\projects\python\Anda\resources\models\BPIC2012_10000_ABSENCE_1.0_1_alpha.pnml,0.032258064516129004,0.5424698256645475,36
C:\projects\python\Anda\Stability_Java\src\main\resources\systems\BPIC2012.xes,C:\projects\python\Anda\resources\models\BPIC2012_10000_ABSENCE_1.0_1_heuristics.pnml,0.3102990488728815,0.9799783525690495,126
C:\projects\python\Anda\Stability_Java\src\main\resources\systems\BPIC2012.xes,C:\projects\python\Anda\resources\models\BPIC2012_10000_ABSENCE_1.0_1_inductive.pnml,0.10926068969551894,0.9798683752472784,139
C:\projects\python\Anda\Stability_Java\src\main\resources\systems\BPIC2012.xes,C:\projects\python\Anda\resources\models\BPIC2012_10000_INSERTION_1.0_4_alpha.pnml,0.007352941176470562,0.4297410565228579,91
C:\projects\python\Anda\Stability_Java\src\main\resources\systems\BPIC2012.xes,C:\projects\python\Anda\resources\models\BPIC2012_10000_INSERTION_1.0_4_heuristics.pnml,0.16196791574355474,0.9813776532760283,196
C:\projects\python\Anda\Stability_Java\src\main\resources\systems\BPIC2012.xes,C:\projects\python\Anda\resources\models\BPIC2012_10000_INSERTION_1.0_4_inductive.pnml,0.05046142298486622,1.0,294
C:\projects\python\Anda\Stability_Java\src\main\resources\systems\Sepsis.xes,C:\projects\python\Anda\resources\models\Sepsis_100000_ABSENCE_2.0_3_alpha.pnml,0.4897388059701493,0.2478320647764068,22
C:\projects\python\Anda\Stability_Java\src\main\resources\systems\Sepsis.xes,C:\projects\python\Anda\resources\models\Sepsis_100000_ABSENCE_2.0_3_heuristics.pnml,0.6862627073301231,0.886548615447584,114
C:\projects\python\Anda\Stability_Java\src\main\resources\systems\Sepsis.xes,C:\projects\python\Anda\resources\models\Sepsis_100000_ABSENCE_2.0_3_inductive.pnml,0.2475336831655084,1.0,95
C:\projects\python\Anda\Stability_Java\src\main\resources\systems\BPIC2012.xes,C:\projects\python\Anda\resources\models\BPIC2012_4000_ORDERING_10.0_4_alpha.pnml,0.04166666666666663,0.21414403934957504,39
C:\projects\python\Anda\Stability_Java\src\main\resources\systems\BPIC2012.xes,C:\projects\python\Anda\resources\models\BPIC2012_4000_ORDERING_10.0_4_heuristics.pnml,0.27970248233795836,0.9736829381171586,144
C:\projects\python\Anda\Stability_Java\src\main\resources\systems\BPIC2012.xes,C:\projects\python\Anda\resources\models\BPIC2012_4000_ORDERING_10.0_4_inductive.pnml,0.09821492058006143,0.9878834737358364,123
C:\projects\python\Anda\Stability_Java\src\main\resources\systems\BPIC2012.xes,C:\projects\python\Anda\resources\models\BPIC2012_10000_ORDERING_1.0_3_alpha.pnml,0.03448275862068961,0.3580310668655203,38
C:\projects\python\Anda\Stability_Java\src\main\resources\systems\BPIC2012.xes,C:\projects\python\Anda\resources\models\BPIC2012_10000_ORDERING_1.0_3_heuristics.pnml,0.26834937299688477,0.9775260887749339,125
C:\projects\python\Anda\Stability_Java\src\main\resources\systems\BPIC2012.xes,C:\projects\python\Anda\resources\models\BPIC2012_10000_ORDERING_1.0_3_inductive.pnml,0.09166987418025163,0.9995825421475124,128
C:\projects\python\Anda\Stability_Java\src\main\resources\systems\BPIC2012.xes,C:\projects\python\Anda\resources\models\BPIC2012_4000_MIXED_0.1_2_alpha.pnml,0.02941176470588236,0.5187001528195528,36
C:\projects\python\Anda\Stability_Java\src\main\resources\systems\BPIC2012.xes,C:\projects\python\Anda\resources\models\BPIC2012_4000_MIXED_0.1_2_heuristics.pnml,0.2623659234872092,0.9798589242710677,126
C:\projects\python\Anda\Stability_Java\src\main\resources\systems\BPIC2012.xes,C:\projects\python\Anda\resources\models\BPIC2012_4000_MIXED_0.1_2_inductive.pnml,0.11208775764149204,0.9949314352867039,149
C:\projects\python\Anda\Stability_Java\src\main\resources\systems\Sepsis.xes,C:\projects\python\Anda\resources\models\Sepsis_100000_SUBSTITUTION_1.0_3_alpha.pnml,0.007189097372165887,0.1353914130891189,518
C:\projects\python\Anda\Stability_Java\src\main\resources\systems\Sepsis.xes,C:\projects\python\Anda\resources\models\Sepsis_100000_SUBSTITUTION_1.0_3_heuristics.pnml,0.042157949855233134,0.9016615542506186,653
C:\projects\python\Anda\Stability_Java\src\main\resources\systems\Sepsis.xes,C:\projects\python\Anda\resources\models\Sepsis_100000_SUBSTITUTION_1.0_3_inductive.pnml,0.009359520428074641,1.0,722
C:\projects\python\Anda\Stability_Java\src\main\resources\systems\RTFMS.xes,C:\projects\python\Anda\resources\models\RTFMS_1000_SUBSTITUTION_10.0_1_alpha.pnml,0.011494252873563204,0.5159505631277455,64
C:\projects\python\Anda\Stability_Java\src\main\resources\systems\RTFMS.xes,C:\projects\python\Anda\resources\models\RTFMS_1000_SUBSTITUTION_10.0_1_heuristics.pnml,0.09418005685111885,0.9382341522032418,132
C:\projects\python\Anda\Stability_Java\src\main\resources\systems\RTFMS.xes,C:\projects\python\Anda\resources\models\RTFMS_1000_SUBSTITUTION_10.0_1_inductive.pnml,0.09948456848989762,0.9999491741794271,151
C:\projects\python\Anda\Stability_Java\src\main\resources\systems\RTFMS.xes,C:\projects\python\Anda\resources\models\RTFMS_1000_ABSENCE_2.0_4_alpha.pnml,0.5,0.650273975006214,30
C:\projects\python\Anda\Stability_Java\src\main\resources\systems\RTFMS.xes,C:\projects\python\Anda\resources\models\RTFMS_1000_ABSENCE_2.0_4_heuristics.pnml,0.6975083372228763,0.9349812317067085,58
C:\projects\python\Anda\Stability_Java\src\main\resources\systems\RTFMS.xes,C:\projects\python\Anda\resources\models\RTFMS_1000_ABSENCE_2.0_4_inductive.pnml,0.449453322654366,0.9998085066511757,52
C:\projects\python\Anda\Stability_Java\src\main\resources\systems\RTFMS.xes,C:\projects\python\Anda\resources\models\RTFMS_10000_INSERTION_10.0_4_alpha.pnml,0.0011862396204033177,0.42294010469465126,493
C:\projects\python\Anda\Stability_Java\src\main\resources\systems\RTFMS.xes,C:\projects\python\Anda\resources\models\RTFMS_10000_INSERTION_10.0_4_heuristics.pnml,0.01224348107226636,0.9454476130631764,610
C:\projects\python\Anda\Stability_Java\src\main\resources\systems\RTFMS.xes,C:\projects\python\Anda\resources\models\RTFMS_10000_INSERTION_10.0_4_inductive.pnml,0.01632574628553607,0.9999996499453739,617
C:\projects\python\Anda\Stability_Java\src\main\resources\systems\BPIC2012.xes,C:\projects\python\Anda\resources\models\BPIC2012_1000_ORDERING_0.2_3_alpha.pnml,0.033333333333333326,0.4709923267686918,34
C:\projects\python\Anda\Stability_Java\src\main\resources\systems\BPIC2012.xes,C:\projects\python\Anda\resources\models\BPIC2012_1000_ORDERING_0.2_3_heuristics.pnml,0.3104494577652057,0.9840447784341055,115
C:\projects\python\Anda\Stability_Java\src\main\resources\systems\BPIC2012.xes,C:\projects\python\Anda\resources\models\BPIC2012_1000_ORDERING_0.2_3_inductive.pnml,0.10423014377767448,0.9926871294046191,137
C:\projects\python\Anda\Stability_Java\src\main\resources\systems\Sepsis.xes,C:\projects\python\Anda\resources\models\Sepsis_10000_INSERTION_0.4_4_alpha.pnml,0.1389989434759641,0.24846431532373525,55
C:\projects\python\Anda\Stability_Java\src\main\resources\systems\Sepsis.xes,C:\projects\python\Anda\resources\models\Sepsis_10000_INSERTION_0.4_4_heuristics.pnml,0.4209830866807611,0.8941871562898949,136
C:\projects\python\Anda\Stability_Java\src\main\resources\systems\Sepsis.xes,C:\projects\python\Anda\resources\models\Sepsis_10000_INSERTION_0.4_4_inductive.pnml,0.09809250828977689,1.0,147
C:\projects\python\Anda\Stability_Java\src\main\resources\systems\Sepsis.xes,C:\projects\python\Anda\resources\models\Sepsis_100000_ABSENCE_0.1_4_alpha.pnml,0.4426422388436003,0.26588961197193384,22
C:\projects\python\Anda\Stability_Java\src\main\resources\systems\Sepsis.xes,C:\projects\python\Anda\resources\models\Sepsis_100000_ABSENCE_0.1_4_heuristics.pnml,0.7189613665023501,0.8941883128747489,107
C:\projects\python\Anda\Stability_Java\src\main\resources\systems\Sepsis.xes,C:\projects\python\Anda\resources\models\Sepsis_100000_ABSENCE_0.1_4_inductive.pnml,0.2475336831655084,1.0,95
C:\projects\python\Anda\Stability_Java\src\main\resources\systems\Sepsis.xes,C:\projects\python\Anda\resources\models\Sepsis_4000_SUBSTITUTION_0.1_4_alpha.pnml,0.3531582920895898,0.25449376430792897,26
C:\projects\python\Anda\Stability_Java\src\main\resources\systems\Sepsis.xes,C:\projects\python\Anda\resources\models\Sepsis_4000_SUBSTITUTION_0.1_4_heuristics.pnml,0.7481295149638802,0.8863294630422768,121
C:\projects\python\Anda\Stability_Java\src\main\resources\systems\Sepsis.xes,C:\projects\python\Anda\resources\models\Sepsis_4000_SUBSTITUTION_0.1_4_inductive.pnml,0.18852299509178572,1.0,106
C:\projects\python\Anda\Stability_Java\src\main\resources\systems\Sepsis.xes,C:\projects\python\Anda\resources\models\Sepsis_100000_ORDERING_1.0_4_alpha.pnml,0.2964426877470355,0.12751404119844328,26
C:\projects\python\Anda\Stability_Java\src\main\resources\systems\Sepsis.xes,C:\projects\python\Anda\resources\models\Sepsis_100000_ORDERING_1.0_4_heuristics.pnml,0.5509314514036636,0.8782776733722943,126
C:\projects\python\Anda\Stability_Java\src\main\resources\systems\Sepsis.xes,C:\projects\python\Anda\resources\models\Sepsis_100000_ORDERING_1.0_4_inductive.pnml,0.19713117531455415,1.0,51
C:\projects\python\Anda\Stability_Java\src\main\resources\systems\Sepsis.xes,C:\projects\python\Anda\resources\models\Sepsis_10000_MIXED_10.0_3_alpha.pnml,0.012195121951219523,0.12979658545846467,274
C:\projects\python\Anda\Stability_Java\src\main\resources\systems\Sepsis.xes,C:\projects\python\Anda\resources\models\Sepsis_10000_MIXED_10.0_3_heuristics.pnml,0.07341917459614955,0.8953423959477302,406
C:\projects\python\Anda\Stability_Java\src\main\resources\systems\Sepsis.xes,C:\projects\python\Anda\resources\models\Sepsis_10000_MIXED_10.0_3_inductive.pnml,0.01811490263561577,1.0,466
C:\projects\python\Anda\Stability_Java\src\main\resources\systems\RTFMS.xes,C:\projects\python\Anda\resources\models\RTFMS_40000_ABSENCE_0.2_4_alpha.pnml,0.6666400686229528,0.61203114371204,28
C:\projects\python\Anda\Stability_Java\src\main\resources\systems\RTFMS.xes,C:\projects\python\Anda\resources\models\RTFMS_40000_ABSENCE_0.2_4_heuristics.pnml,0.6718081725522518,0.9321341744267713,69
C:\projects\python\Anda\Stability_Java\src\main\resources\systems\RTFMS.xes,C:\projects\python\Anda\resources\models\RTFMS_40000_ABSENCE_0.2_4_inductive.pnml,0.4399848800770628,1.0,62
C:\projects\python\Anda\Stability_Java\src\main\resources\systems\Sepsis.xes,C:\projects\python\Anda\resources\models\Sepsis_40000_SUBSTITUTION_0.1_2_alpha.pnml,0.14960909737029138,0.26330384046338345,46
C:\projects\python\Anda\Stability_Java\src\main\resources\systems\Sepsis.xes,C:\projects\python\Anda\resources\models\Sepsis_40000_SUBSTITUTION_0.1_2_heuristics.pnml,0.3872614561808678,0.8932754362093287,134
C:\projects\python\Anda\Stability_Java\src\main\resources\systems\Sepsis.xes,C:\projects\python\Anda\resources\models\Sepsis_40000_SUBSTITUTION_0.1_2_inductive.pnml,0.12657078542171885,1.0,174
C:\projects\python\Anda\Stability_Java\src\main\resources\systems\BPIC2012.xes,C:\projects\python\Anda\resources\models\BPIC2012_100000_ORDERING_0.1_3_alpha.pnml,0.03448275862068961,0.3580310668655203,38
C:\projects\python\Anda\Stability_Java\src\main\resources\systems\BPIC2012.xes,C:\projects\python\Anda\resources\models\BPIC2012_100000_ORDERING_0.1_3_heuristics.pnml,0.2629612801937179,0.9739030862908621,130
C:\projects\python\Anda\Stability_Java\src\main\resources\systems\BPIC2012.xes,C:\projects\python\Anda\resources\models\BPIC2012_100000_ORDERING_0.1_3_inductive.pnml,0.0923088417681106,0.9979284052975816,130
C:\projects\python\Anda\Stability_Java\src\main\resources\systems\Sepsis.xes,C:\projects\python\Anda\resources\models\Sepsis_2000_MIXED_0.2_2_alpha.pnml,0.4426050420168067,0.23947726385374474,22
C:\projects\python\Anda\Stability_Java\src\main\resources\systems\Sepsis.xes,C:\projects\python\Anda\resources\models\Sepsis_2000_MIXED_0.2_2_heuristics.pnml,0.7073244187447296,0.9138685353783417,111
C:\projects\python\Anda\Stability_Java\src\main\resources\systems\Sepsis.xes,C:\projects\python\Anda\resources\models\Sepsis_2000_MIXED_0.2_2_inductive.pnml,0.25762075419340746,1.0,89
C:\projects\python\Anda\Stability_Java\src\main\resources\systems\RTFMS.xes,C:\projects\python\Anda\resources\models\RTFMS_1000_SUBSTITUTION_0.4_4_alpha.pnml,0.6562400621492078,0.6937175529337201,30
C:\projects\python\Anda\Stability_Java\src\main\resources\systems\RTFMS.xes,C:\projects\python\Anda\resources\models\RTFMS_1000_SUBSTITUTION_0.4_4_heuristics.pnml,0.5697143697870393,0.9283267324184588,58
C:\projects\python\Anda\Stability_Java\src\main\resources\systems\RTFMS.xes,C:\projects\python\Anda\resources\models\RTFMS_1000_SUBSTITUTION_0.4_4_inductive.pnml,0.37044592205020443,0.9998171101498956,55
C:\projects\python\Anda\Stability_Java\src\main\resources\systems\BPIC2012.xes,C:\projects\python\Anda\resources\models\BPIC2012_40000_INSERTION_0.4_4_alpha.pnml,0.006134969325153339,0.30074295195254325,124
C:\projects\python\Anda\Stability_Java\src\main\resources\systems\BPIC2012.xes,C:\projects\python\Anda\resources\models\BPIC2012_40000_INSERTION_0.4_4_heuristics.pnml,0.15593793088747254,0.981433041844858,228
C:\projects\python\Anda\Stability_Java\src\main\resources\systems\BPIC2012.xes,C:\projects\python\Anda\resources\models\BPIC2012_40000_INSERTION_0.4_4_inductive.pnml,0.04646141910033119,1.0,308
C:\projects\python\Anda\Stability_Java\src\main\resources\systems\BPIC2012.xes,C:\projects\python\Anda\resources\models\BPIC2012_10000_SUBSTITUTION_1.0_1_alpha.pnml,0.008620689655172376,0.42887707295257493,91
C:\projects\python\Anda\Stability_Java\src\main\resources\systems\BPIC2012.xes,C:\projects\python\Anda\resources\models\BPIC2012_10000_SUBSTITUTION_1.0_1_heuristics.pnml,0.17478610164674468,0.9734589109454586,181
C:\projects\python\Anda\Stability_Java\src\main\resources\systems\BPIC2012.xes,C:\projects\python\Anda\resources\models\BPIC2012_10000_SUBSTITUTION_1.0_1_inductive.pnml,0.0416339143645752,0.9865400435147234,269
C:\projects\python\Anda\Stability_Java\src\main\resources\systems\BPIC2012.xes,C:\projects\python\Anda\resources\models\BPIC2012_2000_ORDERING_0.1_2_alpha.pnml,0.10502453133720147,0.5586479208127507,34
C:\projects\python\Anda\Stability_Java\src\main\resources\systems\BPIC2012.xes,C:\projects\python\Anda\resources\models\BPIC2012_2000_ORDERING_0.1_2_heuristics.pnml,0.29748148088602355,0.9822255027715899,104
C:\projects\python\Anda\Stability_Java\src\main\resources\systems\BPIC2012.xes,C:\projects\python\Anda\resources\models\BPIC2012_2000_ORDERING_0.1_2_inductive.pnml,0.1298022126247832,0.9671744095013992,134
C:\projects\python\Anda\Stability_Java\src\main\resources\systems\RTFMS.xes,C:\projects\python\Anda\resources\models\RTFMS_1000_SUBSTITUTION_0.1_3_alpha.pnml,0.7959307923389242,0.6960316341571908,28
C:\projects\python\Anda\Stability_Java\src\main\resources\systems\RTFMS.xes,C:\projects\python\Anda\resources\models\RTFMS_1000_SUBSTITUTION_0.1_3_heuristics.pnml,0.8202574488478702,0.9280834610129489,53
C:\projects\python\Anda\Stability_Java\src\main\resources\systems\RTFMS.xes,C:\projects\python\Anda\resources\models\RTFMS_1000_SUBSTITUTION_0.1_3_inductive.pnml,0.6738158502342009,0.9998128115504955,50
C:\projects\python\Anda\Stability_Java\src\main\resources\systems\RTFMS.xes,C:\projects\python\Anda\resources\models\RTFMS_2000_SUBSTITUTION_1.0_2_alpha.pnml,0.04347826086956519,0.48082138064305174,31
C:\projects\python\Anda\Stability_Java\src\main\resources\systems\RTFMS.xes,C:\projects\python\Anda\resources\models\RTFMS_2000_SUBSTITUTION_1.0_2_heuristics.pnml,0.28235308137009685,0.9371116079596431,84
C:\projects\python\Anda\Stability_Java\src\main\resources\systems\RTFMS.xes,C:\projects\python\Anda\resources\models\RTFMS_2000_SUBSTITUTION_1.0_2_inductive.pnml,0.22644648840895043,0.9999599750135691,98
C:\projects\python\Anda\Stability_Java\src\main\resources\systems\RTFMS.xes,C:\projects\python\Anda\resources\models\RTFMS_2000_SUBSTITUTION_0.1_5_alpha.pnml,0.8836570684555235,0.6959373295256057,27
C:\projects\python\Anda\Stability_Java\src\main\resources\systems\RTFMS.xes,C:\projects\python\Anda\resources\models\RTFMS_2000_SUBSTITUTION_0.1_5_heuristics.pnml,0.9991609884341456,0.9259726232246591,63
C:\projects\python\Anda\Stability_Java\src\main\resources\systems\RTFMS.xes,C:\projects\python\Anda\resources\models\RTFMS_2000_SUBSTITUTION_0.1_5_inductive.pnml,0.7169875880359537,0.9999025010343221,54
C:\projects\python\Anda\Stability_Java\src\main\resources\systems\BPIC2012.xes,C:\projects\python\Anda\resources\models\BPIC2012_40000_INSERTION_2.0_3_alpha.pnml,0.0014265335235378318,0.10706173207441483,392
C:\projects\python\Anda\Stability_Java\src\main\resources\systems\BPIC2012.xes,C:\projects\python\Anda\resources\models\BPIC2012_40000_INSERTION_2.0_3_heuristics.pnml,0.049741816868632216,0.9781752450136294,576
C:\projects\python\Anda\Stability_Java\src\main\resources\systems\BPIC2012.xes,C:\projects\python\Anda\resources\models\BPIC2012_40000_INSERTION_2.0_3_inductive.pnml,0.013773489061802091,1.0,719
C:\projects\python\Anda\Stability_Java\src\main\resources\systems\RTFMS.xes,C:\projects\python\Anda\resources\models\RTFMS_2000_SUBSTITUTION_0.4_5_alpha.pnml,0.49261918998426213,0.698141967210313,29
C:\projects\python\Anda\Stability_Java\src\main\resources\systems\RTFMS.xes,C:\projects\python\Anda\resources\models\RTFMS_2000_SUBSTITUTION_0.4_5_heuristics.pnml,0.5639583459863529,0.9270871734819699,69
C:\projects\python\Anda\Stability_Java\src\main\resources\systems\RTFMS.xes,C:\projects\python\Anda\resources\models\RTFMS_2000_SUBSTITUTION_0.4_5_inductive.pnml,0.3719969942917488,0.9999341136809139,75
C:\projects\python\Anda\Stability_Java\src\main\resources\systems\Sepsis.xes,C:\projects\python\Anda\resources\models\Sepsis_1000_SUBSTITUTION_1.0_4_alpha.pnml,0.297171602126044,0.1973674075929831,28
C:\projects\python\Anda\Stability_Java\src\main\resources\systems\Sepsis.xes,C:\projects\python\Anda\resources\models\Sepsis_1000_SUBSTITUTION_1.0_4_heuristics.pnml,0.5789308317249428,0.9095822028743625,104
C:\projects\python\Anda\Stability_Java\src\main\resources\systems\Sepsis.xes,C:\projects\python\Anda\resources\models\Sepsis_1000_SUBSTITUTION_1.0_4_inductive.pnml,0.17239619999841793,0.999984300919966,94
C:\projects\python\Anda\Stability_Java\src\main\resources\systems\RTFMS.xes,C:\projects\python\Anda\resources\models\RTFMS_1000_ORDERING_0.1_4_alpha.pnml,0.7959307923389242,0.7024815374928981,28
C:\projects\python\Anda\Stability_Java\src\main\resources\systems\RTFMS.xes,C:\projects\python\Anda\resources\models\RTFMS_1000_ORDERING_0.1_4_heuristics.pnml,0.9954366694077896,0.9158026519749201,52
C:\projects\python\Anda\Stability_Java\src\main\resources\systems\RTFMS.xes,C:\projects\python\Anda\resources\models\RTFMS_1000_ORDERING_0.1_4_inductive.pnml,0.6736436215687736,0.9998234248808487,52
C:\projects\python\Anda\Stability_Java\src\main\resources\systems\BPIC2012.xes,C:\projects\python\Anda\resources\models\BPIC2012_2000_INSERTION_0.4_1_alpha.pnml,0.08688548950935338,0.5123207110188823,38
C:\projects\python\Anda\Stability_Java\src\main\resources\systems\BPIC2012.xes,C:\projects\python\Anda\resources\models\BPIC2012_2000_INSERTION_0.4_1_heuristics.pnml,0.2838869579170308,0.9822255027715899,107
C:\projects\python\Anda\Stability_Java\src\main\resources\systems\BPIC2012.xes,C:\projects\python\Anda\resources\models\BPIC2012_2000_INSERTION_0.4_1_inductive.pnml,0.09901099321720164,0.9956732331535911,155
C:\projects\python\Anda\Stability_Java\src\main\resources\systems\BPIC2012.xes,C:\projects\python\Anda\resources\models\BPIC2012_2000_INSERTION_0.1_1_alpha.pnml,0.09898490659939418,0.5285026046233764,33
C:\projects\python\Anda\Stability_Java\src\main\resources\systems\BPIC2012.xes,C:\projects\python\Anda\resources\models\BPIC2012_2000_INSERTION_0.1_1_heuristics.pnml,0.29748148088602355,0.9822255027715899,104
C:\projects\python\Anda\Stability_Java\src\main\resources\systems\BPIC2012.xes,C:\projects\python\Anda\resources\models\BPIC2012_2000_INSERTION_0.1_1_inductive.pnml,0.12919841975300128,0.9674338233816042,137
C:\projects\python\Anda\Stability_Java\src\main\resources\systems\Sepsis.xes,C:\projects\python\Anda\resources\models\Sepsis_20000_INSERTION_0.1_2_alpha.pnml,0.24145044466856147,0.1414845077764459,28
C:\projects\python\Anda\Stability_Java\src\main\resources\systems\Sepsis.xes,C:\projects\python\Anda\resources\models\Sepsis_20000_INSERTION_0.1_2_heuristics.pnml,0.5868344717881538,0.8944749231221183,116
C:\projects\python\Anda\Stability_Java\src\main\resources\systems\Sepsis.xes,C:\projects\python\Anda\resources\models\Sepsis_20000_INSERTION_0.1_2_inductive.pnml,0.18185077264901683,1.0,133
C:\projects\python\Anda\Stability_Java\src\main\resources\systems\Sepsis.xes,C:\projects\python\Anda\resources\models\Sepsis_40000_SUBSTITUTION_4.0_4_alpha.pnml,0.004149377593360981,0.12902440043796026,772
C:\projects\python\Anda\Stability_Java\src\main\resources\systems\Sepsis.xes,C:\projects\python\Anda\resources\models\Sepsis_40000_SUBSTITUTION_4.0_4_heuristics.pnml,0.028194191253252177,0.8970909179598776,920
C:\projects\python\Anda\Stability_Java\src\main\resources\systems\Sepsis.xes,C:\projects\python\Anda\resources\models\Sepsis_40000_SUBSTITUTION_4.0_4_inductive.pnml,0.006597064416703935,1.0,974
C:\projects\python\Anda\Stability_Java\src\main\resources\systems\RTFMS.xes,C:\projects\python\Anda\resources\models\RTFMS_20000_ABSENCE_2.0_1_alpha.pnml,0.5,0.6297079081261633,27
C:\projects\python\Anda\Stability_Java\src\main\resources\systems\RTFMS.xes,C:\projects\python\Anda\resources\models\RTFMS_20000_ABSENCE_2.0_1_heuristics.pnml,0.6717019199834231,0.9331999291660539,63
C:\projects\python\Anda\Stability_Java\src\main\resources\systems\RTFMS.xes,C:\projects\python\Anda\resources\models\RTFMS_20000_ABSENCE_2.0_1_inductive.pnml,0.4838523894789444,0.9999990793872033,41
C:\projects\python\Anda\Stability_Java\src\main\resources\systems\Sepsis.xes,C:\projects\python\Anda\resources\models\Sepsis_4000_ABSENCE_0.4_2_alpha.pnml,0.44411590774689536,0.25309060879378503,22
C:\projects\python\Anda\Stability_Java\src\main\resources\systems\Sepsis.xes,C:\projects\python\Anda\resources\models\Sepsis_4000_ABSENCE_0.4_2_heuristics.pnml,0.7295427385370149,0.8856196503602701,118
C:\projects\python\Anda\Stability_Java\src\main\resources\systems\Sepsis.xes,C:\projects\python\Anda\resources\models\Sepsis_4000_ABSENCE_0.4_2_inductive.pnml,0.24663821609247383,1.0,94
C:\projects\python\Anda\Stability_Java\src\main\resources\systems\Sepsis.xes,C:\projects\python\Anda\resources\models\Sepsis_2000_MIXED_0.4_2_alpha.pnml,0.44182535022229674,0.23947726385374474,24
C:\projects\python\Anda\Stability_Java\src\main\resources\systems\Sepsis.xes,C:\projects\python\Anda\resources\models\Sepsis_2000_MIXED_0.4_2_heuristics.pnml,0.6574291792632404,0.9138685353783417,113
C:\projects\python\Anda\Stability_Java\src\main\resources\systems\Sepsis.xes,C:\projects\python\Anda\resources\models\Sepsis_2000_MIXED_0.4_2_inductive.pnml,0.1924873638974861,1.0,105
C:\projects\python\Anda\Stability_Java\src\main\resources\systems\Sepsis.xes,C:\projects\python\Anda\resources\models\Sepsis_1000_INSERTION_0.4_2_alpha.pnml,0.42500339351160576,0.23095872135492707,24
C:\projects\python\Anda\Stability_Java\src\main\resources\systems\Sepsis.xes,C:\projects\python\Anda\resources\models\Sepsis_1000_INSERTION_0.4_2_heuristics.pnml,0.6123030187962788,0.9099580507668398,100
C:\projects\python\Anda\Stability_Java\src\main\resources\systems\Sepsis.xes,C:\projects\python\Anda\resources\models\Sepsis_1000_INSERTION_0.4_2_inductive.pnml,0.20488659968230993,0.9999567641605835,83
C:\projects\python\Anda\Stability_Java\src\main\resources\systems\BPIC2012.xes,C:\projects\python\Anda\resources\models\BPIC2012_10000_INSERTION_0.2_4_alpha.pnml,0.07596920064519752,0.5041208152656689,37
C:\projects\python\Anda\Stability_Java\src\main\resources\systems\BPIC2012.xes,C:\projects\python\Anda\resources\models\BPIC2012_10000_INSERTION_0.2_4_heuristics.pnml,0.2385584812449909,0.9800602481387853,132
C:\projects\python\Anda\Stability_Java\src\main\resources\systems\BPIC2012.xes,C:\projects\python\Anda\resources\models\BPIC2012_10000_INSERTION_0.2_4_inductive.pnml,0.1258758918879742,0.9973569297625282,229
C:\projects\python\Anda\Stability_Java\src\main\resources\systems\BPIC2012.xes,C:\projects\python\Anda\resources\models\BPIC2012_2000_MIXED_0.4_2_alpha.pnml,0.02631578947368418,0.563388058822802,37
C:\projects\python\Anda\Stability_Java\src\main\resources\systems\BPIC2012.xes,C:\projects\python\Anda\resources\models\BPIC2012_2000_MIXED_0.4_2_heuristics.pnml,0.27816004404709627,0.9827422557791248,113
C:\projects\python\Anda\Stability_Java\src\main\resources\systems\BPIC2012.xes,C:\projects\python\Anda\resources\models\BPIC2012_2000_MIXED_0.4_2_inductive.pnml,0.09128714671043847,0.9971795476744911,183
C:\projects\python\Anda\Stability_Java\src\main\resources\systems\Sepsis.xes,C:\projects\python\Anda\resources\models\Sepsis_4000_INSERTION_0.1_3_alpha.pnml,0.40442872520375206,0.2329396226691024,26
C:\projects\python\Anda\Stability_Java\src\main\resources\systems\Sepsis.xes,C:\projects\python\Anda\resources\models\Sepsis_4000_INSERTION_0.1_3_heuristics.pnml,0.7697770108839925,0.8856196503602701,120
C:\projects\python\Anda\Stability_Java\src\main\resources\systems\Sepsis.xes,C:\projects\python\Anda\resources\models\Sepsis_4000_INSERTION_0.1_3_inductive.pnml,0.1907458575728952,1.0,108
C:\projects\python\Anda\Stability_Java\src\main\resources\systems\Sepsis.xes,C:\projects\python\Anda\resources\models\Sepsis_1000_ABSENCE_0.2_5_alpha.pnml,0.39660523149027804,0.24104736592894777,23
C:\projects\python\Anda\Stability_Java\src\main\resources\systems\Sepsis.xes,C:\projects\python\Anda\resources\models\Sepsis_1000_ABSENCE_0.2_5_heuristics.pnml,0.6784117801735472,0.9099023866914524,98
C:\projects\python\Anda\Stability_Java\src\main\resources\systems\Sepsis.xes,C:\projects\python\Anda\resources\models\Sepsis_1000_ABSENCE_0.2_5_inductive.pnml,0.25382928347459843,0.9999318710164926,91
C:\projects\python\Anda\Stability_Java\src\main\resources\systems\BPIC2012.xes,C:\projects\python\Anda\resources\models\BPIC2012_20000_ORDERING_0.4_2_alpha.pnml,0.045454545454545414,0.28657523472965696,38
C:\projects\python\Anda\Stability_Java\src\main\resources\systems\BPIC2012.xes,C:\projects\python\Anda\resources\models\BPIC2012_20000_ORDERING_0.4_2_heuristics.pnml,0.2981335255201464,0.9804416877362064,141
C:\projects\python\Anda\Stability_Java\src\main\resources\systems\BPIC2012.xes,C:\projects\python\Anda\resources\models\BPIC2012_20000_ORDERING_0.4_2_inductive.pnml,0.10080420532603818,0.983674322100109,157
C:\projects\python\Anda\Stability_Java\src\main\resources\systems\BPIC2012.xes,C:\projects\python\Anda\resources\models\BPIC2012_20000_INSERTION_1.0_5_alpha.pnml,0.018128259581273287,0.2670389843637655,127
C:\projects\python\Anda\Stability_Java\src\main\resources\systems\BPIC2012.xes,C:\projects\python\Anda\resources\models\BPIC2012_20000_INSERTION_1.0_5_heuristics.pnml,0.136023213786594,0.9740206603888966,251
C:\projects\python\Anda\Stability_Java\src\main\resources\systems\BPIC2012.xes,C:\projects\python\Anda\resources\models\BPIC2012_20000_INSERTION_1.0_5_inductive.pnml,0.04239348964359546,1.0,356
C:\projects\python\Anda\Stability_Java\src\main\resources\systems\Sepsis.xes,C:\projects\python\Anda\resources\models\Sepsis_4000_SUBSTITUTION_0.4_5_alpha.pnml,0.24799050364592168,0.2008595842656528,28
C:\projects\python\Anda\Stability_Java\src\main\resources\systems\Sepsis.xes,C:\projects\python\Anda\resources\models\Sepsis_4000_SUBSTITUTION_0.4_5_heuristics.pnml,0.6076274294096076,0.8856196503602701,123
C:\projects\python\Anda\Stability_Java\src\main\resources\systems\Sepsis.xes,C:\projects\python\Anda\resources\models\Sepsis_4000_SUBSTITUTION_0.4_5_inductive.pnml,0.17033878413269699,1.0,106
C:\projects\python\Anda\Stability_Java\src\main\resources\systems\BPIC2012.xes,C:\projects\python\Anda\resources\models\BPIC2012_1000_MIXED_10.0_4_alpha.pnml,0.012820512820512775,0.2818708516085072,60
C:\projects\python\Anda\Stability_Java\src\main\resources\systems\BPIC2012.xes,C:\projects\python\Anda\resources\models\BPIC2012_1000_MIXED_10.0_4_heuristics.pnml,0.21776092574776396,0.9782057920993444,156
C:\projects\python\Anda\Stability_Java\src\main\resources\systems\BPIC2012.xes,C:\projects\python\Anda\resources\models\BPIC2012_1000_MIXED_10.0_4_inductive.pnml,0.0747845714579689,0.9933404718439298,240
C:\projects\python\Anda\Stability_Java\src\main\resources\systems\BPIC2012.xes,C:\projects\python\Anda\resources\models\BPIC2012_20000_INSERTION_1.0_2_alpha.pnml,0.00520833333333337,0.17191169308384507,125
C:\projects\python\Anda\Stability_Java\src\main\resources\systems\BPIC2012.xes,C:\projects\python\Anda\resources\models\BPIC2012_20000_INSERTION_1.0_2_heuristics.pnml,0.1300990905806293,0.9745511407946723,244
C:\projects\python\Anda\Stability_Java\src\main\resources\systems\BPIC2012.xes,C:\projects\python\Anda\resources\models\BPIC2012_20000_INSERTION_1.0_2_inductive.pnml,0.036679951232467034,1.0,295
C:\projects\python\Anda\Stability_Java\src\main\resources\systems\Sepsis.xes,C:\projects\python\Anda\resources\models\Sepsis_40000_MIXED_4.0_5_alpha.pnml,0.0078125,0.1295163681573812,416
C:\projects\python\Anda\Stability_Java\src\main\resources\systems\Sepsis.xes,C:\projects\python\Anda\resources\models\Sepsis_40000_MIXED_4.0_5_heuristics.pnml,0.05180839184662267,0.902521820881349,543
C:\projects\python\Anda\Stability_Java\src\main\resources\systems\Sepsis.xes,C:\projects\python\Anda\resources\models\Sepsis_40000_MIXED_4.0_5_inductive.pnml,0.011813096742910978,1.0,611
C:\projects\python\Anda\Stability_Java\src\main\resources\systems\Sepsis.xes,C:\projects\python\Anda\resources\models\Sepsis_100000_INSERTION_2.0_4_alpha.pnml,0.0032948929159802853,0.137420772847216,967
C:\projects\python\Anda\Stability_Java\src\main\resources\systems\Sepsis.xes,C:\projects\python\Anda\resources\models\Sepsis_100000_INSERTION_2.0_4_heuristics.pnml,0.023134000405652055,0.9025215282443797,1127
C:\projects\python\Anda\Stability_Java\src\main\resources\systems\Sepsis.xes,C:\projects\python\Anda\resources\models\Sepsis_100000_INSERTION_2.0_4_inductive.pnml,0.005745205142165366,1.0,1188
C:\projects\python\Anda\Stability_Java\src\main\resources\systems\BPIC2012.xes,C:\projects\python\Anda\resources\models\BPIC2012_4000_MIXED_4.0_5_alpha.pnml,0.011494252873563204,0.2054833379659411,79
C:\projects\python\Anda\Stability_Java\src\main\resources\systems\BPIC2012.xes,C:\projects\python\Anda\resources\models\BPIC2012_4000_MIXED_4.0_5_heuristics.pnml,0.19055378040185278,0.9725003025512005,194
C:\projects\python\Anda\Stability_Java\src\main\resources\systems\BPIC2012.xes,C:\projects\python\Anda\resources\models\BPIC2012_4000_MIXED_4.0_5_inductive.pnml,0.04600896789117437,0.9999790433955815,304
C:\projects\python\Anda\Stability_Java\src\main\resources\systems\BPIC2012.xes,C:\projects\python\Anda\resources\models\BPIC2012_2000_SUBSTITUTION_4.0_2_alpha.pnml,0.0,0.44656505617912606,79
C:\projects\python\Anda\Stability_Java\src\main\resources\systems\BPIC2012.xes,C:\projects\python\Anda\resources\models\BPIC2012_2000_SUBSTITUTION_4.0_2_heuristics.pnml,0.19897771931386465,0.9803127861304282,161
C:\projects\python\Anda\Stability_Java\src\main\resources\systems\BPIC2012.xes,C:\projects\python\Anda\resources\models\BPIC2012_2000_SUBSTITUTION_4.0_2_inductive.pnml,0.052213045042538764,0.999957236570032,313
C:\projects\python\Anda\Stability_Java\src\main\resources\systems\BPIC2012.xes,C:\projects\python\Anda\resources\models\BPIC2012_20000_MIXED_10.0_1_alpha.pnml,0.0010845986984815426,0.10252276126250348,507
C:\projects\python\Anda\Stability_Java\src\main\resources\systems\BPIC2012.xes,C:\projects\python\Anda\resources\models\BPIC2012_20000_MIXED_10.0_1_heuristics.pnml,0.03702635763443107,0.9758200960599954,695
C:\projects\python\Anda\Stability_Java\src\main\resources\systems\BPIC2012.xes,C:\projects\python\Anda\resources\models\BPIC2012_20000_MIXED_10.0_1_inductive.pnml,0.009008753816219683,1.0,840
C:\projects\python\Anda\Stability_Java\src\main\resources\systems\RTFMS.xes,C:\projects\python\Anda\resources\models\RTFMS_10000_ABSENCE_0.4_2_alpha.pnml,0.5,0.48512564684892784,32
C:\projects\python\Anda\Stability_Java\src\main\resources\systems\RTFMS.xes,C:\projects\python\Anda\resources\models\RTFMS_10000_ABSENCE_0.4_2_heuristics.pnml,0.6713810207259989,0.9327117027037443,67
C:\projects\python\Anda\Stability_Java\src\main\resources\systems\RTFMS.xes,C:\projects\python\Anda\resources\models\RTFMS_10000_ABSENCE_0.4_2_inductive.pnml,0.37554792702748174,0.9999926814151399,49
C:\projects\python\Anda\Stability_Java\src\main\resources\systems\BPIC2012.xes,C:\projects\python\Anda\resources\models\BPIC2012_20000_MIXED_2.0_3_alpha.pnml,0.0046948356807511304,0.1228720083484105,139
C:\projects\python\Anda\Stability_Java\src\main\resources\systems\BPIC2012.xes,C:\projects\python\Anda\resources\models\BPIC2012_20000_MIXED_2.0_3_heuristics.pnml,0.11171343435537484,0.9748802249997053,287
C:\projects\python\Anda\Stability_Java\src\main\resources\systems\BPIC2012.xes,C:\projects\python\Anda\resources\models\BPIC2012_20000_MIXED_2.0_3_inductive.pnml,0.03828477283822396,1.0,314
C:\projects\python\Anda\Stability_Java\src\main\resources\systems\RTFMS.xes,C:\projects\python\Anda\resources\models\RTFMS_100000_ABSENCE_4.0_2_alpha.pnml,0.2857115715456878,0.6406532187867311,26
C:\projects\python\Anda\Stability_Java\src\main\resources\systems\RTFMS.xes,C:\projects\python\Anda\resources\models\RTFMS_100000_ABSENCE_4.0_2_heuristics.pnml,0.6953101954556659,0.9319796421232371,74
C:\projects\python\Anda\Stability_Java\src\main\resources\systems\RTFMS.xes,C:\projects\python\Anda\resources\models\RTFMS_100000_ABSENCE_4.0_2_inductive.pnml,0.41459041068084246,1.0,65
C:\projects\python\Anda\Stability_Java\src\main\resources\systems\Sepsis.xes,C:\projects\python\Anda\resources\models\Sepsis_20000_INSERTION_2.0_5_alpha.pnml,0.0170127042164957,0.1399822915785527,229
C:\projects\python\Anda\Stability_Java\src\main\resources\systems\Sepsis.xes,C:\projects\python\Anda\resources\models\Sepsis_20000_INSERTION_2.0_5_heuristics.pnml,0.09280580254735327,0.8987409467482244,348
C:\projects\python\Anda\Stability_Java\src\main\resources\systems\Sepsis.xes,C:\projects\python\Anda\resources\models\Sepsis_20000_INSERTION_2.0_5_inductive.pnml,0.023312758224033114,1.0,391
C:\projects\python\Anda\Stability_Java\src\main\resources\systems\BPIC2012.xes,C:\projects\python\Anda\resources\models\BPIC2012_40000_MIXED_0.4_4_alpha.pnml,0.01098901098901095,0.3080937476618198,78
C:\projects\python\Anda\Stability_Java\src\main\resources\systems\BPIC2012.xes,C:\projects\python\Anda\resources\models\BPIC2012_40000_MIXED_0.4_4_heuristics.pnml,0.1917089304600319,0.9806451606253942,176
C:\projects\python\Anda\Stability_Java\src\main\resources\systems\BPIC2012.xes,C:\projects\python\Anda\resources\models\BPIC2012_40000_MIXED_0.4_4_inductive.pnml,0.0587116340039302,0.9883692878876931,263
C:\projects\python\Anda\Stability_Java\src\main\resources\systems\RTFMS.xes,C:\projects\python\Anda\resources\models\RTFMS_100000_MIXED_10.0_3_alpha.pnml,0.0002557544757033625,0.42195146590041754,2301
C:\projects\python\Anda\Stability_Java\src\main\resources\systems\RTFMS.xes,C:\projects\python\Anda\resources\models\RTFMS_100000_MIXED_10.0_3_heuristics.pnml,0.0032706815053479277,0.94542124259326,2509
C:\projects\python\Anda\Stability_Java\src\main\resources\systems\RTFMS.xes,C:\projects\python\Anda\resources\models\RTFMS_100000_MIXED_10.0_3_inductive.pnml,0.003031285024471919,1.0,2467
C:\projects\python\Anda\Stability_Java\src\main\resources\systems\Sepsis.xes,C:\projects\python\Anda\resources\models\Sepsis_10000_INSERTION_0.1_3_alpha.pnml,0.2982853903925181,0.2490746806913643,34
C:\projects\python\Anda\Stability_Java\src\main\resources\systems\Sepsis.xes,C:\projects\python\Anda\resources\models\Sepsis_10000_INSERTION_0.1_3_heuristics.pnml,0.6180107657242617,0.8975149735718785,125
C:\projects\python\Anda\Stability_Java\src\main\resources\systems\Sepsis.xes,C:\projects\python\Anda\resources\models\Sepsis_10000_INSERTION_0.1_3_inductive.pnml,0.1491663789360691,1.0,94
C:\projects\python\Anda\Stability_Java\src\main\resources\systems\Sepsis.xes,C:\projects\python\Anda\resources\models\Sepsis_2000_ABSENCE_0.2_3_alpha.pnml,0.4426050420168067,0.23947726385374474,22
C:\projects\python\Anda\Stability_Java\src\main\resources\systems\Sepsis.xes,C:\projects\python\Anda\resources\models\Sepsis_2000_ABSENCE_0.2_3_heuristics.pnml,0.7069692597935856,0.9119393367201667,111
C:\projects\python\Anda\Stability_Java\src\main\resources\systems\Sepsis.xes,C:\projects\python\Anda\resources\models\Sepsis_2000_ABSENCE_0.2_3_inductive.pnml,0.2475336831655084,1.0,95
C:\projects\python\Anda\Stability_Java\src\main\resources\systems\Sepsis.xes,C:\projects\python\Anda\resources\models\Sepsis_100000_ABSENCE_4.0_5_alpha.pnml,0.4439746300211417,0.2713113947849354,23
C:\projects\python\Anda\Stability_Java\src\main\resources\systems\Sepsis.xes,C:\projects\python\Anda\resources\models\Sepsis_100000_ABSENCE_4.0_5_heuristics.pnml,0.6862627073301231,0.8864341278686684,114
C:\projects\python\Anda\Stability_Java\src\main\resources\systems\Sepsis.xes,C:\projects\python\Anda\resources\models\Sepsis_100000_ABSENCE_4.0_5_inductive.pnml,0.24474159496539272,1.0,96
C:\projects\python\Anda\Stability_Java\src\main\resources\systems\Sepsis.xes,C:\projects\python\Anda\resources\models\Sepsis_2000_ABSENCE_0.1_4_alpha.pnml,0.4426050420168067,0.23947726385374474,22
C:\projects\python\Anda\Stability_Java\src\main\resources\systems\Sepsis.xes,C:\projects\python\Anda\resources\models\Sepsis_2000_ABSENCE_0.1_4_heuristics.pnml,0.7071540407081778,0.9132529680659982,111
C:\projects\python\Anda\Stability_Java\src\main\resources\systems\Sepsis.xes,C:\projects\python\Anda\resources\models\Sepsis_2000_ABSENCE_0.1_4_inductive.pnml,0.28344408941511645,1.0,89
C:\projects\python\Anda\Stability_Java\src\main\resources\systems\BPIC2012.xes,C:\projects\python\Anda\resources\models\BPIC2012_10000_ABSENCE_0.1_2_alpha.pnml,0.032258064516129004,0.5112589605011784,34
C:\projects\python\Anda\Stability_Java\src\main\resources\systems\BPIC2012.xes,C:\projects\python\Anda\resources\models\BPIC2012_10000_ABSENCE_0.1_2_heuristics.pnml,0.2728614166237867,0.9793004283669808,120
C:\projects\python\Anda\Stability_Java\src\main\resources\systems\BPIC2012.xes,C:\projects\python\Anda\resources\models\BPIC2012_10000_ABSENCE_0.1_2_inductive.pnml,0.12919841975300128,0.9683899803069795,139
C:\projects\python\Anda\Stability_Java\src\main\resources\systems\RTFMS.xes,C:\projects\python\Anda\resources\models\RTFMS_10000_ABSENCE_4.0_4_alpha.pnml,0.5,0.5263955245044593,33
C:\projects\python\Anda\Stability_Java\src\main\resources\systems\RTFMS.xes,C:\projects\python\Anda\resources\models\RTFMS_10000_ABSENCE_4.0_4_heuristics.pnml,0.6714910114552295,0.9328251229941278,67
C:\projects\python\Anda\Stability_Java\src\main\resources\systems\RTFMS.xes,C:\projects\python\Anda\resources\models\RTFMS_10000_ABSENCE_4.0_4_inductive.pnml,0.37554792702748174,0.9999911864716747,41
C:\projects\python\Anda\Stability_Java\src\main\resources\systems\BPIC2012.xes,C:\projects\python\Anda\resources\models\BPIC2012_20000_ORDERING_0.1_5_alpha.pnml,0.033333333333333326,0.37597095310272777,34
C:\projects\python\Anda\Stability_Java\src\main\resources\systems\BPIC2012.xes,C:\projects\python\Anda\resources\models\BPIC2012_20000_ORDERING_0.1_5_heuristics.pnml,0.26834937299688477,0.9793006450606855,125
C:\projects\python\Anda\Stability_Java\src\main\resources\systems\BPIC2012.xes,C:\projects\python\Anda\resources\models\BPIC2012_20000_ORDERING_0.1_5_inductive.pnml,0.10331324979490952,0.9770117641154104,146
C:\projects\python\Anda\Stability_Java\src\main\resources\systems\RTFMS.xes,C:\projects\python\Anda\resources\models\RTFMS_2000_INSERTION_4.0_2_alpha.pnml,0.013157894736842146,0.5855929731317266,59
C:\projects\python\Anda\Stability_Java\src\main\resources\systems\RTFMS.xes,C:\projects\python\Anda\resources\models\RTFMS_2000_INSERTION_4.0_2_heuristics.pnml,0.12559926505263885,0.945207611605141,122
C:\projects\python\Anda\Stability_Java\src\main\resources\systems\RTFMS.xes,C:\projects\python\Anda\resources\models\RTFMS_2000_INSERTION_4.0_2_inductive.pnml,0.1316744136935375,0.9999822587420049,143
C:\projects\python\Anda\Stability_Java\src\main\resources\systems\BPIC2012.xes,C:\projects\python\Anda\resources\models\BPIC2012_1000_INSERTION_10.0_5_alpha.pnml,0.03836677722144677,0.39760182059803173,79
C:\projects\python\Anda\Stability_Java\src\main\resources\systems\BPIC2012.xes,C:\projects\python\Anda\resources\models\BPIC2012_1000_INSERTION_10.0_5_heuristics.pnml,0.1806641976168224,0.9848521806652946,177
C:\projects\python\Anda\Stability_Java\src\main\resources\systems\BPIC2012.xes,C:\projects\python\Anda\resources\models\BPIC2012_1000_INSERTION_10.0_5_inductive.pnml,0.059142783554291034,1.0,266
C:\projects\python\Anda\Stability_Java\src\main\resources\systems\BPIC2012.xes,C:\projects\python\Anda\resources\models\BPIC2012_40000_ORDERING_10.0_4_alpha.pnml,0.0,0.17945688117184289,49
C:\projects\python\Anda\Stability_Java\src\main\resources\systems\BPIC2012.xes,C:\projects\python\Anda\resources\models\BPIC2012_40000_ORDERING_10.0_4_heuristics.pnml,0.28728315017730777,0.9734531904813603,179
C:\projects\python\Anda\Stability_Java\src\main\resources\systems\BPIC2012.xes,C:\projects\python\Anda\resources\models\BPIC2012_40000_ORDERING_10.0_4_inductive.pnml,0.09495185484118407,1.0,110
C:\projects\python\Anda\Stability_Java\src\main\resources\systems\BPIC2012.xes,C:\projects\python\Anda\resources\models\BPIC2012_1000_ABSENCE_1.0_4_alpha.pnml,0.032258064516129004,0.528369771971176,35
C:\projects\python\Anda\Stability_Java\src\main\resources\systems\BPIC2012.xes,C:\projects\python\Anda\resources\models\BPIC2012_1000_ABSENCE_1.0_4_heuristics.pnml,0.31359728640007933,0.9836055030938811,112
C:\projects\python\Anda\Stability_Java\src\main\resources\systems\BPIC2012.xes,C:\projects\python\Anda\resources\models\BPIC2012_1000_ABSENCE_1.0_4_inductive.pnml,0.103581694275664,0.992678874453315,140
C:\projects\python\Anda\Stability_Java\src\main\resources\systems\BPIC2012.xes,C:\projects\python\Anda\resources\models\BPIC2012_20000_ORDERING_2.0_4_alpha.pnml,0.04166666666666663,0.21414403934957504,39
C:\projects\python\Anda\Stability_Java\src\main\resources\systems\BPIC2012.xes,C:\projects\python\Anda\resources\models\BPIC2012_20000_ORDERING_2.0_4_heuristics.pnml,0.2886206534328485,0.980732110198032,144
C:\projects\python\Anda\Stability_Java\src\main\resources\systems\BPIC2012.xes,C:\projects\python\Anda\resources\models\BPIC2012_20000_ORDERING_2.0_4_inductive.pnml,0.09618420639475689,0.9912718398312139,121
C:\projects\python\Anda\Stability_Java\src\main\resources\systems\BPIC2012.xes,C:\projects\python\Anda\resources\models\BPIC2012_10000_INSERTION_1.0_5_alpha.pnml,0.03836677722144677,0.39760182059803173,79
C:\projects\python\Anda\Stability_Java\src\main\resources\systems\BPIC2012.xes,C:\projects\python\Anda\resources\models\BPIC2012_10000_INSERTION_1.0_5_heuristics.pnml,0.1845663183523425,0.9765312342822938,185
C:\projects\python\Anda\Stability_Java\src\main\resources\systems\BPIC2012.xes,C:\projects\python\Anda\resources\models\BPIC2012_10000_INSERTION_1.0_5_inductive.pnml,0.059142783554291034,1.0,261
C:\projects\python\Anda\Stability_Java\src\main\resources\systems\RTFMS.xes,C:\projects\python\Anda\resources\models\RTFMS_100000_ORDERING_1.0_5_alpha.pnml,0.0,0.2728702462303303,22
C:\projects\python\Anda\Stability_Java\src\main\resources\systems\RTFMS.xes,C:\projects\python\Anda\resources\models\RTFMS_100000_ORDERING_1.0_5_heuristics.pnml,0.45994859369411223,0.9391730026673859,83
C:\projects\python\Anda\Stability_Java\src\main\resources\systems\RTFMS.xes,C:\projects\python\Anda\resources\models\RTFMS_100000_ORDERING_1.0_5_inductive.pnml,0.4475745157476465,0.999999689578948,65
C:\projects\python\Anda\Stability_Java\src\main\resources\systems\Sepsis.xes,C:\projects\python\Anda\resources\models\Sepsis_20000_MIXED_0.2_4_alpha.pnml,0.1978676192022515,0.2338267966470432,33
C:\projects\python\Anda\Stability_Java\src\main\resources\systems\Sepsis.xes,C:\projects\python\Anda\resources\models\Sepsis_20000_MIXED_0.2_4_heuristics.pnml,0.5243581303489138,0.8935080234425254,122
C:\projects\python\Anda\Stability_Java\src\main\resources\systems\Sepsis.xes,C:\projects\python\Anda\resources\models\Sepsis_20000_MIXED_0.2_4_inductive.pnml,0.148453846755783,1.0,156
C:\projects\python\Anda\Stability_Java\src\main\resources\systems\Sepsis.xes,C:\projects\python\Anda\resources\models\Sepsis_20000_SUBSTITUTION_0.1_4_alpha.pnml,0.26932910615667827,0.22923315697979368,30
C:\projects\python\Anda\Stability_Java\src\main\resources\systems\Sepsis.xes,C:\projects\python\Anda\resources\models\Sepsis_20000_SUBSTITUTION_0.1_4_heuristics.pnml,0.560126582278481,0.8974137528765638,116
C:\projects\python\Anda\Stability_Java\src\main\resources\systems\Sepsis.xes,C:\projects\python\Anda\resources\models\Sepsis_20000_SUBSTITUTION_0.1_4_inductive.pnml,0.15412958570383972,1.0,121
C:\projects\python\Anda\Stability_Java\src\main\resources\systems\BPIC2012.xes,C:\projects\python\Anda\resources\models\BPIC2012_40000_INSERTION_2.0_1_alpha.pnml,0.005267944371148081,0.14047873395055432,404
C:\projects\python\Anda\Stability_Java\src\main\resources\systems\BPIC2012.xes,C:\projects\python\Anda\resources\models\BPIC2012_40000_INSERTION_2.0_1_heuristics.pnml,0.04743800767346096,0.9751879279639493,574
C:\projects\python\Anda\Stability_Java\src\main\resources\systems\BPIC2012.xes,C:\projects\python\Anda\resources\models\BPIC2012_40000_INSERTION_2.0_1_inductive.pnml,0.014227255915658099,1.0,733
C:\projects\python\Anda\Stability_Java\src\main\resources\systems\BPIC2012.xes,C:\projects\python\Anda\resources\models\BPIC2012_4000_INSERTION_0.2_5_alpha.pnml,0.030303030303030276,0.4943023049419681,37
C:\projects\python\Anda\Stability_Java\src\main\resources\systems\BPIC2012.xes,C:\projects\python\Anda\resources\models\BPIC2012_4000_INSERTION_0.2_5_heuristics.pnml,0.27032070178654166,0.9798589242710677,125
C:\projects\python\Anda\Stability_Java\src\main\resources\systems\BPIC2012.xes,C:\projects\python\Anda\resources\models\BPIC2012_4000_INSERTION_0.2_5_inductive.pnml,0.11343184039201093,0.9999786585227284,153
C:\projects\python\Anda\Stability_Java\src\main\resources\systems\BPIC2012.xes,C:\projects\python\Anda\resources\models\BPIC2012_40000_ORDERING_2.0_1_alpha.pnml,0.0,0.24535493589727136,43
C:\projects\python\Anda\Stability_Java\src\main\resources\systems\BPIC2012.xes,C:\projects\python\Anda\resources\models\BPIC2012_40000_ORDERING_2.0_1_heuristics.pnml,0.3302014225183948,0.9767125535773568,145
C:\projects\python\Anda\Stability_Java\src\main\resources\systems\BPIC2012.xes,C:\projects\python\Anda\resources\models\BPIC2012_40000_ORDERING_2.0_1_inductive.pnml,0.09069378141149953,1.0,85
C:\projects\python\Anda\Stability_Java\src\main\resources\systems\BPIC2012.xes,C:\projects\python\Anda\resources\models\BPIC2012_1000_MIXED_4.0_3_alpha.pnml,0.0,0.3975249948109543,54
C:\projects\python\Anda\Stability_Java\src\main\resources\systems\BPIC2012.xes,C:\projects\python\Anda\resources\models\BPIC2012_1000_MIXED_4.0_3_heuristics.pnml,0.26427816134851034,0.9876435166264395,137
C:\projects\python\Anda\Stability_Java\src\main\resources\systems\BPIC2012.xes,C:\projects\python\Anda\resources\models\BPIC2012_1000_MIXED_4.0_3_inductive.pnml,0.06745177959219906,0.999976016017522,212
C:\projects\python\Anda\Stability_Java\src\main\resources\systems\Sepsis.xes,C:\projects\python\Anda\resources\models\Sepsis_1000_ABSENCE_10.0_4_alpha.pnml,0.3966303521662021,0.24242771096879345,23
C:\projects\python\Anda\Stability_Java\src\main\resources\systems\Sepsis.xes,C:\projects\python\Anda\resources\models\Sepsis_1000_ABSENCE_10.0_4_heuristics.pnml,0.6784117801735472,0.9103359587504575,98
C:\projects\python\Anda\Stability_Java\src\main\resources\systems\Sepsis.xes,C:\projects\python\Anda\resources\models\Sepsis_1000_ABSENCE_10.0_4_inductive.pnml,0.24877984810819442,0.9999809254949834,97
C:\projects\python\Anda\Stability_Java\src\main\resources\systems\Sepsis.xes,C:\projects\python\Anda\resources\models\Sepsis_40000_MIXED_0.4_3_alpha.pnml,0.0672590466729216,0.15962356026342728,61
C:\projects\python\Anda\Stability_Java\src\main\resources\systems\Sepsis.xes,C:\projects\python\Anda\resources\models\Sepsis_40000_MIXED_0.4_3_heuristics.pnml,0.32318879612173446,0.8930146430492766,157
C:\projects\python\Anda\Stability_Java\src\main\resources\systems\Sepsis.xes,C:\projects\python\Anda\resources\models\Sepsis_40000_MIXED_0.4_3_inductive.pnml,0.09881967719374729,1.0,198
C:\projects\python\Anda\Stability_Java\src\main\resources\systems\Sepsis.xes,C:\projects\python\Anda\resources\models\Sepsis_20000_INSERTION_0.1_1_alpha.pnml,0.32188473996210965,0.20837757307214094,36
C:\projects\python\Anda\Stability_Java\src\main\resources\systems\Sepsis.xes,C:\projects\python\Anda\resources\models\Sepsis_20000_INSERTION_0.1_1_heuristics.pnml,0.5893996855055037,0.9008418844550556,121
C:\projects\python\Anda\Stability_Java\src\main\resources\systems\Sepsis.xes,C:\projects\python\Anda\resources\models\Sepsis_20000_INSERTION_0.1_1_inductive.pnml,0.15623734158902847,1.0,141
C:\projects\python\Anda\Stability_Java\src\main\resources\systems\RTFMS.xes,C:\projects\python\Anda\resources\models\RTFMS_40000_MIXED_4.0_1_alpha.pnml,0.001481481481481528,0.419494642825491,423
C:\projects\python\Anda\Stability_Java\src\main\resources\systems\RTFMS.xes,C:\projects\python\Anda\resources\models\RTFMS_40000_MIXED_4.0_1_heuristics.pnml,0.016202205116077062,0.9456422195433347,518
C:\projects\python\Anda\Stability_Java\src\main\resources\systems\RTFMS.xes,C:\projects\python\Anda\resources\models\RTFMS_40000_MIXED_4.0_1_inductive.pnml,0.01649716105006238,1.0,556
C:\projects\python\Anda\Stability_Java\src\main\resources\systems\Sepsis.xes,C:\projects\python\Anda\resources\models\Sepsis_100000_MIXED_2.0_1_alpha.pnml,0.006185567010309256,0.1306771779059186,512
C:\projects\python\Anda\Stability_Java\src\main\resources\systems\Sepsis.xes,C:\projects\python\Anda\resources\models\Sepsis_100000_MIXED_2.0_1_heuristics.pnml,0.043590837866415266,0.9023286689743877,650
C:\projects\python\Anda\Stability_Java\src\main\resources\systems\Sepsis.xes,C:\projects\python\Anda\resources\models\Sepsis_100000_MIXED_2.0_1_inductive.pnml,0.009234163739326284,1.0,712
C:\projects\python\Anda\Stability_Java\src\main\resources\systems\Sepsis.xes,C:\projects\python\Anda\resources\models\Sepsis_20000_ORDERING_4.0_4_alpha.pnml,0.2202643171806168,0.13532337281044315,28
C:\projects\python\Anda\Stability_Java\src\main\resources\systems\Sepsis.xes,C:\projects\python\Anda\resources\models\Sepsis_20000_ORDERING_4.0_4_heuristics.pnml,0.5509314514036636,0.8898980843950562,126
C:\projects\python\Anda\Stability_Java\src\main\resources\systems\Sepsis.xes,C:\projects\python\Anda\resources\models\Sepsis_20000_ORDERING_4.0_4_inductive.pnml,0.20158648759776954,1.0,53
C:\projects\python\Anda\Stability_Java\src\main\resources\systems\BPIC2012.xes,C:\projects\python\Anda\resources\models\BPIC2012_2000_ORDERING_4.0_2_alpha.pnml,0.045454545454545414,0.28657523472965696,38
C:\projects\python\Anda\Stability_Java\src\main\resources\systems\BPIC2012.xes,C:\projects\python\Anda\resources\models\BPIC2012_2000_ORDERING_4.0_2_heuristics.pnml,0.32216787616054765,0.9717897760922587,119
C:\projects\python\Anda\Stability_Java\src\main\resources\systems\BPIC2012.xes,C:\projects\python\Anda\resources\models\BPIC2012_2000_ORDERING_4.0_2_inductive.pnml,0.0940309583277571,0.9946643833048944,91
C:\projects\python\Anda\Stability_Java\src\main\resources\systems\Sepsis.xes,C:\projects\python\Anda\resources\models\Sepsis_4000_SUBSTITUTION_0.4_3_alpha.pnml,0.253538076441706,0.13514468372042332,32
C:\projects\python\Anda\Stability_Java\src\main\resources\systems\Sepsis.xes,C:\projects\python\Anda\resources\models\Sepsis_4000_SUBSTITUTION_0.4_3_heuristics.pnml,0.5985344961040302,0.8892053573544425,129
C:\projects\python\Anda\Stability_Java\src\main\resources\systems\Sepsis.xes,C:\projects\python\Anda\resources\models\Sepsis_4000_SUBSTITUTION_0.4_3_inductive.pnml,0.15993278991701687,1.0,119
C:\projects\python\Anda\Stability_Java\src\main\resources\systems\BPIC2012.xes,C:\projects\python\Anda\resources\models\BPIC2012_2000_INSERTION_0.1_2_alpha.pnml,0.0,0.5187001528195528,36
C:\projects\python\Anda\Stability_Java\src\main\resources\systems\BPIC2012.xes,C:\projects\python\Anda\resources\models\BPIC2012_2000_INSERTION_0.1_2_heuristics.pnml,0.2948961695871287,0.9827026113945148,107
C:\projects\python\Anda\Stability_Java\src\main\resources\systems\BPIC2012.xes,C:\projects\python\Anda\resources\models\BPIC2012_2000_INSERTION_0.1_2_inductive.pnml,0.12907101171921076,0.9674207156821671,137
C:\projects\python\Anda\Stability_Java\src\main\resources\systems\RTFMS.xes,C:\projects\python\Anda\resources\models\RTFMS_100000_SUBSTITUTION_0.1_4_alpha.pnml,0.011111111111111072,0.5462230657339162,60
C:\projects\python\Anda\Stability_Java\src\main\resources\systems\RTFMS.xes,C:\projects\python\Anda\resources\models\RTFMS_100000_SUBSTITUTION_0.1_4_heuristics.pnml,0.1029179310618048,0.9394744305668605,130
C:\projects\python\Anda\Stability_Java\src\main\resources\systems\RTFMS.xes,C:\projects\python\Anda\resources\models\RTFMS_100000_SUBSTITUTION_0.1_4_inductive.pnml,0.09566004835104724,1.0,167
C:\projects\python\Anda\Stability_Java\src\main\resources\systems\BPIC2012.xes,C:\projects\python\Anda\resources\models\BPIC2012_100000_INSERTION_1.0_3_alpha.pnml,0.0011173184357542443,0.10537431527159447,486
C:\projects\python\Anda\Stability_Java\src\main\resources\systems\BPIC2012.xes,C:\projects\python\Anda\resources\models\BPIC2012_100000_INSERTION_1.0_3_heuristics.pnml,0.03872711331823586,0.9712066978164455,673
C:\projects\python\Anda\Stability_Java\src\main\resources\systems\BPIC2012.xes,C:\projects\python\Anda\resources\models\BPIC2012_100000_INSERTION_1.0_3_inductive.pnml,0.011464019166376849,1.0,819
C:\projects\python\Anda\Stability_Java\src\main\resources\systems\BPIC2012.xes,C:\projects\python\Anda\resources\models\BPIC2012_4000_MIXED_0.4_1_alpha.pnml,0.023809523809523836,0.5113706273362324,38
C:\projects\python\Anda\Stability_Java\src\main\resources\systems\BPIC2012.xes,C:\projects\python\Anda\resources\models\BPIC2012_4000_MIXED_0.4_1_heuristics.pnml,0.24485579508842648,0.9793070566167426,128
C:\projects\python\Anda\Stability_Java\src\main\resources\systems\BPIC2012.xes,C:\projects\python\Anda\resources\models\BPIC2012_4000_MIXED_0.4_1_inductive.pnml,0.08276098520940889,0.9999772382319072,174
C:\projects\python\Anda\Stability_Java\src\main\resources\systems\BPIC2012.xes,C:\projects\python\Anda\resources\models\BPIC2012_40000_MIXED_4.0_1_alpha.pnml,0.0013850415512465242,0.10311339179476053,401
C:\projects\python\Anda\Stability_Java\src\main\resources\systems\BPIC2012.xes,C:\projects\python\Anda\resources\models\BPIC2012_40000_MIXED_4.0_1_heuristics.pnml,0.04484143077982028,0.9793730697756442,584
C:\projects\python\Anda\Stability_Java\src\main\resources\systems\BPIC2012.xes,C:\projects\python\Anda\resources\models\BPIC2012_40000_MIXED_4.0_1_inductive.pnml,0.010625962223178131,1.0,728
C:\projects\python\Anda\Stability_Java\src\main\resources\systems\BPIC2012.xes,C:\projects\python\Anda\resources\models\BPIC2012_2000_SUBSTITUTION_0.2_1_alpha.pnml,0.11159418453911674,0.5778531698189454,35
C:\projects\python\Anda\Stability_Java\src\main\resources\systems\BPIC2012.xes,C:\projects\python\Anda\resources\models\BPIC2012_2000_SUBSTITUTION_0.2_1_heuristics.pnml,0.2948961695871287,0.9822255027715899,105
C:\projects\python\Anda\Stability_Java\src\main\resources\systems\BPIC2012.xes,C:\projects\python\Anda\resources\models\BPIC2012_2000_SUBSTITUTION_0.2_1_inductive.pnml,0.12907101171921076,0.9671744095013992,135
C:\projects\python\Anda\Stability_Java\src\main\resources\systems\BPIC2012.xes,C:\projects\python\Anda\resources\models\BPIC2012_1000_ORDERING_0.1_4_alpha.pnml,0.10502453133720147,0.5586479208127507,34
C:\projects\python\Anda\Stability_Java\src\main\resources\systems\BPIC2012.xes,C:\projects\python\Anda\resources\models\BPIC2012_1000_ORDERING_0.1_4_heuristics.pnml,0.31680960428053606,0.9836055030938811,110
C:\projects\python\Anda\Stability_Java\src\main\resources\systems\BPIC2012.xes,C:\projects\python\Anda\resources\models\BPIC2012_1000_ORDERING_0.1_4_inductive.pnml,0.11942584566005221,0.9924366182679252,133
C:\projects\python\Anda\Stability_Java\src\main\resources\systems\BPIC2012.xes,C:\projects\python\Anda\resources\models\BPIC2012_2000_INSERTION_0.2_5_alpha.pnml,0.10102207439137023,0.5138895394315857,36
C:\projects\python\Anda\Stability_Java\src\main\resources\systems\BPIC2012.xes,C:\projects\python\Anda\resources\models\BPIC2012_2000_INSERTION_0.2_5_heuristics.pnml,0.2973442403635558,0.9822255027715899,105
C:\projects\python\Anda\Stability_Java\src\main\resources\systems\BPIC2012.xes,C:\projects\python\Anda\resources\models\BPIC2012_2000_INSERTION_0.2_5_inductive.pnml,0.12915651586626098,0.96747306465162,140
C:\projects\python\Anda\Stability_Java\src\main\resources\systems\RTFMS.xes,C:\projects\python\Anda\resources\models\RTFMS_4000_INSERTION_4.0_3_alpha.pnml,0.013795773147000312,0.45268465575793504,98
C:\projects\python\Anda\Stability_Java\src\main\resources\systems\RTFMS.xes,C:\projects\python\Anda\resources\models\RTFMS_4000_INSERTION_4.0_3_heuristics.pnml,0.07250824118675481,0.9453399546567364,169
C:\projects\python\Anda\Stability_Java\src\main\resources\systems\RTFMS.xes,C:\projects\python\Anda\resources\models\RTFMS_4000_INSERTION_4.0_3_inductive.pnml,0.07955970816072355,0.9999938300220388,192
C:\projects\python\Anda\Stability_Java\src\main\resources\systems\Sepsis.xes,C:\projects\python\Anda\resources\models\Sepsis_2000_ABSENCE_1.0_3_alpha.pnml,0.4426050420168067,0.23947726385374474,22
C:\projects\python\Anda\Stability_Java\src\main\resources\systems\Sepsis.xes,C:\projects\python\Anda\resources\models\Sepsis_2000_ABSENCE_1.0_3_heuristics.pnml,0.7071262071262071,0.9123815408475243,111
C:\projects\python\Anda\Stability_Java\src\main\resources\systems\Sepsis.xes,C:\projects\python\Anda\resources\models\Sepsis_2000_ABSENCE_1.0_3_inductive.pnml,0.2475336831655084,1.0,95
C:\projects\python\Anda\Stability_Java\src\main\resources\systems\Sepsis.xes,C:\projects\python\Anda\resources\models\Sepsis_20000_ORDERING_4.0_3_alpha.pnml,0.39982230119946693,0.16030841195509232,23
C:\projects\python\Anda\Stability_Java\src\main\resources\systems\Sepsis.xes,C:\projects\python\Anda\resources\models\Sepsis_20000_ORDERING_4.0_3_heuristics.pnml,0.6022773962552093,0.8838367556080662,121
C:\projects\python\Anda\Stability_Java\src\main\resources\systems\Sepsis.xes,C:\projects\python\Anda\resources\models\Sepsis_20000_ORDERING_4.0_3_inductive.pnml,0.2305120133965004,1.0,98
C:\projects\python\Anda\Stability_Java\src\main\resources\systems\Sepsis.xes,C:\projects\python\Anda\resources\models\Sepsis_20000_ABSENCE_0.1_1_alpha.pnml,0.4426422388436003,0.26588961197193384,22
C:\projects\python\Anda\Stability_Java\src\main\resources\systems\Sepsis.xes,C:\projects\python\Anda\resources\models\Sepsis_20000_ABSENCE_0.1_1_heuristics.pnml,0.7189613665023501,0.8943620202860255,107
C:\projects\python\Anda\Stability_Java\src\main\resources\systems\Sepsis.xes,C:\projects\python\Anda\resources\models\Sepsis_20000_ABSENCE_0.1_1_inductive.pnml,0.2475336831655084,1.0,95
C:\projects\python\Anda\Stability_Java\src\main\resources\systems\BPIC2012.xes,C:\projects\python\Anda\resources\models\BPIC2012_10000_ABSENCE_2.0_1_alpha.pnml,0.032258064516129004,0.5523738655305817,37
C:\projects\python\Anda\Stability_Java\src\main\resources\systems\BPIC2012.xes,C:\projects\python\Anda\resources\models\BPIC2012_10000_ABSENCE_2.0_1_heuristics.pnml,0.3078578584769137,0.9753570747177376,129
C:\projects\python\Anda\Stability_Java\src\main\resources\systems\BPIC2012.xes,C:\projects\python\Anda\resources\models\BPIC2012_10000_ABSENCE_2.0_1_inductive.pnml,0.10104594599038375,0.9757959893594313,125
C:\projects\python\Anda\Stability_Java\src\main\resources\systems\BPIC2012.xes,C:\projects\python\Anda\resources\models\BPIC2012_4000_SUBSTITUTION_0.2_5_alpha.pnml,0.08986079164580452,0.5986986644524839,40
C:\projects\python\Anda\Stability_Java\src\main\resources\systems\BPIC2012.xes,C:\projects\python\Anda\resources\models\BPIC2012_4000_SUBSTITUTION_0.2_5_heuristics.pnml,0.2573681381836822,0.9796213806656777,128
C:\projects\python\Anda\Stability_Java\src\main\resources\systems\BPIC2012.xes,C:\projects\python\Anda\resources\models\BPIC2012_4000_SUBSTITUTION_0.2_5_inductive.pnml,0.12776574537641017,0.9935648042786303,165
C:\projects\python\Anda\Stability_Java\src\main\resources\systems\BPIC2012.xes,C:\projects\python\Anda\resources\models\BPIC2012_40000_ABSENCE_0.1_3_alpha.pnml,0.032258064516129004,0.5552113061952955,37
C:\projects\python\Anda\Stability_Java\src\main\resources\systems\BPIC2012.xes,C:\projects\python\Anda\resources\models\BPIC2012_40000_ABSENCE_0.1_3_heuristics.pnml,0.3686083218339187,0.9792476203267184,128
C:\projects\python\Anda\Stability_Java\src\main\resources\systems\BPIC2012.xes,C:\projects\python\Anda\resources\models\BPIC2012_40000_ABSENCE_0.1_3_inductive.pnml,0.09643304162362631,0.9737805792991241,141
C:\projects\python\Anda\Stability_Java\src\main\resources\systems\RTFMS.xes,C:\projects\python\Anda\resources\models\RTFMS_10000_ORDERING_2.0_2_alpha.pnml,0.19999999999999996,0.3196932550763785,24
C:\projects\python\Anda\Stability_Java\src\main\resources\systems\RTFMS.xes,C:\projects\python\Anda\resources\models\RTFMS_10000_ORDERING_2.0_2_heuristics.pnml,0.45011484777462796,0.9372538208748906,73
C:\projects\python\Anda\Stability_Java\src\main\resources\systems\RTFMS.xes,C:\projects\python\Anda\resources\models\RTFMS_10000_ORDERING_2.0_2_inductive.pnml,0.4581422841085562,0.9999710588543732,36
C:\projects\python\Anda\Stability_Java\src\main\resources\systems\RTFMS.xes,C:\projects\python\Anda\resources\models\RTFMS_20000_SUBSTITUTION_1.0_1_alpha.pnml,0.005747126436781658,0.4744343233044439,115
C:\projects\python\Anda\Stability_Java\src\main\resources\systems\RTFMS.xes,C:\projects\python\Anda\resources\models\RTFMS_20000_SUBSTITUTION_1.0_1_heuristics.pnml,0.053839660075566065,0.9360143264995043,180
C:\projects\python\Anda\Stability_Java\src\main\resources\systems\RTFMS.xes,C:\projects\python\Anda\resources\models\RTFMS_20000_SUBSTITUTION_1.0_1_inductive.pnml,0.05738340278770726,0.9999993886144107,225
C:\projects\python\Anda\Stability_Java\src\main\resources\systems\RTFMS.xes,C:\projects\python\Anda\resources\models\RTFMS_40000_INSERTION_10.0_2_alpha.pnml,0.0002984183825723852,0.4217873091512263,1917
C:\projects\python\Anda\Stability_Java\src\main\resources\systems\RTFMS.xes,C:\projects\python\Anda\resources\models\RTFMS_40000_INSERTION_10.0_2_heuristics.pnml,0.003631846085566659,0.945408836740079,2130
C:\projects\python\Anda\Stability_Java\src\main\resources\systems\RTFMS.xes,C:\projects\python\Anda\resources\models\RTFMS_40000_INSERTION_10.0_2_inductive.pnml,0.0044462850034358015,1.0,2069
C:\projects\python\Anda\Stability_Java\src\main\resources\systems\BPIC2012.xes,C:\projects\python\Anda\resources\models\BPIC2012_1000_INSERTION_0.2_4_alpha.pnml,0.10611113611888323,0.6066357758906761,34
C:\projects\python\Anda\Stability_Java\src\main\resources\systems\BPIC2012.xes,C:\projects\python\Anda\resources\models\BPIC2012_1000_INSERTION_0.2_4_heuristics.pnml,0.3132950804572078,0.9836055030938811,111
C:\projects\python\Anda\Stability_Java\src\main\resources\systems\BPIC2012.xes,C:\projects\python\Anda\resources\models\BPIC2012_1000_INSERTION_0.2_4_inductive.pnml,0.11895861563676191,0.9925443836109731,136
C:\projects\python\Anda\Stability_Java\src\main\resources\systems\RTFMS.xes,C:\projects\python\Anda\resources\models\RTFMS_40000_INSERTION_1.0_3_alpha.pnml,0.0030487804878048808,0.4244278556259996,200
C:\projects\python\Anda\Stability_Java\src\main\resources\systems\RTFMS.xes,C:\projects\python\Anda\resources\models\RTFMS_40000_INSERTION_1.0_3_heuristics.pnml,0.03196209869133937,0.9457351024374361,280
C:\projects\python\Anda\Stability_Java\src\main\resources\systems\RTFMS.xes,C:\projects\python\Anda\resources\models\RTFMS_40000_INSERTION_1.0_3_inductive.pnml,0.037410049367422316,1.0,318
C:\projects\python\Anda\Stability_Java\src\main\resources\systems\Sepsis.xes,C:\projects\python\Anda\resources\models\Sepsis_1000_SUBSTITUTION_0.2_3_alpha.pnml,0.3499301480860576,0.2357050930215383,26
C:\projects\python\Anda\Stability_Java\src\main\resources\systems\Sepsis.xes,C:\projects\python\Anda\resources\models\Sepsis_1000_SUBSTITUTION_0.2_3_heuristics.pnml,0.6223766102185555,0.9099023866914524,100
C:\projects\python\Anda\Stability_Java\src\main\resources\systems\Sepsis.xes,C:\projects\python\Anda\resources\models\Sepsis_1000_SUBSTITUTION_0.2_3_inductive.pnml,0.2617060942279499,0.9999803910033923,94
C:\projects\python\Anda\Stability_Java\src\main\resources\systems\BPIC2012.xes,C:\projects\python\Anda\resources\models\BPIC2012_20000_ORDERING_1.0_3_alpha.pnml,0.0,0.20995081270623855,38
C:\projects\python\Anda\Stability_Java\src\main\resources\systems\BPIC2012.xes,C:\projects\python\Anda\resources\models\BPIC2012_20000_ORDERING_1.0_3_heuristics.pnml,0.34821706298519517,0.9760062719030338,134
C:\projects\python\Anda\Stability_Java\src\main\resources\systems\BPIC2012.xes,C:\projects\python\Anda\resources\models\BPIC2012_20000_ORDERING_1.0_3_inductive.pnml,0.08989665506467426,1.0,133
C:\projects\python\Anda\Stability_Java\src\main\resources\systems\RTFMS.xes,C:\projects\python\Anda\resources\models\RTFMS_20000_ABSENCE_0.1_2_alpha.pnml,0.5,0.5969917582413743,27
C:\projects\python\Anda\Stability_Java\src\main\resources\systems\RTFMS.xes,C:\projects\python\Anda\resources\models\RTFMS_20000_ABSENCE_0.1_2_heuristics.pnml,0.6717019199834231,0.9331999291660539,63
C:\projects\python\Anda\Stability_Java\src\main\resources\systems\RTFMS.xes,C:\projects\python\Anda\resources\models\RTFMS_20000_ABSENCE_0.1_2_inductive.pnml,0.3757584971992748,1.0,44
C:\projects\python\Anda\Stability_Java\src\main\resources\systems\BPIC2012.xes,C:\projects\python\Anda\resources\models\BPIC2012_10000_INSERTION_4.0_3_alpha.pnml,0.0029069767441860517,0.1411804288384927,201
C:\projects\python\Anda\Stability_Java\src\main\resources\systems\BPIC2012.xes,C:\projects\python\Anda\resources\models\BPIC2012_10000_INSERTION_4.0_3_heuristics.pnml,0.09194242859343271,0.970530129894464,349
C:\projects\python\Anda\Stability_Java\src\main\resources\systems\BPIC2012.xes,C:\projects\python\Anda\resources\models\BPIC2012_10000_INSERTION_4.0_3_inductive.pnml,0.02558489230686367,1.0,520
C:\projects\python\Anda\Stability_Java\src\main\resources\systems\BPIC2012.xes,C:\projects\python\Anda\resources\models\BPIC2012_10000_INSERTION_2.0_2_alpha.pnml,0.00520833333333337,0.17191169308384507,125
C:\projects\python\Anda\Stability_Java\src\main\resources\systems\BPIC2012.xes,C:\projects\python\Anda\resources\models\BPIC2012_10000_INSERTION_2.0_2_heuristics.pnml,0.13070448920177002,0.9745491616517111,243
C:\projects\python\Anda\Stability_Java\src\main\resources\systems\BPIC2012.xes,C:\projects\python\Anda\resources\models\BPIC2012_10000_INSERTION_2.0_2_inductive.pnml,0.036679951232467034,1.0,295
C:\projects\python\Anda\Stability_Java\src\main\resources\systems\BPIC2012.xes,C:\projects\python\Anda\resources\models\BPIC2012_4000_SUBSTITUTION_1.0_5_alpha.pnml,0.012987012987012991,0.40667807892348534,58
C:\projects\python\Anda\Stability_Java\src\main\resources\systems\BPIC2012.xes,C:\projects\python\Anda\resources\models\BPIC2012_4000_SUBSTITUTION_1.0_5_heuristics.pnml,0.2044347885098443,0.9801568268970903,152
C:\projects\python\Anda\Stability_Java\src\main\resources\systems\BPIC2012.xes,C:\projects\python\Anda\resources\models\BPIC2012_4000_SUBSTITUTION_1.0_5_inductive.pnml,0.06694620358953707,0.9999836535612787,190
C:\projects\python\Anda\Stability_Java\src\main\resources\systems\BPIC2012.xes,C:\projects\python\Anda\resources\models\BPIC2012_2000_ABSENCE_0.4_2_alpha.pnml,0.032258064516129004,0.5112589605011784,34
C:\projects\python\Anda\Stability_Java\src\main\resources\systems\BPIC2012.xes,C:\projects\python\Anda\resources\models\BPIC2012_2000_ABSENCE_0.4_2_heuristics.pnml,0.2948961695871287,0.9822255027715899,106
C:\projects\python\Anda\Stability_Java\src\main\resources\systems\BPIC2012.xes,C:\projects\python\Anda\resources\models\BPIC2012_2000_ABSENCE_0.4_2_inductive.pnml,0.12919841975300128,0.9674207156821671,138
C:\projects\python\Anda\Stability_Java\src\main\resources\systems\Sepsis.xes,C:\projects\python\Anda\resources\models\Sepsis_10000_MIXED_0.2_2_alpha.pnml,0.3692883019749912,0.22070224953017414,32
C:\projects\python\Anda\Stability_Java\src\main\resources\systems\Sepsis.xes,C:\projects\python\Anda\resources\models\Sepsis_10000_MIXED_0.2_2_heuristics.pnml,0.5520706983191821,0.8982043958034452,113
C:\projects\python\Anda\Stability_Java\src\main\resources\systems\Sepsis.xes,C:\projects\python\Anda\resources\models\Sepsis_10000_MIXED_0.2_2_inductive.pnml,0.176222385615454,1.0,105
C:\projects\python\Anda\Stability_Java\src\main\resources\systems\BPIC2012.xes,C:\projects\python\Anda\resources\models\BPIC2012_4000_ORDERING_4.0_3_alpha.pnml,0.0,0.20995081270623855,38
C:\projects\python\Anda\Stability_Java\src\main\resources\systems\BPIC2012.xes,C:\projects\python\Anda\resources\models\BPIC2012_4000_ORDERING_4.0_3_heuristics.pnml,0.29602917028540887,0.9780992012656675,133
C:\projects\python\Anda\Stability_Java\src\main\resources\systems\BPIC2012.xes,C:\projects\python\Anda\resources\models\BPIC2012_4000_ORDERING_4.0_3_inductive.pnml,0.098141869305992,0.9999790457289526,107
C:\projects\python\Anda\Stability_Java\src\main\resources\systems\BPIC2012.xes,C:\projects\python\Anda\resources\models\BPIC2012_100000_INSERTION_10.0_5_alpha.pnml,0.00011594202898546069,0.09507895396440802,4579
C:\projects\python\Anda\Stability_Java\src\main\resources\systems\BPIC2012.xes,C:\projects\python\Anda\resources\models\BPIC2012_100000_INSERTION_10.0_5_heuristics.pnml,0.004583962859152857,0.9802170863068309,5205
C:\projects\python\Anda\Stability_Java\src\main\resources\systems\BPIC2012.xes,C:\projects\python\Anda\resources\models\BPIC2012_100000_INSERTION_10.0_5_inductive.pnml,0.0012866286410503358,1.0,4925
C:\projects\python\Anda\Stability_Java\src\main\resources\systems\RTFMS.xes,C:\projects\python\Anda\resources\models\RTFMS_40000_INSERTION_0.4_3_alpha.pnml,0.020397600829467732,0.45218479145104434,97
C:\projects\python\Anda\Stability_Java\src\main\resources\systems\RTFMS.xes,C:\projects\python\Anda\resources\models\RTFMS_40000_INSERTION_0.4_3_heuristics.pnml,0.0761866446064452,0.941502739198639,161
C:\projects\python\Anda\Stability_Java\src\main\resources\systems\RTFMS.xes,C:\projects\python\Anda\resources\models\RTFMS_40000_INSERTION_0.4_3_inductive.pnml,0.08155228570812967,0.9999993796175839,191
C:\projects\python\Anda\Stability_Java\src\main\resources\systems\Sepsis.xes,C:\projects\python\Anda\resources\models\Sepsis_20000_ORDERING_0.1_1_alpha.pnml,0.4426422388436003,0.2535364757370082,22
C:\projects\python\Anda\Stability_Java\src\main\resources\systems\Sepsis.xes,C:\projects\python\Anda\resources\models\Sepsis_20000_ORDERING_0.1_1_heuristics.pnml,0.7044386711624564,0.8969441018992028,107
C:\projects\python\Anda\Stability_Java\src\main\resources\systems\Sepsis.xes,C:\projects\python\Anda\resources\models\Sepsis_20000_ORDERING_0.1_1_inductive.pnml,0.2546602701030687,1.0,94
C:\projects\python\Anda\Stability_Java\src\main\resources\systems\RTFMS.xes,C:\projects\python\Anda\resources\models\RTFMS_40000_ABSENCE_4.0_3_alpha.pnml,0.6666400686229528,0.623043109664771,29
C:\projects\python\Anda\Stability_Java\src\main\resources\systems\RTFMS.xes,C:\projects\python\Anda\resources\models\RTFMS_40000_ABSENCE_4.0_3_heuristics.pnml,0.6718059752911985,0.9323784011143721,69
C:\projects\python\Anda\Stability_Java\src\main\resources\systems\RTFMS.xes,C:\projects\python\Anda\resources\models\RTFMS_40000_ABSENCE_4.0_3_inductive.pnml,0.41459041068084246,1.0,62
C:\projects\python\Anda\Stability_Java\src\main\resources\systems\RTFMS.xes,C:\projects\python\Anda\resources\models\RTFMS_2000_MIXED_0.2_2_alpha.pnml,0.5630601534869701,0.5805237550352194,30
C:\projects\python\Anda\Stability_Java\src\main\resources\systems\RTFMS.xes,C:\projects\python\Anda\resources\models\RTFMS_2000_MIXED_0.2_2_heuristics.pnml,0.7460033807734523,0.9312504524711964,68
C:\projects\python\Anda\Stability_Java\src\main\resources\systems\RTFMS.xes,C:\projects\python\Anda\resources\models\RTFMS_2000_MIXED_0.2_2_inductive.pnml,0.6124603707160674,0.9999219791744514,60
C:\projects\python\Anda\Stability_Java\src\main\resources\systems\RTFMS.xes,C:\projects\python\Anda\resources\models\RTFMS_2000_INSERTION_0.1_5_alpha.pnml,0.4882194862284498,0.6887193321312349,25
C:\projects\python\Anda\Stability_Java\src\main\resources\systems\RTFMS.xes,C:\projects\python\Anda\resources\models\RTFMS_2000_INSERTION_0.1_5_heuristics.pnml,0.9043477688647894,0.9259259112125998,64
C:\projects\python\Anda\Stability_Java\src\main\resources\systems\RTFMS.xes,C:\projects\python\Anda\resources\models\RTFMS_2000_INSERTION_0.1_5_inductive.pnml,0.5834094055815618,0.9999158389168237,62
C:\projects\python\Anda\Stability_Java\src\main\resources\systems\BPIC2012.xes,C:\projects\python\Anda\resources\models\BPIC2012_10000_ORDERING_4.0_5_alpha.pnml,0.0,0.18344506379799175,39
C:\projects\python\Anda\Stability_Java\src\main\resources\systems\BPIC2012.xes,C:\projects\python\Anda\resources\models\BPIC2012_10000_ORDERING_4.0_5_heuristics.pnml,0.2864616207322652,0.9750557939828313,137
C:\projects\python\Anda\Stability_Java\src\main\resources\systems\BPIC2012.xes,C:\projects\python\Anda\resources\models\BPIC2012_10000_ORDERING_4.0_5_inductive.pnml,0.09967671885774798,0.9951818044372065,156
C:\projects\python\Anda\Stability_Java\src\main\resources\systems\RTFMS.xes,C:\projects\python\Anda\resources\models\RTFMS_10000_ORDERING_4.0_5_alpha.pnml,0.16666666666666663,0.2956434711057216,24
C:\projects\python\Anda\Stability_Java\src\main\resources\systems\RTFMS.xes,C:\projects\python\Anda\resources\models\RTFMS_10000_ORDERING_4.0_5_heuristics.pnml,0.45011484777462796,0.9374866795137169,76
C:\projects\python\Anda\Stability_Java\src\main\resources\systems\RTFMS.xes,C:\projects\python\Anda\resources\models\RTFMS_10000_ORDERING_4.0_5_inductive.pnml,0.4582119694092003,0.999963108632278,35
C:\projects\python\Anda\Stability_Java\src\main\resources\systems\Sepsis.xes,C:\projects\python\Anda\resources\models\Sepsis_40000_ORDERING_10.0_5_alpha.pnml,0.41306058221872544,0.12379994621908463,21
C:\projects\python\Anda\Stability_Java\src\main\resources\systems\Sepsis.xes,C:\projects\python\Anda\resources\models\Sepsis_40000_ORDERING_10.0_5_heuristics.pnml,0.49679472181928785,0.8898029480808844,128
C:\projects\python\Anda\Stability_Java\src\main\resources\systems\Sepsis.xes,C:\projects\python\Anda\resources\models\Sepsis_40000_ORDERING_10.0_5_inductive.pnml,0.231769102769257,1.0,105
C:\projects\python\Anda\Stability_Java\src\main\resources\systems\Sepsis.xes,C:\projects\python\Anda\resources\models\Sepsis_2000_ABSENCE_2.0_4_alpha.pnml,0.4426050420168067,0.23947726385374474,22
C:\projects\python\Anda\Stability_Java\src\main\resources\systems\Sepsis.xes,C:\projects\python\Anda\resources\models\Sepsis_2000_ABSENCE_2.0_4_heuristics.pnml,0.7071540407081778,0.9139283477291045,111
C:\projects\python\Anda\Stability_Java\src\main\resources\systems\Sepsis.xes,C:\projects\python\Anda\resources\models\Sepsis_2000_ABSENCE_2.0_4_inductive.pnml,0.2475336831655084,1.0,95
C:\projects\python\Anda\Stability_Java\src\main\resources\systems\RTFMS.xes,C:\projects\python\Anda\resources\models\RTFMS_4000_ORDERING_0.4_5_alpha.pnml,0.5,0.5013029619547653,26
C:\projects\python\Anda\Stability_Java\src\main\resources\systems\RTFMS.xes,C:\projects\python\Anda\resources\models\RTFMS_4000_ORDERING_0.4_5_heuristics.pnml,0.5770144155043928,0.9309392396004639,74
C:\projects\python\Anda\Stability_Java\src\main\resources\systems\RTFMS.xes,C:\projects\python\Anda\resources\models\RTFMS_4000_ORDERING_0.4_5_inductive.pnml,0.48455637965976495,0.9999379201619026,41
C:\projects\python\Anda\Stability_Java\src\main\resources\systems\Sepsis.xes,C:\projects\python\Anda\resources\models\Sepsis_2000_ABSENCE_2.0_3_alpha.pnml,0.4426050420168067,0.23947726385374474,22
C:\projects\python\Anda\Stability_Java\src\main\resources\systems\Sepsis.xes,C:\projects\python\Anda\resources\models\Sepsis_2000_ABSENCE_2.0_3_heuristics.pnml,0.7071262071262071,0.9123815408475243,111
C:\projects\python\Anda\Stability_Java\src\main\resources\systems\Sepsis.xes,C:\projects\python\Anda\resources\models\Sepsis_2000_ABSENCE_2.0_3_inductive.pnml,0.2475336831655084,1.0,95
C:\projects\python\Anda\Stability_Java\src\main\resources\systems\BPIC2012.xes,C:\projects\python\Anda\resources\models\BPIC2012_100000_ORDERING_4.0_2_alpha.pnml,0.0,0.1393002195741294,38
C:\projects\python\Anda\Stability_Java\src\main\resources\systems\BPIC2012.xes,C:\projects\python\Anda\resources\models\BPIC2012_100000_ORDERING_4.0_2_heuristics.pnml,0.2871575957819984,0.9754724694719636,182
C:\projects\python\Anda\Stability_Java\src\main\resources\systems\BPIC2012.xes,C:\projects\python\Anda\resources\models\BPIC2012_100000_ORDERING_4.0_2_inductive.pnml,0.09880935125648571,1.0,172
C:\projects\python\Anda\Stability_Java\src\main\resources\systems\RTFMS.xes,C:\projects\python\Anda\resources\models\RTFMS_1000_ABSENCE_2.0_2_alpha.pnml,0.5,0.6056304078145645,29
C:\projects\python\Anda\Stability_Java\src\main\resources\systems\RTFMS.xes,C:\projects\python\Anda\resources\models\RTFMS_1000_ABSENCE_2.0_2_heuristics.pnml,0.6975083372228763,0.9349812317067085,58
C:\projects\python\Anda\Stability_Java\src\main\resources\systems\RTFMS.xes,C:\projects\python\Anda\resources\models\RTFMS_1000_ABSENCE_2.0_2_inductive.pnml,0.449453322654366,0.9998066811426073,52
C:\projects\python\Anda\Stability_Java\src\main\resources\systems\BPIC2012.xes,C:\projects\python\Anda\resources\models\BPIC2012_40000_ORDERING_1.0_3_alpha.pnml,0.03448275862068961,0.17653873811571424,35
C:\projects\python\Anda\Stability_Java\src\main\resources\systems\BPIC2012.xes,C:\projects\python\Anda\resources\models\BPIC2012_40000_ORDERING_1.0_3_heuristics.pnml,0.33978040574249757,0.9741972590614248,138
C:\projects\python\Anda\Stability_Java\src\main\resources\systems\BPIC2012.xes,C:\projects\python\Anda\resources\models\BPIC2012_40000_ORDERING_1.0_3_inductive.pnml,0.08835376741036072,0.9438006614493625,106
C:\projects\python\Anda\Stability_Java\src\main\resources\systems\Sepsis.xes,C:\projects\python\Anda\resources\models\Sepsis_2000_INSERTION_2.0_5_alpha.pnml,0.07278874016834547,0.1293572241455539,49
C:\projects\python\Anda\Stability_Java\src\main\resources\systems\Sepsis.xes,C:\projects\python\Anda\resources\models\Sepsis_2000_INSERTION_2.0_5_heuristics.pnml,0.33456498046200056,0.9147211426856134,143
C:\projects\python\Anda\Stability_Java\src\main\resources\systems\Sepsis.xes,C:\projects\python\Anda\resources\models\Sepsis_2000_INSERTION_2.0_5_inductive.pnml,0.22417735566624508,1.0,174
C:\projects\python\Anda\Stability_Java\src\main\resources\systems\Sepsis.xes,C:\projects\python\Anda\resources\models\Sepsis_2000_INSERTION_0.2_5_alpha.pnml,0.4417569496934576,0.22662847742962794,26
C:\projects\python\Anda\Stability_Java\src\main\resources\systems\Sepsis.xes,C:\projects\python\Anda\resources\models\Sepsis_2000_INSERTION_0.2_5_heuristics.pnml,0.6574291792632404,0.9131904865175944,113
C:\projects\python\Anda\Stability_Java\src\main\resources\systems\Sepsis.xes,C:\projects\python\Anda\resources\models\Sepsis_2000_INSERTION_0.2_5_inductive.pnml,0.22023025402641716,1.0,99
C:\projects\python\Anda\Stability_Java\src\main\resources\systems\Sepsis.xes,C:\projects\python\Anda\resources\models\Sepsis_4000_INSERTION_10.0_1_alpha.pnml,0.01730583352285653,0.14681408165339815,216
C:\projects\python\Anda\Stability_Java\src\main\resources\systems\Sepsis.xes,C:\projects\python\Anda\resources\models\Sepsis_4000_INSERTION_10.0_1_heuristics.pnml,0.11711547976049841,0.893951238889786,347
C:\projects\python\Anda\Stability_Java\src\main\resources\systems\Sepsis.xes,C:\projects\python\Anda\resources\models\Sepsis_4000_INSERTION_10.0_1_inductive.pnml,0.023685399015976327,1.0,397
C:\projects\python\Anda\Stability_Java\src\main\resources\systems\BPIC2012.xes,C:\projects\python\Anda\resources\models\BPIC2012_2000_ABSENCE_1.0_1_alpha.pnml,0.032258064516129004,0.5510845409194427,36
C:\projects\python\Anda\Stability_Java\src\main\resources\systems\BPIC2012.xes,C:\projects\python\Anda\resources\models\BPIC2012_2000_ABSENCE_1.0_1_heuristics.pnml,0.2948961695871287,0.9844798314921632,110
C:\projects\python\Anda\Stability_Java\src\main\resources\systems\BPIC2012.xes,C:\projects\python\Anda\resources\models\BPIC2012_2000_ABSENCE_1.0_1_inductive.pnml,0.10926068969551894,0.9774418212091229,132
C:\projects\python\Anda\Stability_Java\src\main\resources\systems\RTFMS.xes,C:\projects\python\Anda\resources\models\RTFMS_2000_ORDERING_10.0_4_alpha.pnml,0.0,0.3067463982786851,23
C:\projects\python\Anda\Stability_Java\src\main\resources\systems\RTFMS.xes,C:\projects\python\Anda\resources\models\RTFMS_2000_ORDERING_10.0_4_heuristics.pnml,0.43210103237093167,0.94406215019266,77
C:\projects\python\Anda\Stability_Java\src\main\resources\systems\RTFMS.xes,C:\projects\python\Anda\resources\models\RTFMS_2000_ORDERING_10.0_4_inductive.pnml,0.4241328236646751,0.9999185101598681,37
C:\projects\python\Anda\Stability_Java\src\main\resources\systems\RTFMS.xes,C:\projects\python\Anda\resources\models\RTFMS_10000_INSERTION_0.4_4_alpha.pnml,0.0,0.3562748355594523,38
C:\projects\python\Anda\Stability_Java\src\main\resources\systems\RTFMS.xes,C:\projects\python\Anda\resources\models\RTFMS_10000_INSERTION_0.4_4_heuristics.pnml,0.20265065476308042,0.9463534121915054,94
C:\projects\python\Anda\Stability_Java\src\main\resources\systems\RTFMS.xes,C:\projects\python\Anda\resources\models\RTFMS_10000_INSERTION_0.4_4_inductive.pnml,0.20884054686470943,0.9991054343776169,103
C:\projects\python\Anda\Stability_Java\src\main\resources\systems\RTFMS.xes,C:\projects\python\Anda\resources\models\RTFMS_20000_ORDERING_0.1_1_alpha.pnml,0.16666666666666663,0.3663548159882567,21
C:\projects\python\Anda\Stability_Java\src\main\resources\systems\RTFMS.xes,C:\projects\python\Anda\resources\models\RTFMS_20000_ORDERING_0.1_1_heuristics.pnml,0.5770674736837174,0.9375577621214002,67
C:\projects\python\Anda\Stability_Java\src\main\resources\systems\RTFMS.xes,C:\projects\python\Anda\resources\models\RTFMS_20000_ORDERING_0.1_1_inductive.pnml,0.393653157947753,1.0,47
C:\projects\python\Anda\Stability_Java\src\main\resources\systems\BPIC2012.xes,C:\projects\python\Anda\resources\models\BPIC2012_20000_ORDERING_0.2_1_alpha.pnml,0.0,0.414600698487446,33
C:\projects\python\Anda\Stability_Java\src\main\resources\systems\BPIC2012.xes,C:\projects\python\Anda\resources\models\BPIC2012_20000_ORDERING_0.2_1_heuristics.pnml,0.3090022376331333,0.9776148444813408,127
C:\projects\python\Anda\Stability_Java\src\main\resources\systems\BPIC2012.xes,C:\projects\python\Anda\resources\models\BPIC2012_20000_ORDERING_0.2_1_inductive.pnml,0.1151832729117328,1.0,76
C:\projects\python\Anda\Stability_Java\src\main\resources\systems\Sepsis.xes,C:\projects\python\Anda\resources\models\Sepsis_4000_ABSENCE_0.1_4_alpha.pnml,0.4426422388436003,0.26588961197193384,22
C:\projects\python\Anda\Stability_Java\src\main\resources\systems\Sepsis.xes,C:\projects\python\Anda\resources\models\Sepsis_4000_ABSENCE_0.1_4_heuristics.pnml,0.7811300424270995,0.8856196503602701,117
C:\projects\python\Anda\Stability_Java\src\main\resources\systems\Sepsis.xes,C:\projects\python\Anda\resources\models\Sepsis_4000_ABSENCE_0.1_4_inductive.pnml,0.28344408941511645,1.0,89
C:\projects\python\Anda\Stability_Java\src\main\resources\systems\BPIC2012.xes,C:\projects\python\Anda\resources\models\BPIC2012_10000_ABSENCE_0.2_5_alpha.pnml,0.032258064516129004,0.528369771971176,35
C:\projects\python\Anda\Stability_Java\src\main\resources\systems\BPIC2012.xes,C:\projects\python\Anda\resources\models\BPIC2012_10000_ABSENCE_0.2_5_heuristics.pnml,0.27286211776556224,0.9793982876746425,122
C:\projects\python\Anda\Stability_Java\src\main\resources\systems\BPIC2012.xes,C:\projects\python\Anda\resources\models\BPIC2012_10000_ABSENCE_0.2_5_inductive.pnml,0.10445951778696605,0.9681706085338928,137
C:\projects\python\Anda\Stability_Java\src\main\resources\systems\Sepsis.xes,C:\projects\python\Anda\resources\models\Sepsis_2000_ORDERING_2.0_2_alpha.pnml,0.27622989969750045,0.17661472464403227,24
C:\projects\python\Anda\Stability_Java\src\main\resources\systems\Sepsis.xes,C:\projects\python\Anda\resources\models\Sepsis_2000_ORDERING_2.0_2_heuristics.pnml,0.6650996828273674,0.9167585159749481,115
C:\projects\python\Anda\Stability_Java\src\main\resources\systems\Sepsis.xes,C:\projects\python\Anda\resources\models\Sepsis_2000_ORDERING_2.0_2_inductive.pnml,0.25194440755475234,1.0,88
C:\projects\python\Anda\Stability_Java\src\main\resources\systems\RTFMS.xes,C:\projects\python\Anda\resources\models\RTFMS_4000_ABSENCE_0.2_1_alpha.pnml,0.5,0.532117705040529,29
C:\projects\python\Anda\Stability_Java\src\main\resources\systems\RTFMS.xes,C:\projects\python\Anda\resources\models\RTFMS_4000_ABSENCE_0.2_1_heuristics.pnml,0.6715810652332187,0.9316546760147321,71
C:\projects\python\Anda\Stability_Java\src\main\resources\systems\RTFMS.xes,C:\projects\python\Anda\resources\models\RTFMS_4000_ABSENCE_0.2_1_inductive.pnml,0.37554792702748174,0.9999909335086188,49
C:\projects\python\Anda\Stability_Java\src\main\resources\systems\Sepsis.xes,C:\projects\python\Anda\resources\models\Sepsis_20000_ORDERING_0.1_3_alpha.pnml,0.4426422388436003,0.26588961197193384,22
C:\projects\python\Anda\Stability_Java\src\main\resources\systems\Sepsis.xes,C:\projects\python\Anda\resources\models\Sepsis_20000_ORDERING_0.1_3_heuristics.pnml,0.7033112582781457,0.8973853605493712,107
C:\projects\python\Anda\Stability_Java\src\main\resources\systems\Sepsis.xes,C:\projects\python\Anda\resources\models\Sepsis_20000_ORDERING_0.1_3_inductive.pnml,0.25762075419340746,1.0,89
C:\projects\python\Anda\Stability_Java\src\main\resources\systems\Sepsis.xes,C:\projects\python\Anda\resources\models\Sepsis_4000_MIXED_0.4_1_alpha.pnml,0.27725180802103877,0.2418063185871337,28
C:\projects\python\Anda\Stability_Java\src\main\resources\systems\Sepsis.xes,C:\projects\python\Anda\resources\models\Sepsis_4000_MIXED_0.4_1_heuristics.pnml,0.7098531211750305,0.8946487278340816,121
C:\projects\python\Anda\Stability_Java\src\main\resources\systems\Sepsis.xes,C:\projects\python\Anda\resources\models\Sepsis_4000_MIXED_0.4_1_inductive.pnml,0.1782992536233382,1.0,112
C:\projects\python\Anda\Stability_Java\src\main\resources\systems\Sepsis.xes,C:\projects\python\Anda\resources\models\Sepsis_4000_INSERTION_0.2_4_alpha.pnml,0.27925302960068865,0.29238492921054055,33
C:\projects\python\Anda\Stability_Java\src\main\resources\systems\Sepsis.xes,C:\projects\python\Anda\resources\models\Sepsis_4000_INSERTION_0.2_4_heuristics.pnml,0.6812121924003054,0.8924441709340003,127
C:\projects\python\Anda\Stability_Java\src\main\resources\systems\Sepsis.xes,C:\projects\python\Anda\resources\models\Sepsis_4000_INSERTION_0.2_4_inductive.pnml,0.15013797801986062,1.0,87
C:\projects\python\Anda\Stability_Java\src\main\resources\systems\Sepsis.xes,C:\projects\python\Anda\resources\models\Sepsis_4000_ABSENCE_10.0_3_alpha.pnml,0.4426422388436003,0.26588961197193384,22
C:\projects\python\Anda\Stability_Java\src\main\resources\systems\Sepsis.xes,C:\projects\python\Anda\resources\models\Sepsis_4000_ABSENCE_10.0_3_heuristics.pnml,0.7692643845593591,0.8884339673661028,116
C:\projects\python\Anda\Stability_Java\src\main\resources\systems\Sepsis.xes,C:\projects\python\Anda\resources\models\Sepsis_4000_ABSENCE_10.0_3_inductive.pnml,0.2475336831655084,1.0,95
C:\projects\python\Anda\Stability_Java\src\main\resources\systems\RTFMS.xes,C:\projects\python\Anda\resources\models\RTFMS_2000_ORDERING_10.0_1_alpha.pnml,0.19999999999999996,0.30793285477431015,22
C:\projects\python\Anda\Stability_Java\src\main\resources\systems\RTFMS.xes,C:\projects\python\Anda\resources\models\RTFMS_2000_ORDERING_10.0_1_heuristics.pnml,0.43217957474964375,0.936014632961023,78
C:\projects\python\Anda\Stability_Java\src\main\resources\systems\RTFMS.xes,C:\projects\python\Anda\resources\models\RTFMS_2000_ORDERING_10.0_1_inductive.pnml,0.37569632341238257,0.9999837812812394,30
C:\projects\python\Anda\Stability_Java\src\main\resources\systems\Sepsis.xes,C:\projects\python\Anda\resources\models\Sepsis_20000_INSERTION_10.0_4_alpha.pnml,0.0032948929159802853,0.137420772847216,967
C:\projects\python\Anda\Stability_Java\src\main\resources\systems\Sepsis.xes,C:\projects\python\Anda\resources\models\Sepsis_20000_INSERTION_10.0_4_heuristics.pnml,0.024070416910561998,0.8985696848524987,1128
C:\projects\python\Anda\Stability_Java\src\main\resources\systems\Sepsis.xes,C:\projects\python\Anda\resources\models\Sepsis_20000_INSERTION_10.0_4_inductive.pnml,0.005745205142165366,1.0,1188
C:\projects\python\Anda\Stability_Java\src\main\resources\systems\Sepsis.xes,C:\projects\python\Anda\resources\models\Sepsis_4000_INSERTION_2.0_1_alpha.pnml,0.0553311363877963,0.13827065202476135,68
C:\projects\python\Anda\Stability_Java\src\main\resources\systems\Sepsis.xes,C:\projects\python\Anda\resources\models\Sepsis_4000_INSERTION_2.0_1_heuristics.pnml,0.38050716792966577,0.8845415481326686,175
C:\projects\python\Anda\Stability_Java\src\main\resources\systems\Sepsis.xes,C:\projects\python\Anda\resources\models\Sepsis_4000_INSERTION_2.0_1_inductive.pnml,0.069544123717584,1.0,207
C:\projects\python\Anda\Stability_Java\src\main\resources\systems\RTFMS.xes,C:\projects\python\Anda\resources\models\RTFMS_20000_INSERTION_10.0_2_alpha.pnml,0.0005910165484633856,0.422674698308034,969
C:\projects\python\Anda\Stability_Java\src\main\resources\systems\RTFMS.xes,C:\projects\python\Anda\resources\models\RTFMS_20000_INSERTION_10.0_2_heuristics.pnml,0.006534618889742605,0.9454065363927793,1090
C:\projects\python\Anda\Stability_Java\src\main\resources\systems\RTFMS.xes,C:\projects\python\Anda\resources\models\RTFMS_20000_INSERTION_10.0_2_inductive.pnml,0.008770975653515256,1.0,1111
C:\projects\python\Anda\Stability_Java\src\main\resources\systems\Sepsis.xes,C:\projects\python\Anda\resources\models\Sepsis_1000_ABSENCE_0.2_3_alpha.pnml,0.39660523149027804,0.24104736592894777,23
C:\projects\python\Anda\Stability_Java\src\main\resources\systems\Sepsis.xes,C:\projects\python\Anda\resources\models\Sepsis_1000_ABSENCE_0.2_3_heuristics.pnml,0.6784117801735472,0.9099023866914524,98
C:\projects\python\Anda\Stability_Java\src\main\resources\systems\Sepsis.xes,C:\projects\python\Anda\resources\models\Sepsis_1000_ABSENCE_0.2_3_inductive.pnml,0.2538721126432769,0.9999416039449582,92
C:\projects\python\Anda\Stability_Java\src\main\resources\systems\BPIC2012.xes,C:\projects\python\Anda\resources\models\BPIC2012_40000_ORDERING_0.1_1_alpha.pnml,0.0,0.414600698487446,33
C:\projects\python\Anda\Stability_Java\src\main\resources\systems\BPIC2012.xes,C:\projects\python\Anda\resources\models\BPIC2012_40000_ORDERING_0.1_1_heuristics.pnml,0.43969982747488856,0.9776836904920922,127
C:\projects\python\Anda\Stability_Java\src\main\resources\systems\BPIC2012.xes,C:\projects\python\Anda\resources\models\BPIC2012_40000_ORDERING_0.1_1_inductive.pnml,0.1151832729117328,1.0,76
C:\projects\python\Anda\Stability_Java\src\main\resources\systems\RTFMS.xes,C:\projects\python\Anda\resources\models\RTFMS_10000_ORDERING_0.2_5_alpha.pnml,0.5,0.4227626047295951,29
C:\projects\python\Anda\Stability_Java\src\main\resources\systems\RTFMS.xes,C:\projects\python\Anda\resources\models\RTFMS_10000_ORDERING_0.2_5_heuristics.pnml,0.576911800658116,0.9320395469900132,70
C:\projects\python\Anda\Stability_Java\src\main\resources\systems\RTFMS.xes,C:\projects\python\Anda\resources\models\RTFMS_10000_ORDERING_0.2_5_inductive.pnml,0.3814134495367104,0.9999922790095707,36
C:\projects\python\Anda\Stability_Java\src\main\resources\systems\BPIC2012.xes,C:\projects\python\Anda\resources\models\BPIC2012_20000_ABSENCE_0.2_5_alpha.pnml,0.032258064516129004,0.5552113061952955,37
C:\projects\python\Anda\Stability_Java\src\main\resources\systems\BPIC2012.xes,C:\projects\python\Anda\resources\models\BPIC2012_20000_ABSENCE_0.2_5_heuristics.pnml,0.27286211776556224,0.9793985023351707,126
C:\projects\python\Anda\Stability_Java\src\main\resources\systems\BPIC2012.xes,C:\projects\python\Anda\resources\models\BPIC2012_20000_ABSENCE_0.2_5_inductive.pnml,0.09685134690803199,0.9685561555142834,142
C:\projects\python\Anda\Stability_Java\src\main\resources\systems\BPIC2012.xes,C:\projects\python\Anda\resources\models\BPIC2012_4000_MIXED_4.0_1_alpha.pnml,0.010204081632653073,0.19424788759093525,66
C:\projects\python\Anda\Stability_Java\src\main\resources\systems\BPIC2012.xes,C:\projects\python\Anda\resources\models\BPIC2012_4000_MIXED_4.0_1_heuristics.pnml,0.17502405217932315,0.9791755202578647,192
C:\projects\python\Anda\Stability_Java\src\main\resources\systems\BPIC2012.xes,C:\projects\python\Anda\resources\models\BPIC2012_4000_MIXED_4.0_1_inductive.pnml,0.04941639604096859,1.0,277
C:\projects\python\Anda\Stability_Java\src\main\resources\systems\RTFMS.xes,C:\projects\python\Anda\resources\models\RTFMS_1000_SUBSTITUTION_0.4_5_alpha.pnml,0.8326930674701196,0.7124705047680036,29
C:\projects\python\Anda\Stability_Java\src\main\resources\systems\RTFMS.xes,C:\projects\python\Anda\resources\models\RTFMS_1000_SUBSTITUTION_0.4_5_heuristics.pnml,0.8943363723945208,0.9280834610129489,53
C:\projects\python\Anda\Stability_Java\src\main\resources\systems\RTFMS.xes,C:\projects\python\Anda\resources\models\RTFMS_1000_SUBSTITUTION_0.4_5_inductive.pnml,0.5865719349990399,0.9998231918322416,55
C:\projects\python\Anda\Stability_Java\src\main\resources\systems\RTFMS.xes,C:\projects\python\Anda\resources\models\RTFMS_20000_MIXED_0.4_1_alpha.pnml,0.022727272727272707,0.4230536454268654,45
C:\projects\python\Anda\Stability_Java\src\main\resources\systems\RTFMS.xes,C:\projects\python\Anda\resources\models\RTFMS_20000_MIXED_0.4_1_heuristics.pnml,0.1649420125214176,0.9464810171802052,104
C:\projects\python\Anda\Stability_Java\src\main\resources\systems\RTFMS.xes,C:\projects\python\Anda\resources\models\RTFMS_20000_MIXED_0.4_1_inductive.pnml,0.14318841660916004,0.9999993455376027,137
C:\projects\python\Anda\Stability_Java\src\main\resources\systems\BPIC2012.xes,C:\projects\python\Anda\resources\models\BPIC2012_1000_MIXED_2.0_3_alpha.pnml,0.0,0.42222705943576894,47
C:\projects\python\Anda\Stability_Java\src\main\resources\systems\BPIC2012.xes,C:\projects\python\Anda\resources\models\BPIC2012_1000_MIXED_2.0_3_heuristics.pnml,0.32092777637797554,0.9836736207493355,125
C:\projects\python\Anda\Stability_Java\src\main\resources\systems\BPIC2012.xes,C:\projects\python\Anda\resources\models\BPIC2012_1000_MIXED_2.0_3_inductive.pnml,0.12519943532834887,0.9999787783542671,182
C:\projects\python\Anda\Stability_Java\src\main\resources\systems\BPIC2012.xes,C:\projects\python\Anda\resources\models\BPIC2012_10000_ORDERING_1.0_5_alpha.pnml,0.033333333333333326,0.21409730490111928,31
C:\projects\python\Anda\Stability_Java\src\main\resources\systems\BPIC2012.xes,C:\projects\python\Anda\resources\models\BPIC2012_10000_ORDERING_1.0_5_heuristics.pnml,0.2618543278252743,0.9775260887749339,128
C:\projects\python\Anda\Stability_Java\src\main\resources\systems\BPIC2012.xes,C:\projects\python\Anda\resources\models\BPIC2012_10000_ORDERING_1.0_5_inductive.pnml,0.1130826004925004,0.984494391015549,141
C:\projects\python\Anda\Stability_Java\src\main\resources\systems\BPIC2012.xes,C:\projects\python\Anda\resources\models\BPIC2012_100000_SUBSTITUTION_0.2_3_alpha.pnml,0.00520833333333337,0.2683311767434119,134
C:\projects\python\Anda\Stability_Java\src\main\resources\systems\BPIC2012.xes,C:\projects\python\Anda\resources\models\BPIC2012_100000_SUBSTITUTION_0.2_3_heuristics.pnml,0.12218017386402247,0.9775409924673895,257
C:\projects\python\Anda\Stability_Java\src\main\resources\systems\BPIC2012.xes,C:\projects\python\Anda\resources\models\BPIC2012_100000_SUBSTITUTION_0.2_3_inductive.pnml,0.030579951331720867,1.0,336
C:\projects\python\Anda\Stability_Java\src\main\resources\systems\RTFMS.xes,C:\projects\python\Anda\resources\models\RTFMS_2000_MIXED_0.4_3_alpha.pnml,0.25011932342167276,0.559032840197543,25
C:\projects\python\Anda\Stability_Java\src\main\resources\systems\RTFMS.xes,C:\projects\python\Anda\resources\models\RTFMS_2000_MIXED_0.4_3_heuristics.pnml,0.8198903689844932,0.9326433364388141,69
C:\projects\python\Anda\Stability_Java\src\main\resources\systems\RTFMS.xes,C:\projects\python\Anda\resources\models\RTFMS_2000_MIXED_0.4_3_inductive.pnml,0.40700524291682416,0.9999260786902038,63
C:\projects\python\Anda\Stability_Java\src\main\resources\systems\BPIC2012.xes,C:\projects\python\Anda\resources\models\BPIC2012_100000_MIXED_0.2_5_alpha.pnml,0.009803921568627416,0.23314858569310326,89
C:\projects\python\Anda\Stability_Java\src\main\resources\systems\BPIC2012.xes,C:\projects\python\Anda\resources\models\BPIC2012_100000_MIXED_0.2_5_heuristics.pnml,0.1803906849268987,0.9689713924816972,202
C:\projects\python\Anda\Stability_Java\src\main\resources\systems\BPIC2012.xes,C:\projects\python\Anda\resources\models\BPIC2012_100000_MIXED_0.2_5_inductive.pnml,0.0424058141353425,1.0,305
C:\projects\python\Anda\Stability_Java\src\main\resources\systems\Sepsis.xes,C:\projects\python\Anda\resources\models\Sepsis_20000_MIXED_0.1_3_alpha.pnml,0.23622583280384857,0.2190270464736181,31
C:\projects\python\Anda\Stability_Java\src\main\resources\systems\Sepsis.xes,C:\projects\python\Anda\resources\models\Sepsis_20000_MIXED_0.1_3_heuristics.pnml,0.5730731180861588,0.8969441018992028,112
C:\projects\python\Anda\Stability_Java\src\main\resources\systems\Sepsis.xes,C:\projects\python\Anda\resources\models\Sepsis_20000_MIXED_0.1_3_inductive.pnml,0.17260994092011228,1.0,117
C:\projects\python\Anda\Stability_Java\src\main\resources\systems\Sepsis.xes,C:\projects\python\Anda\resources\models\Sepsis_20000_ABSENCE_4.0_4_alpha.pnml,0.4439746300211417,0.2713113947849354,23
C:\projects\python\Anda\Stability_Java\src\main\resources\systems\Sepsis.xes,C:\projects\python\Anda\resources\models\Sepsis_20000_ABSENCE_4.0_4_heuristics.pnml,0.6311723044921005,0.8969441018992028,109
C:\projects\python\Anda\Stability_Java\src\main\resources\systems\Sepsis.xes,C:\projects\python\Anda\resources\models\Sepsis_20000_ABSENCE_4.0_4_inductive.pnml,0.2475336831655084,1.0,95
C:\projects\python\Anda\Stability_Java\src\main\resources\systems\BPIC2012.xes,C:\projects\python\Anda\resources\models\BPIC2012_4000_ABSENCE_2.0_1_alpha.pnml,0.032258064516129004,0.5424698256645475,36
C:\projects\python\Anda\Stability_Java\src\main\resources\systems\BPIC2012.xes,C:\projects\python\Anda\resources\models\BPIC2012_4000_ABSENCE_2.0_1_heuristics.pnml,0.2705479801068036,0.9794048832883904,126
C:\projects\python\Anda\Stability_Java\src\main\resources\systems\BPIC2012.xes,C:\projects\python\Anda\resources\models\BPIC2012_4000_ABSENCE_2.0_1_inductive.pnml,0.10926068969551894,0.9772431647563077,134
C:\projects\python\Anda\Stability_Java\src\main\resources\systems\BPIC2012.xes,C:\projects\python\Anda\resources\models\BPIC2012_2000_INSERTION_0.4_5_alpha.pnml,0.030303030303030276,0.4943023049419681,37
C:\projects\python\Anda\Stability_Java\src\main\resources\systems\BPIC2012.xes,C:\projects\python\Anda\resources\models\BPIC2012_2000_INSERTION_0.4_5_heuristics.pnml,0.29476130358074504,0.9827026113945148,108
C:\projects\python\Anda\Stability_Java\src\main\resources\systems\BPIC2012.xes,C:\projects\python\Anda\resources\models\BPIC2012_2000_INSERTION_0.4_5_inductive.pnml,0.11343184039201093,0.9999786589892855,152
C:\projects\python\Anda\Stability_Java\src\main\resources\systems\Sepsis.xes,C:\projects\python\Anda\resources\models\Sepsis_1000_INSERTION_1.0_1_alpha.pnml,0.32361292302969846,0.20977093961792515,31
C:\projects\python\Anda\Stability_Java\src\main\resources\systems\Sepsis.xes,C:\projects\python\Anda\resources\models\Sepsis_1000_INSERTION_1.0_1_heuristics.pnml,0.595705379819903,0.9099023866914524,104
C:\projects\python\Anda\Stability_Java\src\main\resources\systems\Sepsis.xes,C:\projects\python\Anda\resources\models\Sepsis_1000_INSERTION_1.0_1_inductive.pnml,0.22156780398865072,0.9999414462536056,112
C:\projects\python\Anda\Stability_Java\src\main\resources\systems\RTFMS.xes,C:\projects\python\Anda\resources\models\RTFMS_10000_MIXED_0.2_2_alpha.pnml,0.1428571428571429,0.5019454888921582,31
C:\projects\python\Anda\Stability_Java\src\main\resources\systems\RTFMS.xes,C:\projects\python\Anda\resources\models\RTFMS_10000_MIXED_0.2_2_heuristics.pnml,0.4208248182015085,0.9441318657141333,76
C:\projects\python\Anda\Stability_Java\src\main\resources\systems\RTFMS.xes,C:\projects\python\Anda\resources\models\RTFMS_10000_MIXED_0.2_2_inductive.pnml,0.29135733220576476,0.9999959467535142,90
C:\projects\python\Anda\Stability_Java\src\main\resources\systems\Sepsis.xes,C:\projects\python\Anda\resources\models\Sepsis_20000_ORDERING_10.0_5_alpha.pnml,0.41306058221872544,0.1364404926601106,21
C:\projects\python\Anda\Stability_Java\src\main\resources\systems\Sepsis.xes,C:\projects\python\Anda\resources\models\Sepsis_20000_ORDERING_10.0_5_heuristics.pnml,0.49679472181928785,0.8757409489016101,130
C:\projects\python\Anda\Stability_Java\src\main\resources\systems\Sepsis.xes,C:\projects\python\Anda\resources\models\Sepsis_20000_ORDERING_10.0_5_inductive.pnml,0.231769102769257,1.0,105
C:\projects\python\Anda\Stability_Java\src\main\resources\systems\BPIC2012.xes,C:\projects\python\Anda\resources\models\BPIC2012_10000_ABSENCE_10.0_2_alpha.pnml,0.032258064516129004,0.563414538505251,38
C:\projects\python\Anda\Stability_Java\src\main\resources\systems\BPIC2012.xes,C:\projects\python\Anda\resources\models\BPIC2012_10000_ABSENCE_10.0_2_heuristics.pnml,0.3078578584769137,0.9753570747177376,129
C:\projects\python\Anda\Stability_Java\src\main\resources\systems\BPIC2012.xes,C:\projects\python\Anda\resources\models\BPIC2012_10000_ABSENCE_10.0_2_inductive.pnml,0.09476400364430693,0.9861975249351886,118
C:\projects\python\Anda\Stability_Java\src\main\resources\systems\RTFMS.xes,C:\projects\python\Anda\resources\models\RTFMS_20000_ABSENCE_0.1_5_alpha.pnml,0.5,0.5969917582413743,27
C:\projects\python\Anda\Stability_Java\src\main\resources\systems\RTFMS.xes,C:\projects\python\Anda\resources\models\RTFMS_20000_ABSENCE_0.1_5_heuristics.pnml,0.6717019199834231,0.9332252614058996,63
C:\projects\python\Anda\Stability_Java\src\main\resources\systems\RTFMS.xes,C:\projects\python\Anda\resources\models\RTFMS_20000_ABSENCE_0.1_5_inductive.pnml,0.3757584971992748,1.0,44
C:\projects\python\Anda\Stability_Java\src\main\resources\systems\Sepsis.xes,C:\projects\python\Anda\resources\models\Sepsis_1000_MIXED_0.2_4_alpha.pnml,0.39660523149027804,0.24104736592894777,23
C:\projects\python\Anda\Stability_Java\src\main\resources\systems\Sepsis.xes,C:\projects\python\Anda\resources\models\Sepsis_1000_MIXED_0.2_4_heuristics.pnml,0.6784117801735472,0.9099023866914524,98
C:\projects\python\Anda\Stability_Java\src\main\resources\systems\Sepsis.xes,C:\projects\python\Anda\resources\models\Sepsis_1000_MIXED_0.2_4_inductive.pnml,0.2538721126432769,0.9999416039449582,92
C:\projects\python\Anda\Stability_Java\src\main\resources\systems\RTFMS.xes,C:\projects\python\Anda\resources\models\RTFMS_1000_ORDERING_4.0_4_alpha.pnml,0.0,0.4678868305477303,25
C:\projects\python\Anda\Stability_Java\src\main\resources\systems\RTFMS.xes,C:\projects\python\Anda\resources\models\RTFMS_1000_ORDERING_4.0_4_heuristics.pnml,0.5054519873373198,0.9378829128199228,63
C:\projects\python\Anda\Stability_Java\src\main\resources\systems\RTFMS.xes,C:\projects\python\Anda\resources\models\RTFMS_1000_ORDERING_4.0_4_inductive.pnml,0.39897397142182234,0.9997842569337652,41
C:\projects\python\Anda\Stability_Java\src\main\resources\systems\RTFMS.xes,C:\projects\python\Anda\resources\models\RTFMS_20000_ORDERING_2.0_5_alpha.pnml,0.1428571428571429,0.3296478169715021,21
C:\projects\python\Anda\Stability_Java\src\main\resources\systems\RTFMS.xes,C:\projects\python\Anda\resources\models\RTFMS_20000_ORDERING_2.0_5_heuristics.pnml,0.449991447530968,0.9374503285044384,73
C:\projects\python\Anda\Stability_Java\src\main\resources\systems\RTFMS.xes,C:\projects\python\Anda\resources\models\RTFMS_20000_ORDERING_2.0_5_inductive.pnml,0.4540234886739277,1.0,36
C:\projects\python\Anda\Stability_Java\src\main\resources\systems\RTFMS.xes,C:\projects\python\Anda\resources\models\RTFMS_20000_INSERTION_2.0_2_alpha.pnml,0.002849002849002802,0.44775055291342886,210
C:\projects\python\Anda\Stability_Java\src\main\resources\systems\RTFMS.xes,C:\projects\python\Anda\resources\models\RTFMS_20000_INSERTION_2.0_2_heuristics.pnml,0.030372968316112026,0.9454718982291496,286
C:\projects\python\Anda\Stability_Java\src\main\resources\systems\RTFMS.xes,C:\projects\python\Anda\resources\models\RTFMS_20000_INSERTION_2.0_2_inductive.pnml,0.037199081414562185,1.0,283
C:\projects\python\Anda\Stability_Java\src\main\resources\systems\Sepsis.xes,C:\projects\python\Anda\resources\models\Sepsis_100000_ORDERING_0.2_2_alpha.pnml,0.27622989969750045,0.2249828246771517,27
C:\projects\python\Anda\Stability_Java\src\main\resources\systems\Sepsis.xes,C:\projects\python\Anda\resources\models\Sepsis_100000_ORDERING_0.2_2_heuristics.pnml,0.6647887323943662,0.9009589347093534,111
C:\projects\python\Anda\Stability_Java\src\main\resources\systems\Sepsis.xes,C:\projects\python\Anda\resources\models\Sepsis_100000_ORDERING_0.2_2_inductive.pnml,0.268789312069734,1.0,91
C:\projects\python\Anda\Stability_Java\src\main\resources\systems\RTFMS.xes,C:\projects\python\Anda\resources\models\RTFMS_4000_MIXED_0.1_3_alpha.pnml,0.22226853006132796,0.45865898686072626,25
C:\projects\python\Anda\Stability_Java\src\main\resources\systems\RTFMS.xes,C:\projects\python\Anda\resources\models\RTFMS_4000_MIXED_0.1_3_heuristics.pnml,0.8032205418060375,0.9260754308973845,71
C:\projects\python\Anda\Stability_Java\src\main\resources\systems\RTFMS.xes,C:\projects\python\Anda\resources\models\RTFMS_4000_MIXED_0.1_3_inductive.pnml,0.35929888755089934,0.999992288524843,54
C:\projects\python\Anda\Stability_Java\src\main\resources\systems\Sepsis.xes,C:\projects\python\Anda\resources\models\Sepsis_20000_ABSENCE_0.4_5_alpha.pnml,0.4426422388436003,0.26588961197193384,22
C:\projects\python\Anda\Stability_Java\src\main\resources\systems\Sepsis.xes,C:\projects\python\Anda\resources\models\Sepsis_20000_ABSENCE_0.4_5_heuristics.pnml,0.7033112582781457,0.8973853605493712,107
C:\projects\python\Anda\Stability_Java\src\main\resources\systems\Sepsis.xes,C:\projects\python\Anda\resources\models\Sepsis_20000_ABSENCE_0.4_5_inductive.pnml,0.2475336831655084,1.0,95
C:\projects\python\Anda\Stability_Java\src\main\resources\systems\Sepsis.xes,C:\projects\python\Anda\resources\models\Sepsis_40000_INSERTION_0.4_1_alpha.pnml,0.038693972588241476,0.15470007456762191,98
C:\projects\python\Anda\Stability_Java\src\main\resources\systems\Sepsis.xes,C:\projects\python\Anda\resources\models\Sepsis_40000_INSERTION_0.4_1_heuristics.pnml,0.21582806916524122,0.897657973537752,203
C:\projects\python\Anda\Stability_Java\src\main\resources\systems\Sepsis.xes,C:\projects\python\Anda\resources\models\Sepsis_40000_INSERTION_0.4_1_inductive.pnml,0.04886964994708043,1.0,272
C:\projects\python\Anda\Stability_Java\src\main\resources\systems\BPIC2012.xes,C:\projects\python\Anda\resources\models\BPIC2012_2000_INSERTION_2.0_5_alpha.pnml,0.06434594098825397,0.4765960382139861,51
C:\projects\python\Anda\Stability_Java\src\main\resources\systems\BPIC2012.xes,C:\projects\python\Anda\resources\models\BPIC2012_2000_INSERTION_2.0_5_heuristics.pnml,0.22737407200917026,0.98351316082305,136
C:\projects\python\Anda\Stability_Java\src\main\resources\systems\BPIC2012.xes,C:\projects\python\Anda\resources\models\BPIC2012_2000_INSERTION_2.0_5_inductive.pnml,0.08471728043281057,0.9999838565119328,208
C:\projects\python\Anda\Stability_Java\src\main\resources\systems\Sepsis.xes,C:\projects\python\Anda\resources\models\Sepsis_10000_ABSENCE_1.0_3_alpha.pnml,0.4426422388436003,0.26588961197193384,22
C:\projects\python\Anda\Stability_Java\src\main\resources\systems\Sepsis.xes,C:\projects\python\Anda\resources\models\Sepsis_10000_ABSENCE_1.0_3_heuristics.pnml,0.7189613665023501,0.8951296802796932,107
C:\projects\python\Anda\Stability_Java\src\main\resources\systems\Sepsis.xes,C:\projects\python\Anda\resources\models\Sepsis_10000_ABSENCE_1.0_3_inductive.pnml,0.2475336831655084,1.0,95
C:\projects\python\Anda\Stability_Java\src\main\resources\systems\Sepsis.xes,C:\projects\python\Anda\resources\models\Sepsis_100000_MIXED_0.1_2_alpha.pnml,0.10767263427109974,0.12260932222496429,54
C:\projects\python\Anda\Stability_Java\src\main\resources\systems\Sepsis.xes,C:\projects\python\Anda\resources\models\Sepsis_100000_MIXED_0.1_2_heuristics.pnml,0.34973517385219133,0.8957205918149422,146
C:\projects\python\Anda\Stability_Java\src\main\resources\systems\Sepsis.xes,C:\projects\python\Anda\resources\models\Sepsis_100000_MIXED_0.1_2_inductive.pnml,0.09097032511000358,1.0,206
C:\projects\python\Anda\Stability_Java\src\main\resources\systems\Sepsis.xes,C:\projects\python\Anda\resources\models\Sepsis_10000_ORDERING_0.2_5_alpha.pnml,0.4426422388436003,0.26588961197193384,22
C:\projects\python\Anda\Stability_Java\src\main\resources\systems\Sepsis.xes,C:\projects\python\Anda\resources\models\Sepsis_10000_ORDERING_0.2_5_heuristics.pnml,0.7189613665023501,0.8951296802796932,107
C:\projects\python\Anda\Stability_Java\src\main\resources\systems\Sepsis.xes,C:\projects\python\Anda\resources\models\Sepsis_10000_ORDERING_0.2_5_inductive.pnml,0.301076686137666,1.0,93
C:\projects\python\Anda\Stability_Java\src\main\resources\systems\RTFMS.xes,C:\projects\python\Anda\resources\models\RTFMS_100000_ORDERING_0.1_2_alpha.pnml,0.19999920203003563,0.37449484290736207,21
C:\projects\python\Anda\Stability_Java\src\main\resources\systems\RTFMS.xes,C:\projects\python\Anda\resources\models\RTFMS_100000_ORDERING_0.1_2_heuristics.pnml,0.5600159152153075,0.9391606273968278,76
C:\projects\python\Anda\Stability_Java\src\main\resources\systems\RTFMS.xes,C:\projects\python\Anda\resources\models\RTFMS_100000_ORDERING_0.1_2_inductive.pnml,0.4145906440867515,0.9999997075763459,74
C:\projects\python\Anda\Stability_Java\src\main\resources\systems\Sepsis.xes,C:\projects\python\Anda\resources\models\Sepsis_40000_ABSENCE_0.1_5_alpha.pnml,0.4426422388436003,0.26588961197193384,22
C:\projects\python\Anda\Stability_Java\src\main\resources\systems\Sepsis.xes,C:\projects\python\Anda\resources\models\Sepsis_40000_ABSENCE_0.1_5_heuristics.pnml,0.7033112582781457,0.89721291069021,107
C:\projects\python\Anda\Stability_Java\src\main\resources\systems\Sepsis.xes,C:\projects\python\Anda\resources\models\Sepsis_40000_ABSENCE_0.1_5_inductive.pnml,0.2475336831655084,1.0,95
C:\projects\python\Anda\Stability_Java\src\main\resources\systems\Sepsis.xes,C:\projects\python\Anda\resources\models\Sepsis_1000_ABSENCE_0.2_4_alpha.pnml,0.39660523149027804,0.24104736592894777,23
C:\projects\python\Anda\Stability_Java\src\main\resources\systems\Sepsis.xes,C:\projects\python\Anda\resources\models\Sepsis_1000_ABSENCE_0.2_4_heuristics.pnml,0.6784117801735472,0.9099023866914524,98
C:\projects\python\Anda\Stability_Java\src\main\resources\systems\Sepsis.xes,C:\projects\python\Anda\resources\models\Sepsis_1000_ABSENCE_0.2_4_inductive.pnml,0.2538721126432769,0.9999416039449582,92
C:\projects\python\Anda\Stability_Java\src\main\resources\systems\Sepsis.xes,C:\projects\python\Anda\resources\models\Sepsis_100000_SUBSTITUTION_0.2_3_alpha.pnml,0.03640595253520984,0.14374792670687242,125
C:\projects\python\Anda\Stability_Java\src\main\resources\systems\Sepsis.xes,C:\projects\python\Anda\resources\models\Sepsis_100000_SUBSTITUTION_0.2_3_heuristics.pnml,0.1620920353081835,0.8937967511237546,222
C:\projects\python\Anda\Stability_Java\src\main\resources\systems\Sepsis.xes,C:\projects\python\Anda\resources\models\Sepsis_100000_SUBSTITUTION_0.2_3_inductive.pnml,0.04015468462117544,1.0,299
C:\projects\python\Anda\Stability_Java\src\main\resources\systems\RTFMS.xes,C:\projects\python\Anda\resources\models\RTFMS_10000_ABSENCE_10.0_5_alpha.pnml,0.5,0.5897167396889682,31
C:\projects\python\Anda\Stability_Java\src\main\resources\systems\RTFMS.xes,C:\projects\python\Anda\resources\models\RTFMS_10000_ABSENCE_10.0_5_heuristics.pnml,0.6714910114552295,0.9328505634439271,67
C:\projects\python\Anda\Stability_Java\src\main\resources\systems\RTFMS.xes,C:\projects\python\Anda\resources\models\RTFMS_10000_ABSENCE_10.0_5_inductive.pnml,0.37554792702748174,0.9999911864716747,41
C:\projects\python\Anda\Stability_Java\src\main\resources\systems\Sepsis.xes,C:\projects\python\Anda\resources\models\Sepsis_10000_ABSENCE_0.2_1_alpha.pnml,0.4426422388436003,0.26588961197193384,22
C:\projects\python\Anda\Stability_Java\src\main\resources\systems\Sepsis.xes,C:\projects\python\Anda\resources\models\Sepsis_10000_ABSENCE_0.2_1_heuristics.pnml,0.7044386711624564,0.897762694969453,107
C:\projects\python\Anda\Stability_Java\src\main\resources\systems\Sepsis.xes,C:\projects\python\Anda\resources\models\Sepsis_10000_ABSENCE_0.2_1_inductive.pnml,0.2475336831655084,1.0,95
C:\projects\python\Anda\Stability_Java\src\main\resources\systems\Sepsis.xes,C:\projects\python\Anda\resources\models\Sepsis_1000_ABSENCE_0.1_3_alpha.pnml,0.39660523149027804,0.24104736592894777,23
C:\projects\python\Anda\Stability_Java\src\main\resources\systems\Sepsis.xes,C:\projects\python\Anda\resources\models\Sepsis_1000_ABSENCE_0.1_3_heuristics.pnml,0.6784117801735472,0.9099023866914524,98
C:\projects\python\Anda\Stability_Java\src\main\resources\systems\Sepsis.xes,C:\projects\python\Anda\resources\models\Sepsis_1000_ABSENCE_0.1_3_inductive.pnml,0.25382928347459843,0.9999318710164926,91
C:\projects\python\Anda\Stability_Java\src\main\resources\systems\BPIC2012.xes,C:\projects\python\Anda\resources\models\BPIC2012_2000_ABSENCE_10.0_4_alpha.pnml,0.032258064516129004,0.544075903622191,37
C:\projects\python\Anda\Stability_Java\src\main\resources\systems\BPIC2012.xes,C:\projects\python\Anda\resources\models\BPIC2012_2000_ABSENCE_10.0_4_heuristics.pnml,0.2948961695871287,0.97993504646708,112
C:\projects\python\Anda\Stability_Java\src\main\resources\systems\BPIC2012.xes,C:\projects\python\Anda\resources\models\BPIC2012_2000_ABSENCE_10.0_4_inductive.pnml,0.1032455385893658,0.9973058860188828,121
C:\projects\python\Anda\Stability_Java\src\main\resources\systems\Sepsis.xes,C:\projects\python\Anda\resources\models\Sepsis_40000_ABSENCE_4.0_2_alpha.pnml,0.4439746300211417,0.2713113947849354,23
C:\projects\python\Anda\Stability_Java\src\main\resources\systems\Sepsis.xes,C:\projects\python\Anda\resources\models\Sepsis_40000_ABSENCE_4.0_2_heuristics.pnml,0.6311723044921005,0.8972414060726303,109
C:\projects\python\Anda\Stability_Java\src\main\resources\systems\Sepsis.xes,C:\projects\python\Anda\resources\models\Sepsis_40000_ABSENCE_4.0_2_inductive.pnml,0.2475336831655084,1.0,95
C:\projects\python\Anda\Stability_Java\src\main\resources\systems\BPIC2012.xes,C:\projects\python\Anda\resources\models\BPIC2012_2000_MIXED_1.0_2_alpha.pnml,0.025000000000000022,0.5055515819276257,37
C:\projects\python\Anda\Stability_Java\src\main\resources\systems\BPIC2012.xes,C:\projects\python\Anda\resources\models\BPIC2012_2000_MIXED_1.0_2_heuristics.pnml,0.2758983821665548,0.9827422557791248,115
C:\projects\python\Anda\Stability_Java\src\main\resources\systems\BPIC2012.xes,C:\projects\python\Anda\resources\models\BPIC2012_2000_MIXED_1.0_2_inductive.pnml,0.10452484287225061,0.9999756757499748,173
C:\projects\python\Anda\Stability_Java\src\main\resources\systems\BPIC2012.xes,C:\projects\python\Anda\resources\models\BPIC2012_40000_MIXED_4.0_4_alpha.pnml,0.0012594458438287548,0.10106842995516907,436
C:\projects\python\Anda\Stability_Java\src\main\resources\systems\BPIC2012.xes,C:\projects\python\Anda\resources\models\BPIC2012_40000_MIXED_4.0_4_heuristics.pnml,0.04590739558573265,0.9760454755231629,614
C:\projects\python\Anda\Stability_Java\src\main\resources\systems\BPIC2012.xes,C:\projects\python\Anda\resources\models\BPIC2012_40000_MIXED_4.0_4_inductive.pnml,0.010699201143014703,1.0,758
C:\projects\python\Anda\Stability_Java\src\main\resources\systems\Sepsis.xes,C:\projects\python\Anda\resources\models\Sepsis_100000_ORDERING_2.0_4_alpha.pnml,0.3591585428424833,0.12312602914588189,24
C:\projects\python\Anda\Stability_Java\src\main\resources\systems\Sepsis.xes,C:\projects\python\Anda\resources\models\Sepsis_100000_ORDERING_2.0_4_heuristics.pnml,0.5509314514036636,0.8899435301023098,126
C:\projects\python\Anda\Stability_Java\src\main\resources\systems\Sepsis.xes,C:\projects\python\Anda\resources\models\Sepsis_100000_ORDERING_2.0_4_inductive.pnml,0.25201795282165473,1.0,91
C:\projects\python\Anda\Stability_Java\src\main\resources\systems\Sepsis.xes,C:\projects\python\Anda\resources\models\Sepsis_4000_SUBSTITUTION_0.2_3_alpha.pnml,0.3233983714856353,0.23518984347424832,30
C:\projects\python\Anda\Stability_Java\src\main\resources\systems\Sepsis.xes,C:\projects\python\Anda\resources\models\Sepsis_4000_SUBSTITUTION_0.2_3_heuristics.pnml,0.6379386206137938,0.8856196503602701,123
C:\projects\python\Anda\Stability_Java\src\main\resources\systems\Sepsis.xes,C:\projects\python\Anda\resources\models\Sepsis_4000_SUBSTITUTION_0.2_3_inductive.pnml,0.17904882772807773,1.0,135
C:\projects\python\Anda\Stability_Java\src\main\resources\systems\RTFMS.xes,C:\projects\python\Anda\resources\models\RTFMS_100000_MIXED_0.2_1_alpha.pnml,0.021275436753433685,0.3775723402252583,73
C:\projects\python\Anda\Stability_Java\src\main\resources\systems\RTFMS.xes,C:\projects\python\Anda\resources\models\RTFMS_100000_MIXED_0.2_1_heuristics.pnml,0.10344681985984816,0.9479930939365597,149
C:\projects\python\Anda\Stability_Java\src\main\resources\systems\RTFMS.xes,C:\projects\python\Anda\resources\models\RTFMS_100000_MIXED_0.2_1_inductive.pnml,0.0889902225932162,0.999999686426905,177
C:\projects\python\Anda\Stability_Java\src\main\resources\systems\RTFMS.xes,C:\projects\python\Anda\resources\models\RTFMS_40000_ORDERING_0.1_1_alpha.pnml,0.3333388749056547,0.36277503771594727,22
C:\projects\python\Anda\Stability_Java\src\main\resources\systems\RTFMS.xes,C:\projects\python\Anda\resources\models\RTFMS_40000_ORDERING_0.1_1_heuristics.pnml,0.4503160787236997,0.9364526378474753,72
C:\projects\python\Anda\Stability_Java\src\main\resources\systems\RTFMS.xes,C:\projects\python\Anda\resources\models\RTFMS_40000_ORDERING_0.1_1_inductive.pnml,0.38140659245412456,1.0,44
C:\projects\python\Anda\Stability_Java\src\main\resources\systems\BPIC2012.xes,C:\projects\python\Anda\resources\models\BPIC2012_10000_MIXED_0.1_5_alpha.pnml,0.027027027027026973,0.5263442997778434,39
C:\projects\python\Anda\Stability_Java\src\main\resources\systems\BPIC2012.xes,C:\projects\python\Anda\resources\models\BPIC2012_10000_MIXED_0.1_5_heuristics.pnml,0.2608060281414786,0.9770406251663643,126
C:\projects\python\Anda\Stability_Java\src\main\resources\systems\BPIC2012.xes,C:\projects\python\Anda\resources\models\BPIC2012_10000_MIXED_0.1_5_inductive.pnml,0.12039633301024844,0.9999988398425899,158
C:\projects\python\Anda\Stability_Java\src\main\resources\systems\Sepsis.xes,C:\projects\python\Anda\resources\models\Sepsis_100000_SUBSTITUTION_1.0_2_alpha.pnml,0.006571741511500528,0.1290441955115162,491
C:\projects\python\Anda\Stability_Java\src\main\resources\systems\Sepsis.xes,C:\projects\python\Anda\resources\models\Sepsis_100000_SUBSTITUTION_1.0_2_heuristics.pnml,0.0437272468372889,0.897484999750168,618
C:\projects\python\Anda\Stability_Java\src\main\resources\systems\Sepsis.xes,C:\projects\python\Anda\resources\models\Sepsis_100000_SUBSTITUTION_1.0_2_inductive.pnml,0.010157821736909711,1.0,690
C:\projects\python\Anda\Stability_Java\src\main\resources\systems\Sepsis.xes,C:\projects\python\Anda\resources\models\Sepsis_1000_SUBSTITUTION_10.0_4_alpha.pnml,0.0636123527021536,0.1516670445556187,71
C:\projects\python\Anda\Stability_Java\src\main\resources\systems\Sepsis.xes,C:\projects\python\Anda\resources\models\Sepsis_1000_SUBSTITUTION_10.0_4_heuristics.pnml,0.25620754042350324,0.8995102544023124,160
C:\projects\python\Anda\Stability_Java\src\main\resources\systems\Sepsis.xes,C:\projects\python\Anda\resources\models\Sepsis_1000_SUBSTITUTION_10.0_4_inductive.pnml,0.06728902200349474,0.9999448353641927,230
C:\projects\python\Anda\Stability_Java\src\main\resources\systems\Sepsis.xes,C:\projects\python\Anda\resources\models\Sepsis_100000_ABSENCE_4.0_3_alpha.pnml,0.4897388059701493,0.2478320647764068,22
C:\projects\python\Anda\Stability_Java\src\main\resources\systems\Sepsis.xes,C:\projects\python\Anda\resources\models\Sepsis_100000_ABSENCE_4.0_3_heuristics.pnml,0.6862627073301231,0.8864341278686684,114
C:\projects\python\Anda\Stability_Java\src\main\resources\systems\Sepsis.xes,C:\projects\python\Anda\resources\models\Sepsis_100000_ABSENCE_4.0_3_inductive.pnml,0.24474159496539272,1.0,96
C:\projects\python\Anda\Stability_Java\src\main\resources\systems\BPIC2012.xes,C:\projects\python\Anda\resources\models\BPIC2012_20000_INSERTION_10.0_2_alpha.pnml,0.0005820721769499437,0.10897938482494596,921
C:\projects\python\Anda\Stability_Java\src\main\resources\systems\BPIC2012.xes,C:\projects\python\Anda\resources\models\BPIC2012_20000_INSERTION_10.0_2_heuristics.pnml,0.021638527823430898,0.9706575317433759,1163
C:\projects\python\Anda\Stability_Java\src\main\resources\systems\BPIC2012.xes,C:\projects\python\Anda\resources\models\BPIC2012_20000_INSERTION_10.0_2_inductive.pnml,0.006343826626466931,1.0,1261
C:\projects\python\Anda\Stability_Java\src\main\resources\systems\BPIC2012.xes,C:\projects\python\Anda\resources\models\BPIC2012_100000_INSERTION_0.1_1_alpha.pnml,0.03768566883037949,0.3327419852963649,79
C:\projects\python\Anda\Stability_Java\src\main\resources\systems\BPIC2012.xes,C:\projects\python\Anda\resources\models\BPIC2012_100000_INSERTION_0.1_1_heuristics.pnml,0.19903908244582402,0.9726256912752633,180
C:\projects\python\Anda\Stability_Java\src\main\resources\systems\BPIC2012.xes,C:\projects\python\Anda\resources\models\BPIC2012_100000_INSERTION_0.1_1_inductive.pnml,0.06258773272839946,1.0,273
C:\projects\python\Anda\Stability_Java\src\main\resources\systems\BPIC2012.xes,C:\projects\python\Anda\resources\models\BPIC2012_10000_MIXED_0.1_3_alpha.pnml,0.0,0.5150575258483159,44
C:\projects\python\Anda\Stability_Java\src\main\resources\systems\BPIC2012.xes,C:\projects\python\Anda\resources\models\BPIC2012_10000_MIXED_0.1_3_heuristics.pnml,0.253973379062844,0.9804638816028327,131
C:\projects\python\Anda\Stability_Java\src\main\resources\systems\BPIC2012.xes,C:\projects\python\Anda\resources\models\BPIC2012_10000_MIXED_0.1_3_inductive.pnml,0.09909492010098742,1.0,157
C:\projects\python\Anda\Stability_Java\src\main\resources\systems\RTFMS.xes,C:\projects\python\Anda\resources\models\RTFMS_2000_MIXED_0.2_5_alpha.pnml,0.5247464810049947,0.6566741432653994,28
C:\projects\python\Anda\Stability_Java\src\main\resources\systems\RTFMS.xes,C:\projects\python\Anda\resources\models\RTFMS_2000_MIXED_0.2_5_heuristics.pnml,0.754942127149975,0.9259726232246591,66
C:\projects\python\Anda\Stability_Java\src\main\resources\systems\RTFMS.xes,C:\projects\python\Anda\resources\models\RTFMS_2000_MIXED_0.2_5_inductive.pnml,0.5392065646516934,0.999926564353975,61
C:\projects\python\Anda\Stability_Java\src\main\resources\systems\RTFMS.xes,C:\projects\python\Anda\resources\models\RTFMS_20000_MIXED_4.0_4_alpha.pnml,0.006493124033393749,0.4227198578754394,193
C:\projects\python\Anda\Stability_Java\src\main\resources\systems\RTFMS.xes,C:\projects\python\Anda\resources\models\RTFMS_20000_MIXED_4.0_4_heuristics.pnml,0.03499692380457342,0.9410979620343616,270
C:\projects\python\Anda\Stability_Java\src\main\resources\systems\RTFMS.xes,C:\projects\python\Anda\resources\models\RTFMS_20000_MIXED_4.0_4_inductive.pnml,0.03660080724835668,0.9999996306610429,317
C:\projects\python\Anda\Stability_Java\src\main\resources\systems\RTFMS.xes,C:\projects\python\Anda\resources\models\RTFMS_1000_MIXED_4.0_2_alpha.pnml,0.04347826086956519,0.43604094347734357,31
C:\projects\python\Anda\Stability_Java\src\main\resources\systems\RTFMS.xes,C:\projects\python\Anda\resources\models\RTFMS_1000_MIXED_4.0_2_heuristics.pnml,0.29287473390874363,0.9360879548759464,76
C:\projects\python\Anda\Stability_Java\src\main\resources\systems\RTFMS.xes,C:\projects\python\Anda\resources\models\RTFMS_1000_MIXED_4.0_2_inductive.pnml,0.24344965992624956,0.9999240273322264,101
C:\projects\python\Anda\Stability_Java\src\main\resources\systems\BPIC2012.xes,C:\projects\python\Anda\resources\models\BPIC2012_1000_MIXED_10.0_5_alpha.pnml,0.014925373134328401,0.36275171574631543,70
C:\projects\python\Anda\Stability_Java\src\main\resources\systems\BPIC2012.xes,C:\projects\python\Anda\resources\models\BPIC2012_1000_MIXED_10.0_5_heuristics.pnml,0.19980059484804802,0.9856332257912229,170
C:\projects\python\Anda\Stability_Java\src\main\resources\systems\BPIC2012.xes,C:\projects\python\Anda\resources\models\BPIC2012_1000_MIXED_10.0_5_inductive.pnml,0.06046264308897209,0.99998183622289,270
C:\projects\python\Anda\Stability_Java\src\main\resources\systems\BPIC2012.xes,C:\projects\python\Anda\resources\models\BPIC2012_2000_MIXED_1.0_1_alpha.pnml,0.022727272727272707,0.5046963511464377,40
C:\projects\python\Anda\Stability_Java\src\main\resources\systems\BPIC2012.xes,C:\projects\python\Anda\resources\models\BPIC2012_2000_MIXED_1.0_1_heuristics.pnml,0.25819289682458935,0.9822255027715899,114
C:\projects\python\Anda\Stability_Java\src\main\resources\systems\BPIC2012.xes,C:\projects\python\Anda\resources\models\BPIC2012_2000_MIXED_1.0_1_inductive.pnml,0.07745768165868105,0.9999758374013968,181
C:\projects\python\Anda\Stability_Java\src\main\resources\systems\BPIC2012.xes,C:\projects\python\Anda\resources\models\BPIC2012_2000_MIXED_4.0_2_alpha.pnml,0.015625,0.2824006967665436,49
C:\projects\python\Anda\Stability_Java\src\main\resources\systems\BPIC2012.xes,C:\projects\python\Anda\resources\models\BPIC2012_2000_MIXED_4.0_2_heuristics.pnml,0.22804769705590844,0.9833619214113869,134
C:\projects\python\Anda\Stability_Java\src\main\resources\systems\BPIC2012.xes,C:\projects\python\Anda\resources\models\BPIC2012_2000_MIXED_4.0_2_inductive.pnml,0.06509280026021902,0.9952083361135889,223
C:\projects\python\Anda\Stability_Java\src\main\resources\systems\Sepsis.xes,C:\projects\python\Anda\resources\models\Sepsis_2000_SUBSTITUTION_2.0_1_alpha.pnml,0.11581348200709585,0.16714207749681648,44
C:\projects\python\Anda\Stability_Java\src\main\resources\systems\Sepsis.xes,C:\projects\python\Anda\resources\models\Sepsis_2000_SUBSTITUTION_2.0_1_heuristics.pnml,0.3638983576076852,0.9166010027424173,137
C:\projects\python\Anda\Stability_Java\src\main\resources\systems\Sepsis.xes,C:\projects\python\Anda\resources\models\Sepsis_2000_SUBSTITUTION_2.0_1_inductive.pnml,0.11174219430441557,1.0,172
C:\projects\python\Anda\Stability_Java\src\main\resources\systems\Sepsis.xes,C:\projects\python\Anda\resources\models\Sepsis_1000_ORDERING_0.1_3_alpha.pnml,0.39660523149027804,0.24104736592894777,23
C:\projects\python\Anda\Stability_Java\src\main\resources\systems\Sepsis.xes,C:\projects\python\Anda\resources\models\Sepsis_1000_ORDERING_0.1_3_heuristics.pnml,0.6784117801735472,0.9099023866914524,98
C:\projects\python\Anda\Stability_Java\src\main\resources\systems\Sepsis.xes,C:\projects\python\Anda\resources\models\Sepsis_1000_ORDERING_0.1_3_inductive.pnml,0.25382928347459843,0.9999318710164926,91
C:\projects\python\Anda\Stability_Java\src\main\resources\systems\Sepsis.xes,C:\projects\python\Anda\resources\models\Sepsis_100000_SUBSTITUTION_0.4_5_alpha.pnml,0.018317819815843794,0.1514407424718066,210
C:\projects\python\Anda\Stability_Java\src\main\resources\systems\Sepsis.xes,C:\projects\python\Anda\resources\models\Sepsis_100000_SUBSTITUTION_0.4_5_heuristics.pnml,0.09103909752431127,0.8986352223296925,333
C:\projects\python\Anda\Stability_Java\src\main\resources\systems\Sepsis.xes,C:\projects\python\Anda\resources\models\Sepsis_100000_SUBSTITUTION_0.4_5_inductive.pnml,0.025240260859605734,1.0,394
C:\projects\python\Anda\Stability_Java\src\main\resources\systems\Sepsis.xes,C:\projects\python\Anda\resources\models\Sepsis_20000_INSERTION_10.0_2_alpha.pnml,0.0034129692832765013,0.12892927308447932,941
C:\projects\python\Anda\Stability_Java\src\main\resources\systems\Sepsis.xes,C:\projects\python\Anda\resources\models\Sepsis_20000_INSERTION_10.0_2_heuristics.pnml,0.023561227862395673,0.9026348501618129,1120
C:\projects\python\Anda\Stability_Java\src\main\resources\systems\Sepsis.xes,C:\projects\python\Anda\resources\models\Sepsis_20000_INSERTION_10.0_2_inductive.pnml,0.006025620417675404,1.0,1144
C:\projects\python\Anda\Stability_Java\src\main\resources\systems\BPIC2012.xes,C:\projects\python\Anda\resources\models\BPIC2012_10000_SUBSTITUTION_1.0_5_alpha.pnml,0.006993006993006978,0.3840046366148333,92
C:\projects\python\Anda\Stability_Java\src\main\resources\systems\BPIC2012.xes,C:\projects\python\Anda\resources\models\BPIC2012_10000_SUBSTITUTION_1.0_5_heuristics.pnml,0.15103235691419736,0.976272253395158,193
C:\projects\python\Anda\Stability_Java\src\main\resources\systems\BPIC2012.xes,C:\projects\python\Anda\resources\models\BPIC2012_10000_SUBSTITUTION_1.0_5_inductive.pnml,0.048893018102865504,1.0,293
C:\projects\python\Anda\Stability_Java\src\main\resources\systems\RTFMS.xes,C:\projects\python\Anda\resources\models\RTFMS_40000_MIXED_2.0_1_alpha.pnml,0.0030674846625766694,0.42357883691897424,208
C:\projects\python\Anda\Stability_Java\src\main\resources\systems\RTFMS.xes,C:\projects\python\Anda\resources\models\RTFMS_40000_MIXED_2.0_1_heuristics.pnml,0.026234585641277453,0.9456422195433347,297
C:\projects\python\Anda\Stability_Java\src\main\resources\systems\RTFMS.xes,C:\projects\python\Anda\resources\models\RTFMS_40000_MIXED_2.0_1_inductive.pnml,0.032188618282939174,0.9999996648128021,332
C:\projects\python\Anda\Stability_Java\src\main\resources\systems\BPIC2012.xes,C:\projects\python\Anda\resources\models\BPIC2012_20000_INSERTION_1.0_1_alpha.pnml,0.025111643480785206,0.18699087904008743,121
C:\projects\python\Anda\Stability_Java\src\main\resources\systems\BPIC2012.xes,C:\projects\python\Anda\resources\models\BPIC2012_20000_INSERTION_1.0_1_heuristics.pnml,0.15637401871938061,0.973757510965332,234
C:\projects\python\Anda\Stability_Java\src\main\resources\systems\BPIC2012.xes,C:\projects\python\Anda\resources\models\BPIC2012_20000_INSERTION_1.0_1_inductive.pnml,0.04459960901748483,1.0,341
C:\projects\python\Anda\Stability_Java\src\main\resources\systems\BPIC2012.xes,C:\projects\python\Anda\resources\models\BPIC2012_40000_ORDERING_0.2_4_alpha.pnml,0.033333333333333326,0.3170276509081517,34
C:\projects\python\Anda\Stability_Java\src\main\resources\systems\BPIC2012.xes,C:\projects\python\Anda\resources\models\BPIC2012_40000_ORDERING_0.2_4_heuristics.pnml,0.30448475449654466,0.9803928836952203,128
C:\projects\python\Anda\Stability_Java\src\main\resources\systems\BPIC2012.xes,C:\projects\python\Anda\resources\models\BPIC2012_40000_ORDERING_0.2_4_inductive.pnml,0.09555370215805359,0.9673316375481479,139
C:\projects\python\Anda\Stability_Java\src\main\resources\systems\Sepsis.xes,C:\projects\python\Anda\resources\models\Sepsis_100000_MIXED_0.4_3_alpha.pnml,0.031065453278611876,0.14235163433028514,127
C:\projects\python\Anda\Stability_Java\src\main\resources\systems\Sepsis.xes,C:\projects\python\Anda\resources\models\Sepsis_100000_MIXED_0.4_3_heuristics.pnml,0.16052340358259054,0.8970955945006731,237
C:\projects\python\Anda\Stability_Java\src\main\resources\systems\Sepsis.xes,C:\projects\python\Anda\resources\models\Sepsis_100000_MIXED_0.4_3_inductive.pnml,0.03864976496046357,1.0,301
C:\projects\python\Anda\Stability_Java\src\main\resources\systems\RTFMS.xes,C:\projects\python\Anda\resources\models\RTFMS_2000_ORDERING_4.0_5_alpha.pnml,0.16666666666666663,0.3666991355053735,23
C:\projects\python\Anda\Stability_Java\src\main\resources\systems\RTFMS.xes,C:\projects\python\Anda\resources\models\RTFMS_2000_ORDERING_4.0_5_heuristics.pnml,0.5329973611419228,0.9371242267375429,77
C:\projects\python\Anda\Stability_Java\src\main\resources\systems\RTFMS.xes,C:\projects\python\Anda\resources\models\RTFMS_2000_ORDERING_4.0_5_inductive.pnml,0.4613834556361375,0.9999179256227262,39
C:\projects\python\Anda\Stability_Java\src\main\resources\systems\BPIC2012.xes,C:\projects\python\Anda\resources\models\BPIC2012_1000_INSERTION_4.0_2_alpha.pnml,0.05201478455109887,0.5561349348176412,52
C:\projects\python\Anda\Stability_Java\src\main\resources\systems\BPIC2012.xes,C:\projects\python\Anda\resources\models\BPIC2012_1000_INSERTION_4.0_2_heuristics.pnml,0.22513041828965297,0.9845244170270062,137
C:\projects\python\Anda\Stability_Java\src\main\resources\systems\BPIC2012.xes,C:\projects\python\Anda\resources\models\BPIC2012_1000_INSERTION_4.0_2_inductive.pnml,0.08231948412197265,0.9999551070288335,208
C:\projects\python\Anda\Stability_Java\src\main\resources\systems\RTFMS.xes,C:\projects\python\Anda\resources\models\RTFMS_4000_SUBSTITUTION_0.1_4_alpha.pnml,0.3998426218718443,0.5947376353797091,33
C:\projects\python\Anda\Stability_Java\src\main\resources\systems\RTFMS.xes,C:\projects\python\Anda\resources\models\RTFMS_4000_SUBSTITUTION_0.1_4_heuristics.pnml,0.5402776376674927,0.9247986405449785,69
C:\projects\python\Anda\Stability_Java\src\main\resources\systems\RTFMS.xes,C:\projects\python\Anda\resources\models\RTFMS_4000_SUBSTITUTION_0.1_4_inductive.pnml,0.3125070368212679,0.9999943860338557,67
C:\projects\python\Anda\Stability_Java\src\main\resources\systems\BPIC2012.xes,C:\projects\python\Anda\resources\models\BPIC2012_2000_MIXED_2.0_2_alpha.pnml,0.0,0.36333840928575345,42
C:\projects\python\Anda\Stability_Java\src\main\resources\systems\BPIC2012.xes,C:\projects\python\Anda\resources\models\BPIC2012_2000_MIXED_2.0_2_heuristics.pnml,0.256898051838362,0.9833619214113869,123
C:\projects\python\Anda\Stability_Java\src\main\resources\systems\BPIC2012.xes,C:\projects\python\Anda\resources\models\BPIC2012_2000_MIXED_2.0_2_inductive.pnml,0.07920492267217438,0.9903217174143646,191
C:\projects\python\Anda\Stability_Java\src\main\resources\systems\RTFMS.xes,C:\projects\python\Anda\resources\models\RTFMS_2000_ABSENCE_0.2_3_alpha.pnml,0.6670924720994127,0.7029795563097387,29
C:\projects\python\Anda\Stability_Java\src\main\resources\systems\RTFMS.xes,C:\projects\python\Anda\resources\models\RTFMS_2000_ABSENCE_0.2_3_heuristics.pnml,0.8198903689844932,0.9326742858759143,66
C:\projects\python\Anda\Stability_Java\src\main\resources\systems\RTFMS.xes,C:\projects\python\Anda\resources\models\RTFMS_2000_ABSENCE_0.2_3_inductive.pnml,0.44910688178957814,0.9999025887846753,58
C:\projects\python\Anda\Stability_Java\src\main\resources\systems\RTFMS.xes,C:\projects\python\Anda\resources\models\RTFMS_20000_MIXED_2.0_5_alpha.pnml,0.007518796992481258,0.45322305478815367,91
C:\projects\python\Anda\Stability_Java\src\main\resources\systems\RTFMS.xes,C:\projects\python\Anda\resources\models\RTFMS_20000_MIXED_2.0_5_heuristics.pnml,0.06381327216547172,0.9454728378858123,173
C:\projects\python\Anda\Stability_Java\src\main\resources\systems\RTFMS.xes,C:\projects\python\Anda\resources\models\RTFMS_20000_MIXED_2.0_5_inductive.pnml,0.06831016016358227,1.0,171
C:\projects\python\Anda\Stability_Java\src\main\resources\systems\Sepsis.xes,C:\projects\python\Anda\resources\models\Sepsis_40000_SUBSTITUTION_0.4_1_alpha.pnml,0.0564898941082973,0.13902991086644756,104
C:\projects\python\Anda\Stability_Java\src\main\resources\systems\Sepsis.xes,C:\projects\python\Anda\resources\models\Sepsis_40000_SUBSTITUTION_0.4_1_heuristics.pnml,0.18143766283688545,0.8980743408092262,211
C:\projects\python\Anda\Stability_Java\src\main\resources\systems\Sepsis.xes,C:\projects\python\Anda\resources\models\Sepsis_40000_SUBSTITUTION_0.4_1_inductive.pnml,0.048075980189619894,1.0,266
C:\projects\python\Anda\Stability_Java\src\main\resources\systems\BPIC2012.xes,C:\projects\python\Anda\resources\models\BPIC2012_20000_ABSENCE_0.4_4_alpha.pnml,0.032258064516129004,0.5412760311095418,36
C:\projects\python\Anda\Stability_Java\src\main\resources\systems\BPIC2012.xes,C:\projects\python\Anda\resources\models\BPIC2012_20000_ABSENCE_0.4_4_heuristics.pnml,0.27286211776556224,0.9770154313156352,126
C:\projects\python\Anda\Stability_Java\src\main\resources\systems\BPIC2012.xes,C:\projects\python\Anda\resources\models\BPIC2012_20000_ABSENCE_0.4_4_inductive.pnml,0.10064791104657622,0.9738394216095271,144
C:\projects\python\Anda\Stability_Java\src\main\resources\systems\RTFMS.xes,C:\projects\python\Anda\resources\models\RTFMS_100000_SUBSTITUTION_0.4_4_alpha.pnml,0.003215434083601254,0.4207022919042856,198
C:\projects\python\Anda\Stability_Java\src\main\resources\systems\RTFMS.xes,C:\projects\python\Anda\resources\models\RTFMS_100000_SUBSTITUTION_0.4_4_heuristics.pnml,0.030502371952540686,0.9337407827913463,278
C:\projects\python\Anda\Stability_Java\src\main\resources\systems\RTFMS.xes,C:\projects\python\Anda\resources\models\RTFMS_100000_SUBSTITUTION_0.4_4_inductive.pnml,0.03328686073621179,1.0,321
C:\projects\python\Anda\Stability_Java\src\main\resources\systems\Sepsis.xes,C:\projects\python\Anda\resources\models\Sepsis_10000_MIXED_0.4_5_alpha.pnml,0.2680937818552498,0.1789892003187024,32
C:\projects\python\Anda\Stability_Java\src\main\resources\systems\Sepsis.xes,C:\projects\python\Anda\resources\models\Sepsis_10000_MIXED_0.4_5_heuristics.pnml,0.5417206530189168,0.8986040361519021,120
C:\projects\python\Anda\Stability_Java\src\main\resources\systems\Sepsis.xes,C:\projects\python\Anda\resources\models\Sepsis_10000_MIXED_0.4_5_inductive.pnml,0.13242675914940216,1.0,117
C:\projects\python\Anda\Stability_Java\src\main\resources\systems\RTFMS.xes,C:\projects\python\Anda\resources\models\RTFMS_4000_ABSENCE_2.0_5_alpha.pnml,0.5,0.610372387251131,32
C:\projects\python\Anda\Stability_Java\src\main\resources\systems\RTFMS.xes,C:\projects\python\Anda\resources\models\RTFMS_4000_ABSENCE_2.0_5_heuristics.pnml,0.6715810652332187,0.9316235420037859,71
C:\projects\python\Anda\Stability_Java\src\main\resources\systems\RTFMS.xes,C:\projects\python\Anda\resources\models\RTFMS_4000_ABSENCE_2.0_5_inductive.pnml,0.5204544162709341,0.9999671576555049,46
C:\projects\python\Anda\Stability_Java\src\main\resources\systems\RTFMS.xes,C:\projects\python\Anda\resources\models\RTFMS_20000_INSERTION_4.0_3_alpha.pnml,0.0014836795252225476,0.42015521904541875,395
C:\projects\python\Anda\Stability_Java\src\main\resources\systems\RTFMS.xes,C:\projects\python\Anda\resources\models\RTFMS_20000_INSERTION_4.0_3_heuristics.pnml,0.01565958309319193,0.9455572762835336,476
C:\projects\python\Anda\Stability_Java\src\main\resources\systems\RTFMS.xes,C:\projects\python\Anda\resources\models\RTFMS_20000_INSERTION_4.0_3_inductive.pnml,0.021158725373981446,0.9999996750310954,522
C:\projects\python\Anda\Stability_Java\src\main\resources\systems\Sepsis.xes,C:\projects\python\Anda\resources\models\Sepsis_1000_SUBSTITUTION_0.2_1_alpha.pnml,0.3499301480860576,0.24104736592894777,24
C:\projects\python\Anda\Stability_Java\src\main\resources\systems\Sepsis.xes,C:\projects\python\Anda\resources\models\Sepsis_1000_SUBSTITUTION_0.2_1_heuristics.pnml,0.6522398624734553,0.9099023866914524,99
C:\projects\python\Anda\Stability_Java\src\main\resources\systems\Sepsis.xes,C:\projects\python\Anda\resources\models\Sepsis_1000_SUBSTITUTION_0.2_1_inductive.pnml,0.2332130735722494,0.9999345465814194,95
C:\projects\python\Anda\Stability_Java\src\main\resources\systems\BPIC2012.xes,C:\projects\python\Anda\resources\models\BPIC2012_1000_INSERTION_0.2_1_alpha.pnml,0.09898490659939418,0.5285026046233764,33
C:\projects\python\Anda\Stability_Java\src\main\resources\systems\BPIC2012.xes,C:\projects\python\Anda\resources\models\BPIC2012_1000_INSERTION_0.2_1_heuristics.pnml,0.31680960428053606,0.9836055030938811,110
C:\projects\python\Anda\Stability_Java\src\main\resources\systems\BPIC2012.xes,C:\projects\python\Anda\resources\models\BPIC2012_1000_INSERTION_0.2_1_inductive.pnml,0.11914813687751347,0.9925220074886858,136
C:\projects\python\Anda\Stability_Java\src\main\resources\systems\Sepsis.xes,C:\projects\python\Anda\resources\models\Sepsis_1000_INSERTION_1.0_2_alpha.pnml,0.24794108330693698,0.1474681681236148,27
C:\projects\python\Anda\Stability_Java\src\main\resources\systems\Sepsis.xes,C:\projects\python\Anda\resources\models\Sepsis_1000_INSERTION_1.0_2_heuristics.pnml,0.5471666101119783,0.9140196613702778,105
C:\projects\python\Anda\Stability_Java\src\main\resources\systems\Sepsis.xes,C:\projects\python\Anda\resources\models\Sepsis_1000_INSERTION_1.0_2_inductive.pnml,0.15876532485592176,0.9999608655905088,108
C:\projects\python\Anda\Stability_Java\src\main\resources\systems\Sepsis.xes,C:\projects\python\Anda\resources\models\Sepsis_4000_ORDERING_10.0_2_alpha.pnml,0.3126861226920786,0.1712798931726086,25
C:\projects\python\Anda\Stability_Java\src\main\resources\systems\Sepsis.xes,C:\projects\python\Anda\resources\models\Sepsis_4000_ORDERING_10.0_2_heuristics.pnml,0.64442469026057,0.8829964371907063,123
C:\projects\python\Anda\Stability_Java\src\main\resources\systems\Sepsis.xes,C:\projects\python\Anda\resources\models\Sepsis_4000_ORDERING_10.0_2_inductive.pnml,0.2687859840277348,1.0,91
C:\projects\python\Anda\Stability_Java\src\main\resources\systems\BPIC2012.xes,C:\projects\python\Anda\resources\models\BPIC2012_40000_ORDERING_2.0_3_alpha.pnml,0.0,0.1526889197209263,35
C:\projects\python\Anda\Stability_Java\src\main\resources\systems\BPIC2012.xes,C:\projects\python\Anda\resources\models\BPIC2012_40000_ORDERING_2.0_3_heuristics.pnml,0.32615183512845247,0.9742317870214818,149
C:\projects\python\Anda\Stability_Java\src\main\resources\systems\BPIC2012.xes,C:\projects\python\Anda\resources\models\BPIC2012_40000_ORDERING_2.0_3_inductive.pnml,0.08974014246663653,0.9994084510321287,118
C:\projects\python\Anda\Stability_Java\src\main\resources\systems\RTFMS.xes,C:\projects\python\Anda\resources\models\RTFMS_20000_SUBSTITUTION_0.2_1_alpha.pnml,0.02631578947368418,0.5157976983448435,36
C:\projects\python\Anda\Stability_Java\src\main\resources\systems\RTFMS.xes,C:\projects\python\Anda\resources\models\RTFMS_20000_SUBSTITUTION_0.2_1_heuristics.pnml,0.1727008946472024,0.9364220822809954,87
C:\projects\python\Anda\Stability_Java\src\main\resources\systems\RTFMS.xes,C:\projects\python\Anda\resources\models\RTFMS_20000_SUBSTITUTION_0.2_1_inductive.pnml,0.19096691788703868,0.9999986924296383,87
C:\projects\python\Anda\Stability_Java\src\main\resources\systems\RTFMS.xes,C:\projects\python\Anda\resources\models\RTFMS_40000_SUBSTITUTION_1.0_5_alpha.pnml,0.0032573289902280145,0.44877511230344785,198
C:\projects\python\Anda\Stability_Java\src\main\resources\systems\RTFMS.xes,C:\projects\python\Anda\resources\models\RTFMS_40000_SUBSTITUTION_1.0_5_heuristics.pnml,0.030689003358350675,0.936335553304586,282
C:\projects\python\Anda\Stability_Java\src\main\resources\systems\RTFMS.xes,C:\projects\python\Anda\resources\models\RTFMS_40000_SUBSTITUTION_1.0_5_inductive.pnml,0.03682174824218476,0.9999994138783067,309
C:\projects\python\Anda\Stability_Java\src\main\resources\systems\BPIC2012.xes,C:\projects\python\Anda\resources\models\BPIC2012_10000_ORDERING_10.0_4_alpha.pnml,0.0,0.2307698917114836,46
C:\projects\python\Anda\Stability_Java\src\main\resources\systems\BPIC2012.xes,C:\projects\python\Anda\resources\models\BPIC2012_10000_ORDERING_10.0_4_heuristics.pnml,0.2763247691690084,0.9716276232529213,151
C:\projects\python\Anda\Stability_Java\src\main\resources\systems\BPIC2012.xes,C:\projects\python\Anda\resources\models\BPIC2012_10000_ORDERING_10.0_4_inductive.pnml,0.09619597730481877,1.0,93
C:\projects\python\Anda\Stability_Java\src\main\resources\systems\RTFMS.xes,C:\projects\python\Anda\resources\models\RTFMS_1000_ORDERING_1.0_5_alpha.pnml,0.33333333333333337,0.5944342914247474,27
C:\projects\python\Anda\Stability_Java\src\main\resources\systems\RTFMS.xes,C:\projects\python\Anda\resources\models\RTFMS_1000_ORDERING_1.0_5_heuristics.pnml,0.6975083372228763,0.9349812317067085,58
C:\projects\python\Anda\Stability_Java\src\main\resources\systems\RTFMS.xes,C:\projects\python\Anda\resources\models\RTFMS_1000_ORDERING_1.0_5_inductive.pnml,0.5330765339789052,0.9998536092032361,46
C:\projects\python\Anda\Stability_Java\src\main\resources\systems\RTFMS.xes,C:\projects\python\Anda\resources\models\RTFMS_20000_MIXED_1.0_3_alpha.pnml,0.010752688172043001,0.4419733261253083,68
C:\projects\python\Anda\Stability_Java\src\main\resources\systems\RTFMS.xes,C:\projects\python\Anda\resources\models\RTFMS_20000_MIXED_1.0_3_heuristics.pnml,0.08459597468385383,0.9469545915772868,139
C:\projects\python\Anda\Stability_Java\src\main\resources\systems\RTFMS.xes,C:\projects\python\Anda\resources\models\RTFMS_20000_MIXED_1.0_3_inductive.pnml,0.09987306296703291,1.0,175
C:\projects\python\Anda\Stability_Java\src\main\resources\systems\Sepsis.xes,C:\projects\python\Anda\resources\models\Sepsis_1000_INSERTION_2.0_4_alpha.pnml,0.17283344247980792,0.2932891997671567,42
C:\projects\python\Anda\Stability_Java\src\main\resources\systems\Sepsis.xes,C:\projects\python\Anda\resources\models\Sepsis_1000_INSERTION_2.0_4_heuristics.pnml,0.4872521246458924,0.903875930164358,116
C:\projects\python\Anda\Stability_Java\src\main\resources\systems\Sepsis.xes,C:\projects\python\Anda\resources\models\Sepsis_1000_INSERTION_2.0_4_inductive.pnml,0.15511362825798536,0.9999418451466513,132
C:\projects\python\Anda\Stability_Java\src\main\resources\systems\BPIC2012.xes,C:\projects\python\Anda\resources\models\BPIC2012_10000_SUBSTITUTION_0.1_1_alpha.pnml,0.09593489948959855,0.6376547189661914,38
C:\projects\python\Anda\Stability_Java\src\main\resources\systems\BPIC2012.xes,C:\projects\python\Anda\resources\models\BPIC2012_10000_SUBSTITUTION_0.1_1_heuristics.pnml,0.24043522831542619,0.9793004283669808,123
C:\projects\python\Anda\Stability_Java\src\main\resources\systems\BPIC2012.xes,C:\projects\python\Anda\resources\models\BPIC2012_10000_SUBSTITUTION_0.1_1_inductive.pnml,0.09778346351801592,0.968249121772458,143
C:\projects\python\Anda\Stability_Java\src\main\resources\systems\RTFMS.xes,C:\projects\python\Anda\resources\models\RTFMS_4000_ABSENCE_1.0_3_alpha.pnml,0.5,0.6063278443657869,30
C:\projects\python\Anda\Stability_Java\src\main\resources\systems\RTFMS.xes,C:\projects\python\Anda\resources\models\RTFMS_4000_ABSENCE_1.0_3_heuristics.pnml,0.6715810652332187,0.9316292028546763,71
C:\projects\python\Anda\Stability_Java\src\main\resources\systems\RTFMS.xes,C:\projects\python\Anda\resources\models\RTFMS_4000_ABSENCE_1.0_3_inductive.pnml,0.5204544162709341,0.9999671576555049,46
C:\projects\python\Anda\Stability_Java\src\main\resources\systems\BPIC2012.xes,C:\projects\python\Anda\resources\models\BPIC2012_40000_ABSENCE_0.2_3_alpha.pnml,0.032258064516129004,0.5587697330479056,38
C:\projects\python\Anda\Stability_Java\src\main\resources\systems\BPIC2012.xes,C:\projects\python\Anda\resources\models\BPIC2012_40000_ABSENCE_0.2_3_heuristics.pnml,0.3686083218339187,0.9772501840609804,128
C:\projects\python\Anda\Stability_Java\src\main\resources\systems\BPIC2012.xes,C:\projects\python\Anda\resources\models\BPIC2012_40000_ABSENCE_0.2_3_inductive.pnml,0.09523770945353116,0.985094476441347,135
C:\projects\python\Anda\Stability_Java\src\main\resources\systems\Sepsis.xes,C:\projects\python\Anda\resources\models\Sepsis_40000_ABSENCE_1.0_1_alpha.pnml,0.44411590774689536,0.2779679284861129,23
C:\projects\python\Anda\Stability_Java\src\main\resources\systems\Sepsis.xes,C:\projects\python\Anda\resources\models\Sepsis_40000_ABSENCE_1.0_1_heuristics.pnml,0.6657959354265712,0.8972414060726303,108
C:\projects\python\Anda\Stability_Java\src\main\resources\systems\Sepsis.xes,C:\projects\python\Anda\resources\models\Sepsis_40000_ABSENCE_1.0_1_inductive.pnml,0.2475336831655084,1.0,95
C:\projects\python\Anda\Stability_Java\src\main\resources\systems\RTFMS.xes,C:\projects\python\Anda\resources\models\RTFMS_1000_SUBSTITUTION_1.0_5_alpha.pnml,0.44962913329385734,0.6982889014194511,31
C:\projects\python\Anda\Stability_Java\src\main\resources\systems\RTFMS.xes,C:\projects\python\Anda\resources\models\RTFMS_1000_SUBSTITUTION_1.0_5_heuristics.pnml,0.4773813967300834,0.9349853110287006,63
C:\projects\python\Anda\Stability_Java\src\main\resources\systems\RTFMS.xes,C:\projects\python\Anda\resources\models\RTFMS_1000_SUBSTITUTION_1.0_5_inductive.pnml,0.3407864645955194,0.9998678213102934,70
C:\projects\python\Anda\Stability_Java\src\main\resources\systems\BPIC2012.xes,C:\projects\python\Anda\resources\models\BPIC2012_4000_SUBSTITUTION_0.1_4_alpha.pnml,0.10170454144055674,0.5882491945616992,34
C:\projects\python\Anda\Stability_Java\src\main\resources\systems\BPIC2012.xes,C:\projects\python\Anda\resources\models\BPIC2012_4000_SUBSTITUTION_0.1_4_heuristics.pnml,0.2705472908073183,0.9793070566167426,122
C:\projects\python\Anda\Stability_Java\src\main\resources\systems\BPIC2012.xes,C:\projects\python\Anda\resources\models\BPIC2012_4000_SUBSTITUTION_0.1_4_inductive.pnml,0.11493983671526209,0.9687859373500151,150
C:\projects\python\Anda\Stability_Java\src\main\resources\systems\RTFMS.xes,C:\projects\python\Anda\resources\models\RTFMS_20000_SUBSTITUTION_0.1_2_alpha.pnml,0.04347826086956519,0.47422420438968155,31
C:\projects\python\Anda\Stability_Java\src\main\resources\systems\RTFMS.xes,C:\projects\python\Anda\resources\models\RTFMS_20000_SUBSTITUTION_0.1_2_heuristics.pnml,0.2784703160527564,0.9323890669656387,76
C:\projects\python\Anda\Stability_Java\src\main\resources\systems\RTFMS.xes,C:\projects\python\Anda\resources\models\RTFMS_20000_SUBSTITUTION_0.1_2_inductive.pnml,0.22600708751431853,0.9999993737242241,110
C:\projects\python\Anda\Stability_Java\src\main\resources\systems\Sepsis.xes,C:\projects\python\Anda\resources\models\Sepsis_40000_MIXED_10.0_4_alpha.pnml,0.003276897870016393,0.1291195277914412,971
C:\projects\python\Anda\Stability_Java\src\main\resources\systems\Sepsis.xes,C:\projects\python\Anda\resources\models\Sepsis_40000_MIXED_10.0_4_heuristics.pnml,0.023985577477007358,0.89515775821407,1138
C:\projects\python\Anda\Stability_Java\src\main\resources\systems\Sepsis.xes,C:\projects\python\Anda\resources\models\Sepsis_40000_MIXED_10.0_4_inductive.pnml,0.005104153555548163,1.0,1191
C:\projects\python\Anda\Stability_Java\src\main\resources\systems\Sepsis.xes,C:\projects\python\Anda\resources\models\Sepsis_1000_ABSENCE_0.2_1_alpha.pnml,0.39660523149027804,0.24104736592894777,23
C:\projects\python\Anda\Stability_Java\src\main\resources\systems\Sepsis.xes,C:\projects\python\Anda\resources\models\Sepsis_1000_ABSENCE_0.2_1_heuristics.pnml,0.6784117801735472,0.9099023866914524,98
C:\projects\python\Anda\Stability_Java\src\main\resources\systems\Sepsis.xes,C:\projects\python\Anda\resources\models\Sepsis_1000_ABSENCE_0.2_1_inductive.pnml,0.24657820676560005,0.9999438972696497,97
C:\projects\python\Anda\Stability_Java\src\main\resources\systems\Sepsis.xes,C:\projects\python\Anda\resources\models\Sepsis_20000_INSERTION_0.4_4_alpha.pnml,0.0761428720191607,0.1516676928314445,59
C:\projects\python\Anda\Stability_Java\src\main\resources\systems\Sepsis.xes,C:\projects\python\Anda\resources\models\Sepsis_20000_INSERTION_0.4_4_heuristics.pnml,0.3396782546416175,0.8876430841697965,156
C:\projects\python\Anda\Stability_Java\src\main\resources\systems\Sepsis.xes,C:\projects\python\Anda\resources\models\Sepsis_20000_INSERTION_0.4_4_inductive.pnml,0.07823176208823623,1.0,198
C:\projects\python\Anda\Stability_Java\src\main\resources\systems\BPIC2012.xes,C:\projects\python\Anda\resources\models\BPIC2012_1000_INSERTION_10.0_2_alpha.pnml,0.025349631074397583,0.3174488461030324,79
C:\projects\python\Anda\Stability_Java\src\main\resources\systems\BPIC2012.xes,C:\projects\python\Anda\resources\models\BPIC2012_1000_INSERTION_10.0_2_heuristics.pnml,0.17641767459356272,0.9825882811037779,173
C:\projects\python\Anda\Stability_Java\src\main\resources\systems\BPIC2012.xes,C:\projects\python\Anda\resources\models\BPIC2012_1000_INSERTION_10.0_2_inductive.pnml,0.05126686523718926,0.9999546754051856,261
C:\projects\python\Anda\Stability_Java\src\main\resources\systems\BPIC2012.xes,C:\projects\python\Anda\resources\models\BPIC2012_100000_MIXED_2.0_4_alpha.pnml,0.0010111223458038054,0.10010374161963864,539
C:\projects\python\Anda\Stability_Java\src\main\resources\systems\BPIC2012.xes,C:\projects\python\Anda\resources\models\BPIC2012_100000_MIXED_2.0_4_heuristics.pnml,0.035581237250026265,0.9725592535312455,734
C:\projects\python\Anda\Stability_Java\src\main\resources\systems\BPIC2012.xes,C:\projects\python\Anda\resources\models\BPIC2012_100000_MIXED_2.0_4_inductive.pnml,0.008637523851778295,1.0,879
C:\projects\python\Anda\Stability_Java\src\main\resources\systems\BPIC2012.xes,C:\projects\python\Anda\resources\models\BPIC2012_100000_INSERTION_1.0_4_alpha.pnml,0.0010204081632653184,0.10971363644605553,543
C:\projects\python\Anda\Stability_Java\src\main\resources\systems\BPIC2012.xes,C:\projects\python\Anda\resources\models\BPIC2012_100000_INSERTION_1.0_4_heuristics.pnml,0.03612955737461099,0.9734110739175774,715
C:\projects\python\Anda\Stability_Java\src\main\resources\systems\BPIC2012.xes,C:\projects\python\Anda\resources\models\BPIC2012_100000_INSERTION_1.0_4_inductive.pnml,0.010368437081569981,1.0,875
C:\projects\python\Anda\Stability_Java\src\main\resources\systems\BPIC2012.xes,C:\projects\python\Anda\resources\models\BPIC2012_20000_INSERTION_0.1_4_alpha.pnml,0.07596920064519752,0.5041208152656689,37
C:\projects\python\Anda\Stability_Java\src\main\resources\systems\BPIC2012.xes,C:\projects\python\Anda\resources\models\BPIC2012_20000_INSERTION_0.1_4_heuristics.pnml,0.2385584812449909,0.9800604492161544,135
C:\projects\python\Anda\Stability_Java\src\main\resources\systems\BPIC2012.xes,C:\projects\python\Anda\resources\models\BPIC2012_20000_INSERTION_0.1_4_inductive.pnml,0.08726247432614409,1.0,231
C:\projects\python\Anda\Stability_Java\src\main\resources\systems\Sepsis.xes,C:\projects\python\Anda\resources\models\Sepsis_4000_MIXED_0.4_3_alpha.pnml,0.2610854735152488,0.28165695764692755,31
C:\projects\python\Anda\Stability_Java\src\main\resources\systems\Sepsis.xes,C:\projects\python\Anda\resources\models\Sepsis_4000_MIXED_0.4_3_heuristics.pnml,0.6163779360187055,0.8945615359840644,122
C:\projects\python\Anda\Stability_Java\src\main\resources\systems\Sepsis.xes,C:\projects\python\Anda\resources\models\Sepsis_4000_MIXED_0.4_3_inductive.pnml,0.17260994092011228,1.0,112
C:\projects\python\Anda\Stability_Java\src\main\resources\systems\RTFMS.xes,C:\projects\python\Anda\resources\models\RTFMS_1000_MIXED_10.0_1_alpha.pnml,0.040000031918951406,0.41896879759152716,49
C:\projects\python\Anda\Stability_Java\src\main\resources\systems\RTFMS.xes,C:\projects\python\Anda\resources\models\RTFMS_1000_MIXED_10.0_1_heuristics.pnml,0.15810037237830854,0.9431693017618872,124
C:\projects\python\Anda\Stability_Java\src\main\resources\systems\RTFMS.xes,C:\projects\python\Anda\resources\models\RTFMS_1000_MIXED_10.0_1_inductive.pnml,0.11483986702360427,0.9999852799000716,134
C:\projects\python\Anda\Stability_Java\src\main\resources\systems\RTFMS.xes,C:\projects\python\Anda\resources\models\RTFMS_20000_MIXED_0.4_5_alpha.pnml,0.030303030303030276,0.47449045207277263,33
C:\projects\python\Anda\Stability_Java\src\main\resources\systems\RTFMS.xes,C:\projects\python\Anda\resources\models\RTFMS_20000_MIXED_0.4_5_heuristics.pnml,0.2088334281589299,0.9467594066748406,93
C:\projects\python\Anda\Stability_Java\src\main\resources\systems\RTFMS.xes,C:\projects\python\Anda\resources\models\RTFMS_20000_MIXED_0.4_5_inductive.pnml,0.1993818610476682,0.9999993309603239,112
C:\projects\python\Anda\Stability_Java\src\main\resources\systems\RTFMS.xes,C:\projects\python\Anda\resources\models\RTFMS_20000_INSERTION_0.4_2_alpha.pnml,0.013157894736842146,0.5853860031190316,58
C:\projects\python\Anda\Stability_Java\src\main\resources\systems\RTFMS.xes,C:\projects\python\Anda\resources\models\RTFMS_20000_INSERTION_0.4_2_heuristics.pnml,0.11731363030226727,0.9457416429401001,113
C:\projects\python\Anda\Stability_Java\src\main\resources\systems\RTFMS.xes,C:\projects\python\Anda\resources\models\RTFMS_20000_INSERTION_0.4_2_inductive.pnml,0.1364803170246497,0.9999992937227966,150
C:\projects\python\Anda\Stability_Java\src\main\resources\systems\RTFMS.xes,C:\projects\python\Anda\resources\models\RTFMS_1000_SUBSTITUTION_2.0_3_alpha.pnml,0.09523345083668888,0.47672156853949105,29
C:\projects\python\Anda\Stability_Java\src\main\resources\systems\RTFMS.xes,C:\projects\python\Anda\resources\models\RTFMS_1000_SUBSTITUTION_2.0_3_heuristics.pnml,0.2947274137898409,0.9349113255430792,76
C:\projects\python\Anda\Stability_Java\src\main\resources\systems\RTFMS.xes,C:\projects\python\Anda\resources\models\RTFMS_1000_SUBSTITUTION_2.0_3_inductive.pnml,0.24636073980709627,0.999913936223212,94
C:\projects\python\Anda\Stability_Java\src\main\resources\systems\BPIC2012.xes,C:\projects\python\Anda\resources\models\BPIC2012_40000_ORDERING_10.0_2_alpha.pnml,0.0,0.1393002195741294,38
C:\projects\python\Anda\Stability_Java\src\main\resources\systems\BPIC2012.xes,C:\projects\python\Anda\resources\models\BPIC2012_40000_ORDERING_10.0_2_heuristics.pnml,0.33595520607654505,0.9734591417796645,182
C:\projects\python\Anda\Stability_Java\src\main\resources\systems\BPIC2012.xes,C:\projects\python\Anda\resources\models\BPIC2012_40000_ORDERING_10.0_2_inductive.pnml,0.09880935125648571,1.0,172
C:\projects\python\Anda\Stability_Java\src\main\resources\systems\RTFMS.xes,C:\projects\python\Anda\resources\models\RTFMS_1000_MIXED_0.4_5_alpha.pnml,0.5247328003706317,0.656596959894417,28
C:\projects\python\Anda\Stability_Java\src\main\resources\systems\RTFMS.xes,C:\projects\python\Anda\resources\models\RTFMS_1000_MIXED_0.4_5_heuristics.pnml,0.7540482007817215,0.9280834610129489,55
C:\projects\python\Anda\Stability_Java\src\main\resources\systems\RTFMS.xes,C:\projects\python\Anda\resources\models\RTFMS_1000_MIXED_0.4_5_inductive.pnml,0.5420315029461473,0.9998424128054888,54
C:\projects\python\Anda\Stability_Java\src\main\resources\systems\Sepsis.xes,C:\projects\python\Anda\resources\models\Sepsis_2000_MIXED_0.1_3_alpha.pnml,0.4426050420168067,0.23947726385374474,22
C:\projects\python\Anda\Stability_Java\src\main\resources\systems\Sepsis.xes,C:\projects\python\Anda\resources\models\Sepsis_2000_MIXED_0.1_3_heuristics.pnml,0.7073244187447296,0.9032183845669832,111
C:\projects\python\Anda\Stability_Java\src\main\resources\systems\Sepsis.xes,C:\projects\python\Anda\resources\models\Sepsis_2000_MIXED_0.1_3_inductive.pnml,0.25762075419340746,1.0,89
C:\projects\python\Anda\Stability_Java\src\main\resources\systems\BPIC2012.xes,C:\projects\python\Anda\resources\models\BPIC2012_20000_ABSENCE_10.0_3_alpha.pnml,0.032258064516129004,0.563414538505251,38
C:\projects\python\Anda\Stability_Java\src\main\resources\systems\BPIC2012.xes,C:\projects\python\Anda\resources\models\BPIC2012_20000_ABSENCE_10.0_3_heuristics.pnml,0.3078578584769137,0.9753573308362281,132
C:\projects\python\Anda\Stability_Java\src\main\resources\systems\BPIC2012.xes,C:\projects\python\Anda\resources\models\BPIC2012_20000_ABSENCE_10.0_3_inductive.pnml,0.11555249331607864,0.9910439085742351,111
C:\projects\python\Anda\Stability_Java\src\main\resources\systems\BPIC2012.xes,C:\projects\python\Anda\resources\models\BPIC2012_100000_MIXED_0.1_2_alpha.pnml,0.01388888888888884,0.2080894630241108,58
C:\projects\python\Anda\Stability_Java\src\main\resources\systems\BPIC2012.xes,C:\projects\python\Anda\resources\models\BPIC2012_100000_MIXED_0.1_2_heuristics.pnml,0.2053541182687718,0.9775436362815703,163
C:\projects\python\Anda\Stability_Java\src\main\resources\systems\BPIC2012.xes,C:\projects\python\Anda\resources\models\BPIC2012_100000_MIXED_0.1_2_inductive.pnml,0.054923830519730266,1.0,232
C:\projects\python\Anda\Stability_Java\src\main\resources\systems\Sepsis.xes,C:\projects\python\Anda\resources\models\Sepsis_100000_MIXED_4.0_1_alpha.pnml,0.0031612223393044925,0.1307758373202309,997
C:\projects\python\Anda\Stability_Java\src\main\resources\systems\Sepsis.xes,C:\projects\python\Anda\resources\models\Sepsis_100000_MIXED_4.0_1_heuristics.pnml,0.022989675541774224,0.89579998266902,1166
C:\projects\python\Anda\Stability_Java\src\main\resources\systems\Sepsis.xes,C:\projects\python\Anda\resources\models\Sepsis_100000_MIXED_4.0_1_inductive.pnml,0.004910666806969277,1.0,1183
C:\projects\python\Anda\Stability_Java\src\main\resources\systems\Sepsis.xes,C:\projects\python\Anda\resources\models\Sepsis_40000_SUBSTITUTION_0.1_1_alpha.pnml,0.11979422654739669,0.19750679984467,44
C:\projects\python\Anda\Stability_Java\src\main\resources\systems\Sepsis.xes,C:\projects\python\Anda\resources\models\Sepsis_40000_SUBSTITUTION_0.1_1_heuristics.pnml,0.3863105883779442,0.9000777795672529,133
C:\projects\python\Anda\Stability_Java\src\main\resources\systems\Sepsis.xes,C:\projects\python\Anda\resources\models\Sepsis_40000_SUBSTITUTION_0.1_1_inductive.pnml,0.11174219430441557,1.0,172
C:\projects\python\Anda\Stability_Java\src\main\resources\systems\Sepsis.xes,C:\projects\python\Anda\resources\models\Sepsis_100000_INSERTION_0.2_4_alpha.pnml,0.029146179156345875,0.14836846400462628,116
C:\projects\python\Anda\Stability_Java\src\main\resources\systems\Sepsis.xes,C:\projects\python\Anda\resources\models\Sepsis_100000_INSERTION_0.2_4_heuristics.pnml,0.16901184303011818,0.8963995283075985,225
C:\projects\python\Anda\Stability_Java\src\main\resources\systems\Sepsis.xes,C:\projects\python\Anda\resources\models\Sepsis_100000_INSERTION_0.2_4_inductive.pnml,0.04347011765643527,1.0,286
C:\projects\python\Anda\Stability_Java\src\main\resources\systems\Sepsis.xes,C:\projects\python\Anda\resources\models\Sepsis_20000_ABSENCE_0.4_4_alpha.pnml,0.4426422388436003,0.26588961197193384,22
C:\projects\python\Anda\Stability_Java\src\main\resources\systems\Sepsis.xes,C:\projects\python\Anda\resources\models\Sepsis_20000_ABSENCE_0.4_4_heuristics.pnml,0.720158465866682,0.8944749231221183,107
C:\projects\python\Anda\Stability_Java\src\main\resources\systems\Sepsis.xes,C:\projects\python\Anda\resources\models\Sepsis_20000_ABSENCE_0.4_4_inductive.pnml,0.2475336831655084,1.0,95
C:\projects\python\Anda\Stability_Java\src\main\resources\systems\RTFMS.xes,C:\projects\python\Anda\resources\models\RTFMS_1000_INSERTION_0.1_5_alpha.pnml,0.5070487730774043,0.6890117378988672,24
C:\projects\python\Anda\Stability_Java\src\main\resources\systems\RTFMS.xes,C:\projects\python\Anda\resources\models\RTFMS_1000_INSERTION_0.1_5_heuristics.pnml,0.9954366694077896,0.9280834610129489,52
C:\projects\python\Anda\Stability_Java\src\main\resources\systems\RTFMS.xes,C:\projects\python\Anda\resources\models\RTFMS_1000_INSERTION_0.1_5_inductive.pnml,0.6940997050597899,0.9998170037897407,52
C:\projects\python\Anda\Stability_Java\src\main\resources\systems\Sepsis.xes,C:\projects\python\Anda\resources\models\Sepsis_2000_SUBSTITUTION_1.0_3_alpha.pnml,0.1936179981634527,0.12898687966423011,36
C:\projects\python\Anda\Stability_Java\src\main\resources\systems\Sepsis.xes,C:\projects\python\Anda\resources\models\Sepsis_2000_SUBSTITUTION_1.0_3_heuristics.pnml,0.4700003287635204,0.9180649114062822,123
C:\projects\python\Anda\Stability_Java\src\main\resources\systems\Sepsis.xes,C:\projects\python\Anda\resources\models\Sepsis_2000_SUBSTITUTION_1.0_3_inductive.pnml,0.138347590632669,1.0,139
C:\projects\python\Anda\Stability_Java\src\main\resources\systems\RTFMS.xes,C:\projects\python\Anda\resources\models\RTFMS_2000_SUBSTITUTION_10.0_3_alpha.pnml,0.006172839506172867,0.4751193602557112,116
C:\projects\python\Anda\Stability_Java\src\main\resources\systems\RTFMS.xes,C:\projects\python\Anda\resources\models\RTFMS_2000_SUBSTITUTION_10.0_3_heuristics.pnml,0.043288539941898185,0.9308486868810826,225
C:\projects\python\Anda\Stability_Java\src\main\resources\systems\RTFMS.xes,C:\projects\python\Anda\resources\models\RTFMS_2000_SUBSTITUTION_10.0_3_inductive.pnml,0.059464622538209944,0.9999824800549522,217
C:\projects\python\Anda\Stability_Java\src\main\resources\systems\BPIC2012.xes,C:\projects\python\Anda\resources\models\BPIC2012_4000_ORDERING_0.2_3_alpha.pnml,0.0357142857142857,0.44732470145510206,34
C:\projects\python\Anda\Stability_Java\src\main\resources\systems\BPIC2012.xes,C:\projects\python\Anda\resources\models\BPIC2012_4000_ORDERING_0.2_3_heuristics.pnml,0.2683107243813464,0.9798589242710677,127
C:\projects\python\Anda\Stability_Java\src\main\resources\systems\BPIC2012.xes,C:\projects\python\Anda\resources\models\BPIC2012_4000_ORDERING_0.2_3_inductive.pnml,0.09944083722198138,0.9734387267590225,138
C:\projects\python\Anda\Stability_Java\src\main\resources\systems\Sepsis.xes,C:\projects\python\Anda\resources\models\Sepsis_10000_SUBSTITUTION_4.0_5_alpha.pnml,0.018317819815843794,0.1514407424718066,210
C:\projects\python\Anda\Stability_Java\src\main\resources\systems\Sepsis.xes,C:\projects\python\Anda\resources\models\Sepsis_10000_SUBSTITUTION_4.0_5_heuristics.pnml,0.09253174596257596,0.8916160468726935,338
C:\projects\python\Anda\Stability_Java\src\main\resources\systems\Sepsis.xes,C:\projects\python\Anda\resources\models\Sepsis_10000_SUBSTITUTION_4.0_5_inductive.pnml,0.025240260859605734,1.0,394
C:\projects\python\Anda\Stability_Java\src\main\resources\systems\Sepsis.xes,C:\projects\python\Anda\resources\models\Sepsis_4000_ORDERING_4.0_1_alpha.pnml,0.2925307705277356,0.22011367257590186,27
C:\projects\python\Anda\Stability_Java\src\main\resources\systems\Sepsis.xes,C:\projects\python\Anda\resources\models\Sepsis_4000_ORDERING_4.0_1_heuristics.pnml,0.7802319568589791,0.8946515612980097,116
C:\projects\python\Anda\Stability_Java\src\main\resources\systems\Sepsis.xes,C:\projects\python\Anda\resources\models\Sepsis_4000_ORDERING_4.0_1_inductive.pnml,0.27741956077630237,1.0,96
C:\projects\python\Anda\Stability_Java\src\main\resources\systems\BPIC2012.xes,C:\projects\python\Anda\resources\models\BPIC2012_1000_MIXED_4.0_1_alpha.pnml,0.0,0.33268140038395955,48
C:\projects\python\Anda\Stability_Java\src\main\resources\systems\BPIC2012.xes,C:\projects\python\Anda\resources\models\BPIC2012_1000_MIXED_4.0_1_heuristics.pnml,0.2578047472430042,0.9844611280733013,131
C:\projects\python\Anda\Stability_Java\src\main\resources\systems\BPIC2012.xes,C:\projects\python\Anda\resources\models\BPIC2012_1000_MIXED_4.0_1_inductive.pnml,0.08254711040952345,0.9999774175649335,205
C:\projects\python\Anda\Stability_Java\src\main\resources\systems\RTFMS.xes,C:\projects\python\Anda\resources\models\RTFMS_100000_SUBSTITUTION_1.0_4_alpha.pnml,0.0012468827930174342,0.4219209814565335,483
C:\projects\python\Anda\Stability_Java\src\main\resources\systems\RTFMS.xes,C:\projects\python\Anda\resources\models\RTFMS_100000_SUBSTITUTION_1.0_4_heuristics.pnml,0.015210994025658509,0.9390320244178862,574
C:\projects\python\Anda\Stability_Java\src\main\resources\systems\RTFMS.xes,C:\projects\python\Anda\resources\models\RTFMS_100000_SUBSTITUTION_1.0_4_inductive.pnml,0.015314540114655939,1.0,616
C:\projects\python\Anda\Stability_Java\src\main\resources\systems\BPIC2012.xes,C:\projects\python\Anda\resources\models\BPIC2012_4000_INSERTION_10.0_3_alpha.pnml,0.0029069767441860517,0.1411804288384927,201
C:\projects\python\Anda\Stability_Java\src\main\resources\systems\BPIC2012.xes,C:\projects\python\Anda\resources\models\BPIC2012_4000_INSERTION_10.0_3_heuristics.pnml,0.09194242859343271,0.970530129894464,349
C:\projects\python\Anda\Stability_Java\src\main\resources\systems\BPIC2012.xes,C:\projects\python\Anda\resources\models\BPIC2012_4000_INSERTION_10.0_3_inductive.pnml,0.02558489230686367,1.0,520
C:\projects\python\Anda\Stability_Java\src\main\resources\systems\RTFMS.xes,C:\projects\python\Anda\resources\models\RTFMS_2000_MIXED_10.0_4_alpha.pnml,0.025639486685097634,0.42753225139598305,58
C:\projects\python\Anda\Stability_Java\src\main\resources\systems\RTFMS.xes,C:\projects\python\Anda\resources\models\RTFMS_2000_MIXED_10.0_4_heuristics.pnml,0.12274211343314223,0.945860563843687,145
C:\projects\python\Anda\Stability_Java\src\main\resources\systems\RTFMS.xes,C:\projects\python\Anda\resources\models\RTFMS_2000_MIXED_10.0_4_inductive.pnml,0.1053728431693115,0.9999928851359466,158
C:\projects\python\Anda\Stability_Java\src\main\resources\systems\RTFMS.xes,C:\projects\python\Anda\resources\models\RTFMS_4000_ORDERING_0.2_4_alpha.pnml,0.33333333333333337,0.5487830123192639,27
C:\projects\python\Anda\Stability_Java\src\main\resources\systems\RTFMS.xes,C:\projects\python\Anda\resources\models\RTFMS_4000_ORDERING_0.2_4_heuristics.pnml,0.6714851862956199,0.9315285577208817,71
C:\projects\python\Anda\Stability_Java\src\main\resources\systems\RTFMS.xes,C:\projects\python\Anda\resources\models\RTFMS_4000_ORDERING_0.2_4_inductive.pnml,0.48455637965976495,0.9999379201619026,41
C:\projects\python\Anda\Stability_Java\src\main\resources\systems\RTFMS.xes,C:\projects\python\Anda\resources\models\RTFMS_1000_INSERTION_4.0_4_alpha.pnml,0.0,0.39059066655340546,37
C:\projects\python\Anda\Stability_Java\src\main\resources\systems\RTFMS.xes,C:\projects\python\Anda\resources\models\RTFMS_1000_INSERTION_4.0_4_heuristics.pnml,0.21475324558108222,0.9405567971637587,93
C:\projects\python\Anda\Stability_Java\src\main\resources\systems\RTFMS.xes,C:\projects\python\Anda\resources\models\RTFMS_1000_INSERTION_4.0_4_inductive.pnml,0.20890816426370984,1.0,96
C:\projects\python\Anda\Stability_Java\src\main\resources\systems\BPIC2012.xes,C:\projects\python\Anda\resources\models\BPIC2012_100000_ABSENCE_0.2_3_alpha.pnml,0.032258064516129004,0.5575463218292243,38
C:\projects\python\Anda\Stability_Java\src\main\resources\systems\BPIC2012.xes,C:\projects\python\Anda\resources\models\BPIC2012_100000_ABSENCE_0.2_3_heuristics.pnml,0.26746079316347027,0.9733152027319423,131
C:\projects\python\Anda\Stability_Java\src\main\resources\systems\BPIC2012.xes,C:\projects\python\Anda\resources\models\BPIC2012_100000_ABSENCE_0.2_3_inductive.pnml,0.09523770945353116,0.9850921013456464,135
C:\projects\python\Anda\Stability_Java\src\main\resources\systems\RTFMS.xes,C:\projects\python\Anda\resources\models\RTFMS_10000_INSERTION_0.4_5_alpha.pnml,0.05885663187732737,0.37826727882902084,51
C:\projects\python\Anda\Stability_Java\src\main\resources\systems\RTFMS.xes,C:\projects\python\Anda\resources\models\RTFMS_10000_INSERTION_0.4_5_heuristics.pnml,0.2052890233650193,0.9465435009748575,101
C:\projects\python\Anda\Stability_Java\src\main\resources\systems\RTFMS.xes,C:\projects\python\Anda\resources\models\RTFMS_10000_INSERTION_0.4_5_inductive.pnml,0.19148062668905175,0.999995609906137,104
C:\projects\python\Anda\Stability_Java\src\main\resources\systems\RTFMS.xes,C:\projects\python\Anda\resources\models\RTFMS_4000_ABSENCE_0.2_2_alpha.pnml,0.6670924720994127,0.5196038726974084,28
C:\projects\python\Anda\Stability_Java\src\main\resources\systems\RTFMS.xes,C:\projects\python\Anda\resources\models\RTFMS_4000_ABSENCE_0.2_2_heuristics.pnml,0.8032236829241268,0.9316350158878032,73
C:\projects\python\Anda\Stability_Java\src\main\resources\systems\RTFMS.xes,C:\projects\python\Anda\resources\models\RTFMS_4000_ABSENCE_0.2_2_inductive.pnml,0.37554792702748174,0.9999931463016158,59
C:\projects\python\Anda\Stability_Java\src\main\resources\systems\BPIC2012.xes,C:\projects\python\Anda\resources\models\BPIC2012_1000_SUBSTITUTION_1.0_2_alpha.pnml,0.11106413705668305,0.6363627361039257,38
C:\projects\python\Anda\Stability_Java\src\main\resources\systems\BPIC2012.xes,C:\projects\python\Anda\resources\models\BPIC2012_1000_SUBSTITUTION_1.0_2_heuristics.pnml,0.29798447923116167,0.9836055030938811,114
C:\projects\python\Anda\Stability_Java\src\main\resources\systems\BPIC2012.xes,C:\projects\python\Anda\resources\models\BPIC2012_1000_SUBSTITUTION_1.0_2_inductive.pnml,0.09985822779359599,0.9936943883130496,142
C:\projects\python\Anda\Stability_Java\src\main\resources\systems\RTFMS.xes,C:\projects\python\Anda\resources\models\RTFMS_20000_ABSENCE_0.1_4_alpha.pnml,0.5,0.6297079081261633,27
C:\projects\python\Anda\Stability_Java\src\main\resources\systems\RTFMS.xes,C:\projects\python\Anda\resources\models\RTFMS_20000_ABSENCE_0.1_4_heuristics.pnml,0.6717019199834231,0.9332308906455538,63
C:\projects\python\Anda\Stability_Java\src\main\resources\systems\RTFMS.xes,C:\projects\python\Anda\resources\models\RTFMS_20000_ABSENCE_0.1_4_inductive.pnml,0.4838523894789444,0.9999990793872033,41
C:\projects\python\Anda\Stability_Java\src\main\resources\systems\BPIC2012.xes,C:\projects\python\Anda\resources\models\BPIC2012_100000_INSERTION_2.0_5_alpha.pnml,0.0005824111822947398,0.09367592287100485,940
C:\projects\python\Anda\Stability_Java\src\main\resources\systems\BPIC2012.xes,C:\projects\python\Anda\resources\models\BPIC2012_100000_INSERTION_2.0_5_heuristics.pnml,0.020932784414025796,0.9715693688371994,1173
C:\projects\python\Anda\Stability_Java\src\main\resources\systems\BPIC2012.xes,C:\projects\python\Anda\resources\models\BPIC2012_100000_INSERTION_2.0_5_inductive.pnml,0.006036940931732793,1.0,1277
C:\projects\python\Anda\Stability_Java\src\main\resources\systems\BPIC2012.xes,C:\projects\python\Anda\resources\models\BPIC2012_20000_ORDERING_10.0_5_alpha.pnml,0.0,0.14255882225292726,44
C:\projects\python\Anda\Stability_Java\src\main\resources\systems\BPIC2012.xes,C:\projects\python\Anda\resources\models\BPIC2012_20000_ORDERING_10.0_5_heuristics.pnml,0.29778850849660854,0.9683501462932004,167
C:\projects\python\Anda\Stability_Java\src\main\resources\systems\BPIC2012.xes,C:\projects\python\Anda\resources\models\BPIC2012_20000_ORDERING_10.0_5_inductive.pnml,0.08898677109424946,1.0,89
C:\projects\python\Anda\Stability_Java\src\main\resources\systems\BPIC2012.xes,C:\projects\python\Anda\resources\models\BPIC2012_20000_INSERTION_2.0_3_alpha.pnml,0.0029069767441860517,0.1411804288384927,201
C:\projects\python\Anda\Stability_Java\src\main\resources\systems\BPIC2012.xes,C:\projects\python\Anda\resources\models\BPIC2012_20000_INSERTION_2.0_3_heuristics.pnml,0.09194242859343271,0.9705303499277034,352
C:\projects\python\Anda\Stability_Java\src\main\resources\systems\BPIC2012.xes,C:\projects\python\Anda\resources\models\BPIC2012_20000_INSERTION_2.0_3_inductive.pnml,0.02558489230686367,1.0,520
C:\projects\python\Anda\Stability_Java\src\main\resources\systems\Sepsis.xes,C:\projects\python\Anda\resources\models\Sepsis_100000_MIXED_0.2_5_alpha.pnml,0.0760531830334562,0.12846712848674136,75
C:\projects\python\Anda\Stability_Java\src\main\resources\systems\Sepsis.xes,C:\projects\python\Anda\resources\models\Sepsis_100000_MIXED_0.2_5_heuristics.pnml,0.2602143950995406,0.8945516830603137,171
C:\projects\python\Anda\Stability_Java\src\main\resources\systems\Sepsis.xes,C:\projects\python\Anda\resources\models\Sepsis_100000_MIXED_0.2_5_inductive.pnml,0.06128207252896345,1.0,240
C:\projects\python\Anda\Stability_Java\src\main\resources\systems\BPIC2012.xes,C:\projects\python\Anda\resources\models\BPIC2012_4000_INSERTION_1.0_3_alpha.pnml,0.017857142857142905,0.3535403840590389,52
C:\projects\python\Anda\Stability_Java\src\main\resources\systems\BPIC2012.xes,C:\projects\python\Anda\resources\models\BPIC2012_4000_INSERTION_1.0_3_heuristics.pnml,0.2425853320045347,0.978569875054828,151
C:\projects\python\Anda\Stability_Java\src\main\resources\systems\BPIC2012.xes,C:\projects\python\Anda\resources\models\BPIC2012_4000_INSERTION_1.0_3_inductive.pnml,0.07709639161562087,0.9999657770451649,219
C:\projects\python\Anda\Stability_Java\src\main\resources\systems\RTFMS.xes,C:\projects\python\Anda\resources\models\RTFMS_2000_MIXED_1.0_3_alpha.pnml,0.18191296557236714,0.6196265765110616,26
C:\projects\python\Anda\Stability_Java\src\main\resources\systems\RTFMS.xes,C:\projects\python\Anda\resources\models\RTFMS_2000_MIXED_1.0_3_heuristics.pnml,0.695163356109642,0.9326742858759143,73
C:\projects\python\Anda\Stability_Java\src\main\resources\systems\RTFMS.xes,C:\projects\python\Anda\resources\models\RTFMS_2000_MIXED_1.0_3_inductive.pnml,0.31352265830562587,0.9999725701482367,76
C:\projects\python\Anda\Stability_Java\src\main\resources\systems\Sepsis.xes,C:\projects\python\Anda\resources\models\Sepsis_1000_ABSENCE_1.0_2_alpha.pnml,0.3578868541085166,0.22875254011956253,23
C:\projects\python\Anda\Stability_Java\src\main\resources\systems\Sepsis.xes,C:\projects\python\Anda\resources\models\Sepsis_1000_ABSENCE_1.0_2_heuristics.pnml,0.6429105407425866,0.9099023866914524,99
C:\projects\python\Anda\Stability_Java\src\main\resources\systems\Sepsis.xes,C:\projects\python\Anda\resources\models\Sepsis_1000_ABSENCE_1.0_2_inductive.pnml,0.24819540275652585,0.9999809254949834,96
C:\projects\python\Anda\Stability_Java\src\main\resources\systems\RTFMS.xes,C:\projects\python\Anda\resources\models\RTFMS_10000_MIXED_0.1_3_alpha.pnml,0.28579138208868304,0.4562527956267555,26
C:\projects\python\Anda\Stability_Java\src\main\resources\systems\RTFMS.xes,C:\projects\python\Anda\resources\models\RTFMS_10000_MIXED_0.1_3_heuristics.pnml,0.8030829200074099,0.9327347827611607,68
C:\projects\python\Anda\Stability_Java\src\main\resources\systems\RTFMS.xes,C:\projects\python\Anda\resources\models\RTFMS_10000_MIXED_0.1_3_inductive.pnml,0.45992512036654654,0.9999929656384628,45
C:\projects\python\Anda\Stability_Java\src\main\resources\systems\BPIC2012.xes,C:\projects\python\Anda\resources\models\BPIC2012_1000_ORDERING_10.0_5_alpha.pnml,0.033333333333333326,0.21409730490111928,31
C:\projects\python\Anda\Stability_Java\src\main\resources\systems\BPIC2012.xes,C:\projects\python\Anda\resources\models\BPIC2012_1000_ORDERING_10.0_5_heuristics.pnml,0.2593995195425607,0.9778040828692653,128
C:\projects\python\Anda\Stability_Java\src\main\resources\systems\BPIC2012.xes,C:\projects\python\Anda\resources\models\BPIC2012_1000_ORDERING_10.0_5_inductive.pnml,0.09318211830082979,0.9995554768376316,166
C:\projects\python\Anda\Stability_Java\src\main\resources\systems\Sepsis.xes,C:\projects\python\Anda\resources\models\Sepsis_100000_INSERTION_10.0_3_alpha.pnml,0.0006875214850463607,0.12907191149354635,4577
C:\projects\python\Anda\Stability_Java\src\main\resources\systems\Sepsis.xes,C:\projects\python\Anda\resources\models\Sepsis_100000_INSERTION_10.0_3_heuristics.pnml,0.005135516937975648,0.902883801388899,5049
C:\projects\python\Anda\Stability_Java\src\main\resources\systems\Sepsis.xes,C:\projects\python\Anda\resources\models\Sepsis_100000_INSERTION_10.0_3_inductive.pnml,0.0010822097187710433,1.0,4804
C:\projects\python\Anda\Stability_Java\src\main\resources\systems\Sepsis.xes,C:\projects\python\Anda\resources\models\Sepsis_2000_ORDERING_2.0_1_alpha.pnml,0.4426050420168067,0.2261530894296213,22
C:\projects\python\Anda\Stability_Java\src\main\resources\systems\Sepsis.xes,C:\projects\python\Anda\resources\models\Sepsis_2000_ORDERING_2.0_1_heuristics.pnml,0.6302310476013733,0.9041754981295096,110
C:\projects\python\Anda\Stability_Java\src\main\resources\systems\Sepsis.xes,C:\projects\python\Anda\resources\models\Sepsis_2000_ORDERING_2.0_1_inductive.pnml,0.261008979474632,1.0,94
C:\projects\python\Anda\Stability_Java\src\main\resources\systems\Sepsis.xes,C:\projects\python\Anda\resources\models\Sepsis_10000_MIXED_1.0_4_alpha.pnml,0.12361451899483877,0.20178505955776388,45
C:\projects\python\Anda\Stability_Java\src\main\resources\systems\Sepsis.xes,C:\projects\python\Anda\resources\models\Sepsis_10000_MIXED_1.0_4_heuristics.pnml,0.38032708606899845,0.8939448807077834,140
C:\projects\python\Anda\Stability_Java\src\main\resources\systems\Sepsis.xes,C:\projects\python\Anda\resources\models\Sepsis_10000_MIXED_1.0_4_inductive.pnml,0.09960028397871534,1.0,184
C:\projects\python\Anda\Stability_Java\src\main\resources\systems\BPIC2012.xes,C:\projects\python\Anda\resources\models\BPIC2012_20000_MIXED_0.1_2_alpha.pnml,0.025000000000000022,0.5055515819276257,37
C:\projects\python\Anda\Stability_Java\src\main\resources\systems\BPIC2012.xes,C:\projects\python\Anda\resources\models\BPIC2012_20000_MIXED_0.1_2_heuristics.pnml,0.25803214315220613,0.9798526870946707,130
C:\projects\python\Anda\Stability_Java\src\main\resources\systems\BPIC2012.xes,C:\projects\python\Anda\resources\models\BPIC2012_20000_MIXED_0.1_2_inductive.pnml,0.09465674786699585,1.0,193
C:\projects\python\Anda\Stability_Java\src\main\resources\systems\Sepsis.xes,C:\projects\python\Anda\resources\models\Sepsis_40000_ABSENCE_0.2_5_alpha.pnml,0.4426422388436003,0.26588961197193384,22
C:\projects\python\Anda\Stability_Java\src\main\resources\systems\Sepsis.xes,C:\projects\python\Anda\resources\models\Sepsis_40000_ABSENCE_0.2_5_heuristics.pnml,0.7189613665023501,0.8941883128747489,107
C:\projects\python\Anda\Stability_Java\src\main\resources\systems\Sepsis.xes,C:\projects\python\Anda\resources\models\Sepsis_40000_ABSENCE_0.2_5_inductive.pnml,0.2475336831655084,1.0,95
C:\projects\python\Anda\Stability_Java\src\main\resources\systems\Sepsis.xes,C:\projects\python\Anda\resources\models\Sepsis_1000_ORDERING_0.1_4_alpha.pnml,0.39660523149027804,0.24104736592894777,23
C:\projects\python\Anda\Stability_Java\src\main\resources\systems\Sepsis.xes,C:\projects\python\Anda\resources\models\Sepsis_1000_ORDERING_0.1_4_heuristics.pnml,0.6784117801735472,0.9099023866914524,98
C:\projects\python\Anda\Stability_Java\src\main\resources\systems\Sepsis.xes,C:\projects\python\Anda\resources\models\Sepsis_1000_ORDERING_0.1_4_inductive.pnml,0.25382928347459843,0.9999318710164926,91
C:\projects\python\Anda\Stability_Java\src\main\resources\systems\RTFMS.xes,C:\projects\python\Anda\resources\models\RTFMS_10000_MIXED_10.0_4_alpha.pnml,0.005154332089808311,0.42418953676900784,237
C:\projects\python\Anda\Stability_Java\src\main\resources\systems\RTFMS.xes,C:\projects\python\Anda\resources\models\RTFMS_10000_MIXED_10.0_4_heuristics.pnml,0.023018708421616574,0.9453289631660843,327
C:\projects\python\Anda\Stability_Java\src\main\resources\systems\RTFMS.xes,C:\projects\python\Anda\resources\models\RTFMS_10000_MIXED_10.0_4_inductive.pnml,0.028873252941966743,0.9999996386588099,362
C:\projects\python\Anda\Stability_Java\src\main\resources\systems\Sepsis.xes,C:\projects\python\Anda\resources\models\Sepsis_40000_SUBSTITUTION_2.0_3_alpha.pnml,0.009194207334724536,0.1353914130891189,408
C:\projects\python\Anda\Stability_Java\src\main\resources\systems\Sepsis.xes,C:\projects\python\Anda\resources\models\Sepsis_40000_SUBSTITUTION_2.0_3_heuristics.pnml,0.05252352372327196,0.901303029522524,537
C:\projects\python\Anda\Stability_Java\src\main\resources\systems\Sepsis.xes,C:\projects\python\Anda\resources\models\Sepsis_40000_SUBSTITUTION_2.0_3_inductive.pnml,0.01196221897325156,1.0,612
C:\projects\python\Anda\Stability_Java\src\main\resources\systems\BPIC2012.xes,C:\projects\python\Anda\resources\models\BPIC2012_100000_SUBSTITUTION_2.0_2_alpha.pnml,0.0004985044865404298,0.09608032146753087,1090
C:\projects\python\Anda\Stability_Java\src\main\resources\systems\BPIC2012.xes,C:\projects\python\Anda\resources\models\BPIC2012_100000_SUBSTITUTION_2.0_2_heuristics.pnml,0.017467744292406384,0.9720460641130688,1366
C:\projects\python\Anda\Stability_Java\src\main\resources\systems\BPIC2012.xes,C:\projects\python\Anda\resources\models\BPIC2012_100000_SUBSTITUTION_2.0_2_inductive.pnml,0.00489325423709297,1.0,1454
C:\projects\python\Anda\Stability_Java\src\main\resources\systems\RTFMS.xes,C:\projects\python\Anda\resources\models\RTFMS_100000_SUBSTITUTION_2.0_2_alpha.pnml,0.0006067961165048263,0.42221702312777676,1003
C:\projects\python\Anda\Stability_Java\src\main\resources\systems\RTFMS.xes,C:\projects\python\Anda\resources\models\RTFMS_100000_SUBSTITUTION_2.0_2_heuristics.pnml,0.006630365299188035,0.9362283608205753,1128
C:\projects\python\Anda\Stability_Java\src\main\resources\systems\RTFMS.xes,C:\projects\python\Anda\resources\models\RTFMS_100000_SUBSTITUTION_2.0_2_inductive.pnml,0.00760758209952328,1.0,1146
C:\projects\python\Anda\Stability_Java\src\main\resources\systems\Sepsis.xes,C:\projects\python\Anda\resources\models\Sepsis_100000_ORDERING_10.0_5_alpha.pnml,0.333889816360601,0.11635148998605899,24
C:\projects\python\Anda\Stability_Java\src\main\resources\systems\Sepsis.xes,C:\projects\python\Anda\resources\models\Sepsis_100000_ORDERING_10.0_5_heuristics.pnml,0.47352928058516575,0.8801899116828147,131
C:\projects\python\Anda\Stability_Java\src\main\resources\systems\Sepsis.xes,C:\projects\python\Anda\resources\models\Sepsis_100000_ORDERING_10.0_5_inductive.pnml,0.21600027721537163,1.0,96
C:\projects\python\Anda\Stability_Java\src\main\resources\systems\RTFMS.xes,C:\projects\python\Anda\resources\models\RTFMS_4000_MIXED_0.2_2_alpha.pnml,0.25,0.5375927033562099,32
C:\projects\python\Anda\Stability_Java\src\main\resources\systems\RTFMS.xes,C:\projects\python\Anda\resources\models\RTFMS_4000_MIXED_0.2_2_heuristics.pnml,0.6627462115712044,0.9302013323067255,71
C:\projects\python\Anda\Stability_Java\src\main\resources\systems\RTFMS.xes,C:\projects\python\Anda\resources\models\RTFMS_4000_MIXED_0.2_2_inductive.pnml,0.4496674371824635,0.9999537776681771,73
C:\projects\python\Anda\Stability_Java\src\main\resources\systems\BPIC2012.xes,C:\projects\python\Anda\resources\models\BPIC2012_1000_MIXED_0.4_1_alpha.pnml,0.09790768487369639,0.5586479208127507,36
C:\projects\python\Anda\Stability_Java\src\main\resources\systems\BPIC2012.xes,C:\projects\python\Anda\resources\models\BPIC2012_1000_MIXED_0.4_1_heuristics.pnml,0.3051194606142569,0.9836055030938811,112
C:\projects\python\Anda\Stability_Java\src\main\resources\systems\BPIC2012.xes,C:\projects\python\Anda\resources\models\BPIC2012_1000_MIXED_0.4_1_inductive.pnml,0.10025711025866757,0.994101257247069,149
C:\projects\python\Anda\Stability_Java\src\main\resources\systems\Sepsis.xes,C:\projects\python\Anda\resources\models\Sepsis_2000_MIXED_1.0_2_alpha.pnml,0.3692883019749912,0.19748742505993244,32
C:\projects\python\Anda\Stability_Java\src\main\resources\systems\Sepsis.xes,C:\projects\python\Anda\resources\models\Sepsis_2000_MIXED_1.0_2_heuristics.pnml,0.5144346607088097,0.9166257361220342,124
C:\projects\python\Anda\Stability_Java\src\main\resources\systems\Sepsis.xes,C:\projects\python\Anda\resources\models\Sepsis_2000_MIXED_1.0_2_inductive.pnml,0.176222385615454,1.0,105
C:\projects\python\Anda\Stability_Java\src\main\resources\systems\Sepsis.xes,C:\projects\python\Anda\resources\models\Sepsis_2000_ORDERING_0.1_5_alpha.pnml,0.4426050420168067,0.23947726385374474,22
C:\projects\python\Anda\Stability_Java\src\main\resources\systems\Sepsis.xes,C:\projects\python\Anda\resources\models\Sepsis_2000_ORDERING_0.1_5_heuristics.pnml,0.7073244187447296,0.9131904865175944,111
C:\projects\python\Anda\Stability_Java\src\main\resources\systems\Sepsis.xes,C:\projects\python\Anda\resources\models\Sepsis_2000_ORDERING_0.1_5_inductive.pnml,0.25762075419340746,1.0,89
C:\projects\python\Anda\Stability_Java\src\main\resources\systems\RTFMS.xes,C:\projects\python\Anda\resources\models\RTFMS_1000_SUBSTITUTION_10.0_4_alpha.pnml,0.012048192771084376,0.5444549675970491,64
C:\projects\python\Anda\Stability_Java\src\main\resources\systems\RTFMS.xes,C:\projects\python\Anda\resources\models\RTFMS_1000_SUBSTITUTION_10.0_4_heuristics.pnml,0.09128710258614103,0.9384843460384011,136
C:\projects\python\Anda\Stability_Java\src\main\resources\systems\RTFMS.xes,C:\projects\python\Anda\resources\models\RTFMS_1000_SUBSTITUTION_10.0_4_inductive.pnml,0.1012546609740882,0.9999394407006635,120
C:\projects\python\Anda\Stability_Java\src\main\resources\systems\RTFMS.xes,C:\projects\python\Anda\resources\models\RTFMS_1000_MIXED_0.1_4_alpha.pnml,0.8326930674701196,0.6960316341571908,28
C:\projects\python\Anda\Stability_Java\src\main\resources\systems\RTFMS.xes,C:\projects\python\Anda\resources\models\RTFMS_1000_MIXED_0.1_4_heuristics.pnml,0.8943363723945208,0.9280834610129489,53
C:\projects\python\Anda\Stability_Java\src\main\resources\systems\RTFMS.xes,C:\projects\python\Anda\resources\models\RTFMS_1000_MIXED_0.1_4_inductive.pnml,0.606500918135183,0.9998058565545601,50
C:\projects\python\Anda\Stability_Java\src\main\resources\systems\BPIC2012.xes,C:\projects\python\Anda\resources\models\BPIC2012_10000_SUBSTITUTION_0.1_4_alpha.pnml,0.09190582461897179,0.5277092544276651,39
C:\projects\python\Anda\Stability_Java\src\main\resources\systems\BPIC2012.xes,C:\projects\python\Anda\resources\models\BPIC2012_10000_SUBSTITUTION_0.1_4_heuristics.pnml,0.2643555976001394,0.9773899131242036,127
C:\projects\python\Anda\Stability_Java\src\main\resources\systems\BPIC2012.xes,C:\projects\python\Anda\resources\models\BPIC2012_10000_SUBSTITUTION_0.1_4_inductive.pnml,0.09836342941520293,0.9826248188163496,170
C:\projects\python\Anda\Stability_Java\src\main\resources\systems\Sepsis.xes,C:\projects\python\Anda\resources\models\Sepsis_2000_SUBSTITUTION_2.0_5_alpha.pnml,0.17370646647978338,0.2070498805179985,35
C:\projects\python\Anda\Stability_Java\src\main\resources\systems\Sepsis.xes,C:\projects\python\Anda\resources\models\Sepsis_2000_SUBSTITUTION_2.0_5_heuristics.pnml,0.4362184249628529,0.9064834949327436,127
C:\projects\python\Anda\Stability_Java\src\main\resources\systems\Sepsis.xes,C:\projects\python\Anda\resources\models\Sepsis_2000_SUBSTITUTION_2.0_5_inductive.pnml,0.12773381810943174,1.0,141
C:\projects\python\Anda\Stability_Java\src\main\resources\systems\Sepsis.xes,C:\projects\python\Anda\resources\models\Sepsis_4000_SUBSTITUTION_10.0_4_alpha.pnml,0.017388424277552383,0.1370183643563097,200
C:\projects\python\Anda\Stability_Java\src\main\resources\systems\Sepsis.xes,C:\projects\python\Anda\resources\models\Sepsis_4000_SUBSTITUTION_10.0_4_heuristics.pnml,0.11014253292691034,0.8897629618830869,321
C:\projects\python\Anda\Stability_Java\src\main\resources\systems\Sepsis.xes,C:\projects\python\Anda\resources\models\Sepsis_4000_SUBSTITUTION_10.0_4_inductive.pnml,0.025128105308379944,1.0,385
C:\projects\python\Anda\Stability_Java\src\main\resources\systems\RTFMS.xes,C:\projects\python\Anda\resources\models\RTFMS_2000_MIXED_0.4_5_alpha.pnml,0.19999999999999996,0.5328412648654371,29
C:\projects\python\Anda\Stability_Java\src\main\resources\systems\RTFMS.xes,C:\projects\python\Anda\resources\models\RTFMS_2000_MIXED_0.4_5_heuristics.pnml,0.5046603842733054,0.932638299103133,72
C:\projects\python\Anda\Stability_Java\src\main\resources\systems\RTFMS.xes,C:\projects\python\Anda\resources\models\RTFMS_2000_MIXED_0.4_5_inductive.pnml,0.29661995735796975,0.9999930040056441,46
C:\projects\python\Anda\Stability_Java\src\main\resources\systems\Sepsis.xes,C:\projects\python\Anda\resources\models\Sepsis_40000_SUBSTITUTION_4.0_3_alpha.pnml,0.0038387715930902067,0.12900059228901284,827
C:\projects\python\Anda\Stability_Java\src\main\resources\systems\Sepsis.xes,C:\projects\python\Anda\resources\models\Sepsis_40000_SUBSTITUTION_4.0_3_heuristics.pnml,0.026797636435544336,0.9016615542506186,993
C:\projects\python\Anda\Stability_Java\src\main\resources\systems\Sepsis.xes,C:\projects\python\Anda\resources\models\Sepsis_40000_SUBSTITUTION_4.0_3_inductive.pnml,0.005945614942060473,1.0,1042
C:\projects\python\Anda\Stability_Java\src\main\resources\systems\BPIC2012.xes,C:\projects\python\Anda\resources\models\BPIC2012_20000_ORDERING_0.2_3_alpha.pnml,0.03448275862068961,0.4093412513796215,33
C:\projects\python\Anda\Stability_Java\src\main\resources\systems\BPIC2012.xes,C:\projects\python\Anda\resources\models\BPIC2012_20000_ORDERING_0.2_3_heuristics.pnml,0.27058658648455813,0.9775263181888391,127
C:\projects\python\Anda\Stability_Java\src\main\resources\systems\BPIC2012.xes,C:\projects\python\Anda\resources\models\BPIC2012_20000_ORDERING_0.2_3_inductive.pnml,0.10081050393006219,0.9977638835468174,161
C:\projects\python\Anda\Stability_Java\src\main\resources\systems\Sepsis.xes,C:\projects\python\Anda\resources\models\Sepsis_2000_INSERTION_0.2_4_alpha.pnml,0.3010207723606253,0.24354329002840786,29
C:\projects\python\Anda\Stability_Java\src\main\resources\systems\Sepsis.xes,C:\projects\python\Anda\resources\models\Sepsis_2000_INSERTION_0.2_4_heuristics.pnml,0.6289769683985003,0.8999200313988154,119
C:\projects\python\Anda\Stability_Java\src\main\resources\systems\Sepsis.xes,C:\projects\python\Anda\resources\models\Sepsis_2000_INSERTION_0.2_4_inductive.pnml,0.1695029997432126,1.0,117
C:\projects\python\Anda\Stability_Java\src\main\resources\systems\RTFMS.xes,C:\projects\python\Anda\resources\models\RTFMS_2000_ORDERING_2.0_5_alpha.pnml,0.25,0.5041536011736671,25
C:\projects\python\Anda\Stability_Java\src\main\resources\systems\RTFMS.xes,C:\projects\python\Anda\resources\models\RTFMS_2000_ORDERING_2.0_5_heuristics.pnml,0.6033741824900072,0.9370393013228333,73
C:\projects\python\Anda\Stability_Java\src\main\resources\systems\RTFMS.xes,C:\projects\python\Anda\resources\models\RTFMS_2000_ORDERING_2.0_5_inductive.pnml,0.4818783224786971,0.9999283823694247,58
C:\projects\python\Anda\Stability_Java\src\main\resources\systems\RTFMS.xes,C:\projects\python\Anda\resources\models\RTFMS_40000_INSERTION_4.0_4_alpha.pnml,0.0007507507507507061,0.42294010469465126,769
C:\projects\python\Anda\Stability_Java\src\main\resources\systems\RTFMS.xes,C:\projects\python\Anda\resources\models\RTFMS_40000_INSERTION_4.0_4_heuristics.pnml,0.006908937055539854,0.9452849282940126,901
C:\projects\python\Anda\Stability_Java\src\main\resources\systems\RTFMS.xes,C:\projects\python\Anda\resources\models\RTFMS_40000_INSERTION_4.0_4_inductive.pnml,0.010461804976696687,0.9999996499453739,893
C:\projects\python\Anda\Stability_Java\src\main\resources\systems\BPIC2012.xes,C:\projects\python\Anda\resources\models\BPIC2012_100000_SUBSTITUTION_0.4_5_alpha.pnml,0.0023419203747072626,0.16525512137953957,254
C:\projects\python\Anda\Stability_Java\src\main\resources\systems\BPIC2012.xes,C:\projects\python\Anda\resources\models\BPIC2012_100000_SUBSTITUTION_0.4_5_heuristics.pnml,0.06526398713826365,0.9668949034650542,388
C:\projects\python\Anda\Stability_Java\src\main\resources\systems\BPIC2012.xes,C:\projects\python\Anda\resources\models\BPIC2012_100000_SUBSTITUTION_0.4_5_inductive.pnml,0.01931441446233717,1.0,569
C:\projects\python\Anda\Stability_Java\src\main\resources\systems\BPIC2012.xes,C:\projects\python\Anda\resources\models\BPIC2012_2000_MIXED_4.0_3_alpha.pnml,0.014084507042253502,0.2651211674939927,50
C:\projects\python\Anda\Stability_Java\src\main\resources\systems\BPIC2012.xes,C:\projects\python\Anda\resources\models\BPIC2012_2000_MIXED_4.0_3_heuristics.pnml,0.2454774941162413,0.9832100586029331,142
C:\projects\python\Anda\Stability_Java\src\main\resources\systems\BPIC2012.xes,C:\projects\python\Anda\resources\models\BPIC2012_2000_MIXED_4.0_3_inductive.pnml,0.06641905037588414,0.9975573282957381,247
C:\projects\python\Anda\Stability_Java\src\main\resources\systems\BPIC2012.xes,C:\projects\python\Anda\resources\models\BPIC2012_10000_ORDERING_10.0_3_alpha.pnml,0.0,0.16044660850924847,40
C:\projects\python\Anda\Stability_Java\src\main\resources\systems\BPIC2012.xes,C:\projects\python\Anda\resources\models\BPIC2012_10000_ORDERING_10.0_3_heuristics.pnml,0.319258933110681,0.9671561658011371,147
C:\projects\python\Anda\Stability_Java\src\main\resources\systems\BPIC2012.xes,C:\projects\python\Anda\resources\models\BPIC2012_10000_ORDERING_10.0_3_inductive.pnml,0.08898677109424946,1.0,116
C:\projects\python\Anda\Stability_Java\src\main\resources\systems\Sepsis.xes,C:\projects\python\Anda\resources\models\Sepsis_10000_INSERTION_0.2_1_alpha.pnml,0.32188473996210965,0.20837757307214094,36
C:\projects\python\Anda\Stability_Java\src\main\resources\systems\Sepsis.xes,C:\projects\python\Anda\resources\models\Sepsis_10000_INSERTION_0.2_1_heuristics.pnml,0.5901912656879544,0.901207732760631,121
C:\projects\python\Anda\Stability_Java\src\main\resources\systems\Sepsis.xes,C:\projects\python\Anda\resources\models\Sepsis_10000_INSERTION_0.2_1_inductive.pnml,0.15623734158902847,1.0,141
C:\projects\python\Anda\Stability_Java\src\main\resources\systems\BPIC2012.xes,C:\projects\python\Anda\resources\models\BPIC2012_100000_SUBSTITUTION_4.0_5_alpha.pnml,0.0002619172341540299,0.09507895396440802,2054
C:\projects\python\Anda\Stability_Java\src\main\resources\systems\BPIC2012.xes,C:\projects\python\Anda\resources\models\BPIC2012_100000_SUBSTITUTION_4.0_5_heuristics.pnml,0.009093605330891652,0.9808544456615509,2440
C:\projects\python\Anda\Stability_Java\src\main\resources\systems\Sepsis.xes,C:\projects\python\Anda\resources\models\Sepsis_1000_alpha.pnml,0.39660523149027804,0.24104736592894777,23
C:\projects\python\Anda\Stability_Java\src\main\resources\systems\Sepsis.xes,C:\projects\python\Anda\resources\models\Sepsis_1000_heuristics.pnml,0.6784117801735472,0.9099023866914524,98
C:\projects\python\Anda\Stability_Java\src\main\resources\systems\Sepsis.xes,C:\projects\python\Anda\resources\models\Sepsis_1000_MIXED_0.2_5_alpha.pnml,0.3152267632350405,0.18034750850267933,21
C:\projects\python\Anda\Stability_Java\src\main\resources\systems\Sepsis.xes,C:\projects\python\Anda\resources\models\Sepsis_1000_MIXED_0.2_5_heuristics.pnml,0.6784117801735472,0.9099023866914524,98
C:\projects\python\Anda\Stability_Java\src\main\resources\systems\Sepsis.xes,C:\projects\python\Anda\resources\models\Sepsis_2000_INSERTION_1.0_4_alpha.pnml,0.2053267114616808,0.29238492921054055,41
C:\projects\python\Anda\Stability_Java\src\main\resources\systems\Sepsis.xes,C:\projects\python\Anda\resources\models\Sepsis_2000_INSERTION_1.0_4_heuristics.pnml,0.5049883890943494,0.9089100232546843,129
C:\projects\python\Anda\Stability_Java\src\main\resources\systems\Sepsis.xes,C:\projects\python\Anda\resources\models\Sepsis_2000_INSERTION_1.0_4_inductive.pnml,0.13800759715470423,1.0,126
C:\projects\python\Anda\Stability_Java\src\main\resources\systems\Sepsis.xes,C:\projects\python\Anda\resources\models\Sepsis_100000_INSERTION_0.4_4_alpha.pnml,0.015123467151359371,0.14803404402627668,217
C:\projects\python\Anda\Stability_Java\src\main\resources\systems\Sepsis.xes,C:\projects\python\Anda\resources\models\Sepsis_100000_INSERTION_0.4_4_heuristics.pnml,0.10321248127972615,0.8958634878369931,330
C:\projects\python\Anda\Stability_Java\src\main\resources\systems\Sepsis.xes,C:\projects\python\Anda\resources\models\Sepsis_100000_INSERTION_0.4_4_inductive.pnml,0.025136906675330972,1.0,396
C:\projects\python\Anda\Stability_Java\src\main\resources\systems\Sepsis.xes,C:\projects\python\Anda\resources\models\Sepsis_10000_ABSENCE_0.1_3_alpha.pnml,0.4426422388436003,0.26588961197193384,22
C:\projects\python\Anda\Stability_Java\src\main\resources\systems\Sepsis.xes,C:\projects\python\Anda\resources\models\Sepsis_10000_ABSENCE_0.1_3_heuristics.pnml,0.7033112582781457,0.8982043958034452,107
C:\projects\python\Anda\Stability_Java\src\main\resources\systems\Sepsis.xes,C:\projects\python\Anda\resources\models\Sepsis_10000_ABSENCE_0.1_3_inductive.pnml,0.2475336831655084,1.0,95
C:\projects\python\Anda\Stability_Java\src\main\resources\systems\BPIC2012.xes,C:\projects\python\Anda\resources\models\BPIC2012_100000_MIXED_2.0_2_alpha.pnml,0.0011261261261261701,0.09697250956556247,489
C:\projects\python\Anda\Stability_Java\src\main\resources\systems\BPIC2012.xes,C:\projects\python\Anda\resources\models\BPIC2012_100000_MIXED_2.0_2_heuristics.pnml,0.03875404915300862,0.9769615702010471,693
C:\projects\python\Anda\Stability_Java\src\main\resources\systems\BPIC2012.xes,C:\projects\python\Anda\resources\models\BPIC2012_100000_MIXED_2.0_2_inductive.pnml,0.009926969291982113,1.0,807
C:\projects\python\Anda\Stability_Java\src\main\resources\systems\RTFMS.xes,C:\projects\python\Anda\resources\models\RTFMS_40000_INSERTION_0.1_1_alpha.pnml,0.12398233949773074,0.5199055293593304,41
C:\projects\python\Anda\Stability_Java\src\main\resources\systems\RTFMS.xes,C:\projects\python\Anda\resources\models\RTFMS_40000_INSERTION_0.1_1_heuristics.pnml,0.2073087154773412,0.9455723579382662,91
C:\projects\python\Anda\Stability_Java\src\main\resources\systems\RTFMS.xes,C:\projects\python\Anda\resources\models\RTFMS_40000_INSERTION_0.1_1_inductive.pnml,0.20172150963697488,0.9999997836770956,109
C:\projects\python\Anda\Stability_Java\src\main\resources\systems\Sepsis.xes,C:\projects\python\Anda\resources\models\Sepsis_1000_ORDERING_4.0_5_alpha.pnml,0.39309056956115784,0.21433349519015077,25
C:\projects\python\Anda\Stability_Java\src\main\resources\systems\Sepsis.xes,C:\projects\python\Anda\resources\models\Sepsis_1000_ORDERING_4.0_5_heuristics.pnml,0.6226516371443908,0.9079473208879512,100
C:\projects\python\Anda\Stability_Java\src\main\resources\systems\Sepsis.xes,C:\projects\python\Anda\resources\models\Sepsis_1000_ORDERING_4.0_5_inductive.pnml,0.30688930852305274,0.9999320284647673,94
C:\projects\python\Anda\Stability_Java\src\main\resources\systems\Sepsis.xes,C:\projects\python\Anda\resources\models\Sepsis_2000_ORDERING_1.0_4_alpha.pnml,0.4426050420168067,0.2261530894296213,22
C:\projects\python\Anda\Stability_Java\src\main\resources\systems\Sepsis.xes,C:\projects\python\Anda\resources\models\Sepsis_2000_ORDERING_1.0_4_heuristics.pnml,0.7071540407081778,0.9032809084797411,111
C:\projects\python\Anda\Stability_Java\src\main\resources\systems\Sepsis.xes,C:\projects\python\Anda\resources\models\Sepsis_2000_ORDERING_1.0_4_inductive.pnml,0.2520710332636249,1.0,90
C:\projects\python\Anda\Stability_Java\src\main\resources\systems\BPIC2012.xes,C:\projects\python\Anda\resources\models\BPIC2012_4000_ABSENCE_2.0_5_alpha.pnml,0.032258064516129004,0.5552113061952955,37
C:\projects\python\Anda\Stability_Java\src\main\resources\systems\BPIC2012.xes,C:\projects\python\Anda\resources\models\BPIC2012_4000_ABSENCE_2.0_5_heuristics.pnml,0.2705479801068036,0.9794048832883904,126
C:\projects\python\Anda\Stability_Java\src\main\resources\systems\BPIC2012.xes,C:\projects\python\Anda\resources\models\BPIC2012_4000_ABSENCE_2.0_5_inductive.pnml,0.11190931491711942,0.9966656389343516,124
C:\projects\python\Anda\Stability_Java\src\main\resources\systems\BPIC2012.xes,C:\projects\python\Anda\resources\models\BPIC2012_100000_MIXED_0.2_4_alpha.pnml,0.008928571428571397,0.24713778135676773,88
C:\projects\python\Anda\Stability_Java\src\main\resources\systems\BPIC2012.xes,C:\projects\python\Anda\resources\models\BPIC2012_100000_MIXED_0.2_4_heuristics.pnml,0.15926392506318154,0.9762118987561093,190
C:\projects\python\Anda\Stability_Java\src\main\resources\systems\BPIC2012.xes,C:\projects\python\Anda\resources\models\BPIC2012_100000_MIXED_0.2_4_inductive.pnml,0.05120049885926581,0.9972774796471026,284
C:\projects\python\Anda\Stability_Java\src\main\resources\systems\RTFMS.xes,C:\projects\python\Anda\resources\models\RTFMS_20000_SUBSTITUTION_4.0_3_alpha.pnml,0.0016339869281045694,0.4214530160226442,388
C:\projects\python\Anda\Stability_Java\src\main\resources\systems\RTFMS.xes,C:\projects\python\Anda\resources\models\RTFMS_20000_SUBSTITUTION_4.0_3_heuristics.pnml,0.015721975274699873,0.9355740744717671,480
C:\projects\python\Anda\Stability_Java\src\main\resources\systems\RTFMS.xes,C:\projects\python\Anda\resources\models\RTFMS_20000_SUBSTITUTION_4.0_3_inductive.pnml,0.019931435631641903,1.0,517
C:\projects\python\Anda\Stability_Java\src\main\resources\systems\BPIC2012.xes,C:\projects\python\Anda\resources\models\BPIC2012_2000_ABSENCE_4.0_5_alpha.pnml,0.032258064516129004,0.5552113061952955,37
C:\projects\python\Anda\Stability_Java\src\main\resources\systems\BPIC2012.xes,C:\projects\python\Anda\resources\models\BPIC2012_2000_ABSENCE_4.0_5_heuristics.pnml,0.2948961695871287,0.9823102321562285,109
C:\projects\python\Anda\Stability_Java\src\main\resources\systems\BPIC2012.xes,C:\projects\python\Anda\resources\models\BPIC2012_2000_ABSENCE_4.0_5_inductive.pnml,0.11190931491711942,0.9966656816366284,123
C:\projects\python\Anda\Stability_Java\src\main\resources\systems\RTFMS.xes,C:\projects\python\Anda\resources\models\RTFMS_100000_ORDERING_1.0_3_alpha.pnml,0.2857083141746436,0.27188937389649115,23
C:\projects\python\Anda\Stability_Java\src\main\resources\systems\RTFMS.xes,C:\projects\python\Anda\resources\models\RTFMS_100000_ORDERING_1.0_3_heuristics.pnml,0.3951731431235346,0.9314410982771293,84
C:\projects\python\Anda\Stability_Java\src\main\resources\systems\RTFMS.xes,C:\projects\python\Anda\resources\models\RTFMS_100000_ORDERING_1.0_3_inductive.pnml,0.4145891404108252,1.0,76
C:\projects\python\Anda\Stability_Java\src\main\resources\systems\Sepsis.xes,C:\projects\python\Anda\resources\models\Sepsis_1000_MIXED_0.1_3_alpha.pnml,0.39660523149027804,0.24104736592894777,23
C:\projects\python\Anda\Stability_Java\src\main\resources\systems\Sepsis.xes,C:\projects\python\Anda\resources\models\Sepsis_1000_MIXED_0.1_3_heuristics.pnml,0.6784117801735472,0.9099023866914524,98
C:\projects\python\Anda\Stability_Java\src\main\resources\systems\Sepsis.xes,C:\projects\python\Anda\resources\models\Sepsis_1000_MIXED_0.1_3_inductive.pnml,0.25382928347459843,0.9999318710164926,91
C:\projects\python\Anda\Stability_Java\src\main\resources\systems\RTFMS.xes,C:\projects\python\Anda\resources\models\RTFMS_10000_ORDERING_0.4_4_alpha.pnml,0.0,0.36730034615638235,27
C:\projects\python\Anda\Stability_Java\src\main\resources\systems\RTFMS.xes,C:\projects\python\Anda\resources\models\RTFMS_10000_ORDERING_0.4_4_heuristics.pnml,0.505561505055615,0.9319038717330496,72
C:\projects\python\Anda\Stability_Java\src\main\resources\systems\RTFMS.xes,C:\projects\python\Anda\resources\models\RTFMS_10000_ORDERING_0.4_4_inductive.pnml,0.4132010581000767,0.9999924849252297,50
C:\projects\python\Anda\Stability_Java\src\main\resources\systems\Sepsis.xes,C:\projects\python\Anda\resources\models\Sepsis_100000_ORDERING_0.2_4_alpha.pnml,0.444632290786137,0.1668997662645727,22
C:\projects\python\Anda\Stability_Java\src\main\resources\systems\Sepsis.xes,C:\projects\python\Anda\resources\models\Sepsis_100000_ORDERING_0.2_4_heuristics.pnml,0.6302670623145401,0.8932754362093287,114
C:\projects\python\Anda\Stability_Java\src\main\resources\systems\Sepsis.xes,C:\projects\python\Anda\resources\models\Sepsis_100000_ORDERING_0.2_4_inductive.pnml,0.30368763557483736,1.0,101
C:\projects\python\Anda\Stability_Java\src\main\resources\systems\RTFMS.xes,C:\projects\python\Anda\resources\models\RTFMS_1000_MIXED_0.2_1_alpha.pnml,0.5004808466888017,0.6311530206481655,27
C:\projects\python\Anda\Stability_Java\src\main\resources\systems\RTFMS.xes,C:\projects\python\Anda\resources\models\RTFMS_1000_MIXED_0.2_1_heuristics.pnml,0.8202574488478702,0.9349753415734445,55
C:\projects\python\Anda\Stability_Java\src\main\resources\systems\RTFMS.xes,C:\projects\python\Anda\resources\models\RTFMS_1000_MIXED_0.2_1_inductive.pnml,0.466617954516363,0.9998166913000761,51
C:\projects\python\Anda\Stability_Java\src\main\resources\systems\BPIC2012.xes,C:\projects\python\Anda\resources\models\BPIC2012_40000_MIXED_0.4_3_alpha.pnml,0.009708737864077666,0.2199912010259083,70
C:\projects\python\Anda\Stability_Java\src\main\resources\systems\BPIC2012.xes,C:\projects\python\Anda\resources\models\BPIC2012_40000_MIXED_0.4_3_heuristics.pnml,0.20025822279711136,0.9811522567297963,193
C:\projects\python\Anda\Stability_Java\src\main\resources\systems\BPIC2012.xes,C:\projects\python\Anda\resources\models\BPIC2012_40000_MIXED_0.4_3_inductive.pnml,0.05156362577897411,1.0,248
C:\projects\python\Anda\Stability_Java\src\main\resources\systems\RTFMS.xes,C:\projects\python\Anda\resources\models\RTFMS_40000_ORDERING_0.1_4_alpha.pnml,0.0,0.37393554222689634,24
C:\projects\python\Anda\Stability_Java\src\main\resources\systems\RTFMS.xes,C:\projects\python\Anda\resources\models\RTFMS_40000_ORDERING_0.1_4_heuristics.pnml,0.5059261862224791,0.9365289654726454,71
C:\projects\python\Anda\Stability_Java\src\main\resources\systems\RTFMS.xes,C:\projects\python\Anda\resources\models\RTFMS_40000_ORDERING_0.1_4_inductive.pnml,0.393653157947753,1.0,47
C:\projects\python\Anda\Stability_Java\src\main\resources\systems\Sepsis.xes,C:\projects\python\Anda\resources\models\Sepsis_10000_ORDERING_0.1_3_alpha.pnml,0.4426422388436003,0.26588961197193384,22
C:\projects\python\Anda\Stability_Java\src\main\resources\systems\Sepsis.xes,C:\projects\python\Anda\resources\models\Sepsis_10000_ORDERING_0.1_3_heuristics.pnml,0.7044386711624564,0.897762694969453,107
C:\projects\python\Anda\Stability_Java\src\main\resources\systems\Sepsis.xes,C:\projects\python\Anda\resources\models\Sepsis_10000_ORDERING_0.1_3_inductive.pnml,0.25762075419340746,1.0,89
C:\projects\python\Anda\Stability_Java\src\main\resources\systems\BPIC2012.xes,C:\projects\python\Anda\resources\models\BPIC2012_4000_SUBSTITUTION_1.0_2_alpha.pnml,0.018181818181818188,0.5623114254339958,58
C:\projects\python\Anda\Stability_Java\src\main\resources\systems\BPIC2012.xes,C:\projects\python\Anda\resources\models\BPIC2012_4000_SUBSTITUTION_1.0_2_heuristics.pnml,0.2193613185222656,0.9770105298447347,150
C:\projects\python\Anda\Stability_Java\src\main\resources\systems\BPIC2012.xes,C:\projects\python\Anda\resources\models\BPIC2012_4000_SUBSTITUTION_1.0_2_inductive.pnml,0.09941945252873319,0.9999840171345167,260
C:\projects\python\Anda\Stability_Java\src\main\resources\systems\RTFMS.xes,C:\projects\python\Anda\resources\models\RTFMS_4000_MIXED_2.0_1_alpha.pnml,0.022727272727272707,0.4230380942118025,46
C:\projects\python\Anda\Stability_Java\src\main\resources\systems\RTFMS.xes,C:\projects\python\Anda\resources\models\RTFMS_4000_MIXED_2.0_1_heuristics.pnml,0.1466042985586593,0.9452811177920131,119
C:\projects\python\Anda\Stability_Java\src\main\resources\systems\RTFMS.xes,C:\projects\python\Anda\resources\models\RTFMS_4000_MIXED_2.0_1_inductive.pnml,0.1397421785724281,0.9999908188747613,128
C:\projects\python\Anda\Stability_Java\src\main\resources\systems\Sepsis.xes,C:\projects\python\Anda\resources\models\Sepsis_2000_ORDERING_1.0_5_alpha.pnml,0.4426050420168067,0.23947726385374474,22
C:\projects\python\Anda\Stability_Java\src\main\resources\systems\Sepsis.xes,C:\projects\python\Anda\resources\models\Sepsis_2000_ORDERING_1.0_5_heuristics.pnml,0.7066433987242748,0.9132383945026643,111
C:\projects\python\Anda\Stability_Java\src\main\resources\systems\Sepsis.xes,C:\projects\python\Anda\resources\models\Sepsis_2000_ORDERING_1.0_5_inductive.pnml,0.301076686137666,1.0,93
C:\projects\python\Anda\Stability_Java\src\main\resources\systems\Sepsis.xes,C:\projects\python\Anda\resources\models\Sepsis_20000_INSERTION_1.0_1_alpha.pnml,0.032213440476505206,0.1538991231608534,120
C:\projects\python\Anda\Stability_Java\src\main\resources\systems\Sepsis.xes,C:\projects\python\Anda\resources\models\Sepsis_20000_INSERTION_1.0_1_heuristics.pnml,0.18947988579542885,0.8952389067316766,227
C:\projects\python\Anda\Stability_Java\src\main\resources\systems\Sepsis.xes,C:\projects\python\Anda\resources\models\Sepsis_20000_INSERTION_1.0_1_inductive.pnml,0.03946139188361808,1.0,300
C:\projects\python\Anda\Stability_Java\src\main\resources\systems\RTFMS.xes,C:\projects\python\Anda\resources\models\RTFMS_1000_MIXED_0.2_2_alpha.pnml,0.8381889907822497,0.6136618326455499,28
C:\projects\python\Anda\Stability_Java\src\main\resources\systems\RTFMS.xes,C:\projects\python\Anda\resources\models\RTFMS_1000_MIXED_0.2_2_heuristics.pnml,0.8196400387065257,0.9261780790860155,54
C:\projects\python\Anda\Stability_Java\src\main\resources\systems\RTFMS.xes,C:\projects\python\Anda\resources\models\RTFMS_1000_MIXED_0.2_2_inductive.pnml,0.6341057810798445,0.9998219054633185,51
C:\projects\python\Anda\Stability_Java\src\main\resources\systems\Sepsis.xes,C:\projects\python\Anda\resources\models\Sepsis_2000_INSERTION_1.0_2_alpha.pnml,0.24145044466856147,0.1414845077764459,28
C:\projects\python\Anda\Stability_Java\src\main\resources\systems\Sepsis.xes,C:\projects\python\Anda\resources\models\Sepsis_2000_INSERTION_1.0_2_heuristics.pnml,0.5658459017973305,0.9132215550658476,120
C:\projects\python\Anda\Stability_Java\src\main\resources\systems\Sepsis.xes,C:\projects\python\Anda\resources\models\Sepsis_2000_INSERTION_1.0_2_inductive.pnml,0.18185077264901683,1.0,133
C:\projects\python\Anda\Stability_Java\src\main\resources\systems\Sepsis.xes,C:\projects\python\Anda\resources\models\Sepsis_20000_ABSENCE_1.0_1_alpha.pnml,0.44411590774689536,0.25309060879378503,22
C:\projects\python\Anda\Stability_Java\src\main\resources\systems\Sepsis.xes,C:\projects\python\Anda\resources\models\Sepsis_20000_ABSENCE_1.0_1_heuristics.pnml,0.6647887323943662,0.8973853605493712,108
C:\projects\python\Anda\Stability_Java\src\main\resources\systems\Sepsis.xes,C:\projects\python\Anda\resources\models\Sepsis_20000_ABSENCE_1.0_1_inductive.pnml,0.2475336831655084,1.0,95
C:\projects\python\Anda\Stability_Java\src\main\resources\systems\RTFMS.xes,C:\projects\python\Anda\resources\models\RTFMS_2000_ORDERING_4.0_2_alpha.pnml,0.16666666666666663,0.4348001243388517,23
C:\projects\python\Anda\Stability_Java\src\main\resources\systems\RTFMS.xes,C:\projects\python\Anda\resources\models\RTFMS_2000_ORDERING_4.0_2_heuristics.pnml,0.6033741824900072,0.9326686588256515,71
C:\projects\python\Anda\Stability_Java\src\main\resources\systems\RTFMS.xes,C:\projects\python\Anda\resources\models\RTFMS_2000_ORDERING_4.0_2_inductive.pnml,0.3814706368451043,1.0,43
C:\projects\python\Anda\Stability_Java\src\main\resources\systems\Sepsis.xes,C:\projects\python\Anda\resources\models\Sepsis_10000_ORDERING_0.4_4_alpha.pnml,0.4426422388436003,0.23273742064628217,24
C:\projects\python\Anda\Stability_Java\src\main\resources\systems\Sepsis.xes,C:\projects\python\Anda\resources\models\Sepsis_10000_ORDERING_0.4_4_heuristics.pnml,0.6647887323943662,0.89080765985801,110
C:\projects\python\Anda\Stability_Java\src\main\resources\systems\Sepsis.xes,C:\projects\python\Anda\resources\models\Sepsis_10000_ORDERING_0.4_4_inductive.pnml,0.30465124442728264,1.0,93
C:\projects\python\Anda\Stability_Java\src\main\resources\systems\Sepsis.xes,C:\projects\python\Anda\resources\models\Sepsis_100000_ORDERING_1.0_1_alpha.pnml,0.33348154735437974,0.15936392252166454,26
C:\projects\python\Anda\Stability_Java\src\main\resources\systems\Sepsis.xes,C:\projects\python\Anda\resources\models\Sepsis_100000_ORDERING_1.0_1_heuristics.pnml,0.5826793260523572,0.8900596660129576,123
C:\projects\python\Anda\Stability_Java\src\main\resources\systems\Sepsis.xes,C:\projects\python\Anda\resources\models\Sepsis_100000_ORDERING_1.0_1_inductive.pnml,0.23182157322532504,1.0,103
C:\projects\python\Anda\Stability_Java\src\main\resources\systems\Sepsis.xes,C:\projects\python\Anda\resources\models\Sepsis_4000_ABSENCE_10.0_4_alpha.pnml,0.4439746300211417,0.2468446509069529,22
C:\projects\python\Anda\Stability_Java\src\main\resources\systems\Sepsis.xes,C:\projects\python\Anda\resources\models\Sepsis_4000_ABSENCE_10.0_4_heuristics.pnml,0.6672141503474416,0.8818690137761274,116
C:\projects\python\Anda\Stability_Java\src\main\resources\systems\Sepsis.xes,C:\projects\python\Anda\resources\models\Sepsis_4000_ABSENCE_10.0_4_inductive.pnml,0.2475336831655084,1.0,95
C:\projects\python\Anda\Stability_Java\src\main\resources\systems\Sepsis.xes,C:\projects\python\Anda\resources\models\Sepsis_4000_ABSENCE_0.4_5_alpha.pnml,0.4426422388436003,0.26588961197193384,22
C:\projects\python\Anda\Stability_Java\src\main\resources\systems\Sepsis.xes,C:\projects\python\Anda\resources\models\Sepsis_4000_ABSENCE_0.4_5_heuristics.pnml,0.7811300424270995,0.8856196503602701,117
C:\projects\python\Anda\Stability_Java\src\main\resources\systems\Sepsis.xes,C:\projects\python\Anda\resources\models\Sepsis_4000_ABSENCE_0.4_5_inductive.pnml,0.27807123259570754,1.0,90
C:\projects\python\Anda\Stability_Java\src\main\resources\systems\BPIC2012.xes,C:\projects\python\Anda\resources\models\BPIC2012_2000_INSERTION_2.0_2_alpha.pnml,0.05201478455109887,0.5561349348176412,52
C:\projects\python\Anda\Stability_Java\src\main\resources\systems\BPIC2012.xes,C:\projects\python\Anda\resources\models\BPIC2012_2000_INSERTION_2.0_2_heuristics.pnml,0.213492258847375,0.9810210787862133,131
C:\projects\python\Anda\Stability_Java\src\main\resources\systems\BPIC2012.xes,C:\projects\python\Anda\resources\models\BPIC2012_2000_INSERTION_2.0_2_inductive.pnml,0.08206672997892939,0.9999752843997662,206
C:\projects\python\Anda\Stability_Java\src\main\resources\systems\BPIC2012.xes,C:\projects\python\Anda\resources\models\BPIC2012_100000_INSERTION_0.1_4_alpha.pnml,0.007352941176470562,0.4297410565228579,91
C:\projects\python\Anda\Stability_Java\src\main\resources\systems\BPIC2012.xes,C:\projects\python\Anda\resources\models\BPIC2012_100000_INSERTION_0.1_4_heuristics.pnml,0.15771344261309395,0.9779974364916906,201
C:\projects\python\Anda\Stability_Java\src\main\resources\systems\BPIC2012.xes,C:\projects\python\Anda\resources\models\BPIC2012_100000_INSERTION_0.1_4_inductive.pnml,0.05233522554551118,1.0,293
C:\projects\python\Anda\Stability_Java\src\main\resources\systems\BPIC2012.xes,C:\projects\python\Anda\resources\models\BPIC2012_100000_ABSENCE_0.1_1_alpha.pnml,0.032258064516129004,0.5424698256645475,36
C:\projects\python\Anda\Stability_Java\src\main\resources\systems\BPIC2012.xes,C:\projects\python\Anda\resources\models\BPIC2012_100000_ABSENCE_0.1_1_heuristics.pnml,0.3045693974562117,0.9762598506790041,131
C:\projects\python\Anda\Stability_Java\src\main\resources\systems\BPIC2012.xes,C:\projects\python\Anda\resources\models\BPIC2012_100000_ABSENCE_0.1_1_inductive.pnml,0.10064791104657622,0.9759932477579282,146
C:\projects\python\Anda\Stability_Java\src\main\resources\systems\BPIC2012.xes,C:\projects\python\Anda\resources\models\BPIC2012_10000_ORDERING_0.2_1_alpha.pnml,0.02941176470588236,0.4896597268566457,33
C:\projects\python\Anda\Stability_Java\src\main\resources\systems\BPIC2012.xes,C:\projects\python\Anda\resources\models\BPIC2012_10000_ORDERING_0.2_1_heuristics.pnml,0.27058658648455813,0.9798524818051519,124
C:\projects\python\Anda\Stability_Java\src\main\resources\systems\BPIC2012.xes,C:\projects\python\Anda\resources\models\BPIC2012_10000_ORDERING_0.2_1_inductive.pnml,0.10476110032550323,0.979104172069769,140
C:\projects\python\Anda\Stability_Java\src\main\resources\systems\Sepsis.xes,C:\projects\python\Anda\resources\models\Sepsis_40000_INSERTION_1.0_4_alpha.pnml,0.015123467151359371,0.14803404402627668,217
C:\projects\python\Anda\Stability_Java\src\main\resources\systems\Sepsis.xes,C:\projects\python\Anda\resources\models\Sepsis_40000_INSERTION_1.0_4_heuristics.pnml,0.10321248127972615,0.8958634878369931,330
C:\projects\python\Anda\Stability_Java\src\main\resources\systems\Sepsis.xes,C:\projects\python\Anda\resources\models\Sepsis_40000_INSERTION_1.0_4_inductive.pnml,0.025136906675330972,1.0,396
C:\projects\python\Anda\Stability_Java\src\main\resources\systems\RTFMS.xes,C:\projects\python\Anda\resources\models\RTFMS_10000_SUBSTITUTION_1.0_1_alpha.pnml,0.011627906976744207,0.5135840623417537,65
C:\projects\python\Anda\Stability_Java\src\main\resources\systems\RTFMS.xes,C:\projects\python\Anda\resources\models\RTFMS_10000_SUBSTITUTION_1.0_1_heuristics.pnml,0.08760808163206057,0.9360772290848938,126
C:\projects\python\Anda\Stability_Java\src\main\resources\systems\RTFMS.xes,C:\projects\python\Anda\resources\models\RTFMS_10000_SUBSTITUTION_1.0_1_inductive.pnml,0.09185107299153727,0.9999899643802402,160
C:\projects\python\Anda\Stability_Java\src\main\resources\systems\Sepsis.xes,C:\projects\python\Anda\resources\models\Sepsis_100000_ABSENCE_0.4_3_alpha.pnml,0.4426422388436003,0.26588961197193384,22
C:\projects\python\Anda\Stability_Java\src\main\resources\systems\Sepsis.xes,C:\projects\python\Anda\resources\models\Sepsis_100000_ABSENCE_0.4_3_heuristics.pnml,0.7189613665023501,0.8941883128747489,107
C:\projects\python\Anda\Stability_Java\src\main\resources\systems\Sepsis.xes,C:\projects\python\Anda\resources\models\Sepsis_100000_ABSENCE_0.4_3_inductive.pnml,0.2475336831655084,1.0,95
C:\projects\python\Anda\Stability_Java\src\main\resources\systems\BPIC2012.xes,C:\projects\python\Anda\resources\models\BPIC2012_10000_INSERTION_10.0_3_alpha.pnml,0.0011173184357542443,0.10537431527159447,486
C:\projects\python\Anda\Stability_Java\src\main\resources\systems\BPIC2012.xes,C:\projects\python\Anda\resources\models\BPIC2012_10000_INSERTION_10.0_3_heuristics.pnml,0.039908226297971305,0.9745995242985719,677
C:\projects\python\Anda\Stability_Java\src\main\resources\systems\BPIC2012.xes,C:\projects\python\Anda\resources\models\BPIC2012_10000_INSERTION_10.0_3_inductive.pnml,0.011464019166376849,1.0,819
C:\projects\python\Anda\Stability_Java\src\main\resources\systems\Sepsis.xes,C:\projects\python\Anda\resources\models\Sepsis_100000_SUBSTITUTION_2.0_5_alpha.pnml,0.0031446540880503138,0.1291195277914412,1018
C:\projects\python\Anda\Stability_Java\src\main\resources\systems\Sepsis.xes,C:\projects\python\Anda\resources\models\Sepsis_100000_SUBSTITUTION_2.0_5_heuristics.pnml,0.020681474765790298,0.9016615542506186,1156
C:\projects\python\Anda\Stability_Java\src\main\resources\systems\Sepsis.xes,C:\projects\python\Anda\resources\models\Sepsis_100000_SUBSTITUTION_2.0_5_inductive.pnml,0.005170168009724696,1.0,1244
C:\projects\python\Anda\Stability_Java\src\main\resources\systems\RTFMS.xes,C:\projects\python\Anda\resources\models\RTFMS_4000_ORDERING_0.1_5_alpha.pnml,0.5,0.5487830123192639,27
C:\projects\python\Anda\Stability_Java\src\main\resources\systems\RTFMS.xes,C:\projects\python\Anda\resources\models\RTFMS_4000_ORDERING_0.1_5_heuristics.pnml,0.6714851862956199,0.9316248085046208,71
C:\projects\python\Anda\Stability_Java\src\main\resources\systems\RTFMS.xes,C:\projects\python\Anda\resources\models\RTFMS_4000_ORDERING_0.1_5_inductive.pnml,0.536657932824492,0.9999457205373374,43
C:\projects\python\Anda\Stability_Java\src\main\resources\systems\BPIC2012.xes,C:\projects\python\Anda\resources\models\BPIC2012_1000_ABSENCE_0.4_5_alpha.pnml,0.032258064516129004,0.5187001528195528,34
C:\projects\python\Anda\Stability_Java\src\main\resources\systems\BPIC2012.xes,C:\projects\python\Anda\resources\models\BPIC2012_1000_ABSENCE_0.4_5_heuristics.pnml,0.31359728640007933,0.9836055030938811,111
C:\projects\python\Anda\Stability_Java\src\main\resources\systems\BPIC2012.xes,C:\projects\python\Anda\resources\models\BPIC2012_1000_ABSENCE_0.4_5_inductive.pnml,0.11899905818319745,0.9924424132543646,134
C:\projects\python\Anda\Stability_Java\src\main\resources\systems\RTFMS.xes,C:\projects\python\Anda\resources\models\RTFMS_1000_SUBSTITUTION_10.0_5_alpha.pnml,0.025972693522216428,0.4811162054356396,61
C:\projects\python\Anda\Stability_Java\src\main\resources\systems\RTFMS.xes,C:\projects\python\Anda\resources\models\RTFMS_1000_SUBSTITUTION_10.0_5_heuristics.pnml,0.1119496928132665,0.9386776062720836,130
C:\projects\python\Anda\Stability_Java\src\main\resources\systems\RTFMS.xes,C:\projects\python\Anda\resources\models\RTFMS_1000_SUBSTITUTION_10.0_5_inductive.pnml,0.09919885917035143,0.9999474741943497,145
C:\projects\python\Anda\Stability_Java\src\main\resources\systems\BPIC2012.xes,C:\projects\python\Anda\resources\models\BPIC2012_40000_INSERTION_10.0_2_alpha.pnml,0.00028810141169688386,0.09507895396440802,1860
C:\projects\python\Anda\Stability_Java\src\main\resources\systems\BPIC2012.xes,C:\projects\python\Anda\resources\models\BPIC2012_40000_INSERTION_10.0_2_heuristics.pnml,0.010973066148453392,0.9753012326435666,2211
C:\projects\python\Anda\Stability_Java\src\main\resources\systems\BPIC2012.xes,C:\projects\python\Anda\resources\models\BPIC2012_40000_INSERTION_10.0_2_inductive.pnml,0.0032627201165759123,1.0,2209
C:\projects\python\Anda\Stability_Java\src\main\resources\systems\RTFMS.xes,C:\projects\python\Anda\resources\models\RTFMS_1000_SUBSTITUTION_0.2_1_alpha.pnml,0.7243911448819349,0.6960316341571908,29
C:\projects\python\Anda\Stability_Java\src\main\resources\systems\RTFMS.xes,C:\projects\python\Anda\resources\models\RTFMS_1000_SUBSTITUTION_0.2_1_heuristics.pnml,0.6975083372228763,0.9334967508818047,56
C:\projects\python\Anda\Stability_Java\src\main\resources\systems\RTFMS.xes,C:\projects\python\Anda\resources\models\RTFMS_1000_SUBSTITUTION_0.2_1_inductive.pnml,0.5767480567032672,0.9998204909844624,54
C:\projects\python\Anda\Stability_Java\src\main\resources\systems\RTFMS.xes,C:\projects\python\Anda\resources\models\RTFMS_2000_ABSENCE_10.0_4_alpha.pnml,0.5,0.6502708075704086,30
C:\projects\python\Anda\Stability_Java\src\main\resources\systems\RTFMS.xes,C:\projects\python\Anda\resources\models\RTFMS_2000_ABSENCE_10.0_4_heuristics.pnml,0.695163356109642,0.9326433364388141,69
C:\projects\python\Anda\Stability_Java\src\main\resources\systems\RTFMS.xes,C:\projects\python\Anda\resources\models\RTFMS_2000_ABSENCE_10.0_4_inductive.pnml,0.41463714712576183,0.9999126037865962,59
C:\projects\python\Anda\Stability_Java\src\main\resources\systems\Sepsis.xes,C:\projects\python\Anda\resources\models\Sepsis_10000_ABSENCE_10.0_5_alpha.pnml,0.4425374390038701,0.28362472633026325,23
C:\projects\python\Anda\Stability_Java\src\main\resources\systems\Sepsis.xes,C:\projects\python\Anda\resources\models\Sepsis_10000_ABSENCE_10.0_5_heuristics.pnml,0.7380952380952381,0.8872206384052985,113
C:\projects\python\Anda\Stability_Java\src\main\resources\systems\Sepsis.xes,C:\projects\python\Anda\resources\models\Sepsis_10000_ABSENCE_10.0_5_inductive.pnml,0.2475336831655084,1.0,95
C:\projects\python\Anda\Stability_Java\src\main\resources\systems\RTFMS.xes,C:\projects\python\Anda\resources\models\RTFMS_10000_MIXED_0.1_1_alpha.pnml,0.11111111111111116,0.4118267494612423,28
C:\projects\python\Anda\Stability_Java\src\main\resources\systems\RTFMS.xes,C:\projects\python\Anda\resources\models\RTFMS_10000_MIXED_0.1_1_heuristics.pnml,0.5402688243255926,0.9272513742409536,71
C:\projects\python\Anda\Stability_Java\src\main\resources\systems\RTFMS.xes,C:\projects\python\Anda\resources\models\RTFMS_10000_MIXED_0.1_1_inductive.pnml,0.3266887014297648,0.9999941862303044,62
C:\projects\python\Anda\Stability_Java\src\main\resources\systems\Sepsis.xes,C:\projects\python\Anda\resources\models\Sepsis_2000_SUBSTITUTION_0.1_2_alpha.pnml,0.38981481481481484,0.21966837475239692,27
C:\projects\python\Anda\Stability_Java\src\main\resources\systems\Sepsis.xes,C:\projects\python\Anda\resources\models\Sepsis_2000_SUBSTITUTION_0.1_2_heuristics.pnml,0.6337290879654613,0.9167585159749481,115
C:\projects\python\Anda\Stability_Java\src\main\resources\systems\Sepsis.xes,C:\projects\python\Anda\resources\models\Sepsis_2000_SUBSTITUTION_0.1_2_inductive.pnml,0.22409967746574355,1.0,108
C:\projects\python\Anda\Stability_Java\src\main\resources\systems\Sepsis.xes,C:\projects\python\Anda\resources\models\Sepsis_1000_INSERTION_2.0_3_alpha.pnml,0.19810603661240256,0.14458075833817863,35
C:\projects\python\Anda\Stability_Java\src\main\resources\systems\Sepsis.xes,C:\projects\python\Anda\resources\models\Sepsis_1000_INSERTION_2.0_3_heuristics.pnml,0.5323099777172567,0.9036461597478074,120
C:\projects\python\Anda\Stability_Java\src\main\resources\systems\Sepsis.xes,C:\projects\python\Anda\resources\models\Sepsis_1000_INSERTION_2.0_3_inductive.pnml,0.16152599213283458,0.999937779264148,131
C:\projects\python\Anda\Stability_Java\src\main\resources\systems\RTFMS.xes,C:\projects\python\Anda\resources\models\RTFMS_1000_ORDERING_0.2_3_alpha.pnml,0.0,0.5451702891488666,27
C:\projects\python\Anda\Stability_Java\src\main\resources\systems\RTFMS.xes,C:\projects\python\Anda\resources\models\RTFMS_1000_ORDERING_0.2_3_heuristics.pnml,0.8202574488478702,0.9349753415734445,56
C:\projects\python\Anda\Stability_Java\src\main\resources\systems\RTFMS.xes,C:\projects\python\Anda\resources\models\RTFMS_1000_ORDERING_0.2_3_inductive.pnml,0.6321312951083176,0.9998223769929995,50
C:\projects\python\Anda\Stability_Java\src\main\resources\systems\BPIC2012.xes,C:\projects\python\Anda\resources\models\BPIC2012_2000_ORDERING_0.4_3_alpha.pnml,0.0357142857142857,0.44732470145510206,34
C:\projects\python\Anda\Stability_Java\src\main\resources\systems\BPIC2012.xes,C:\projects\python\Anda\resources\models\BPIC2012_2000_ORDERING_0.4_3_heuristics.pnml,0.29235540726656994,0.9827026113945148,110
C:\projects\python\Anda\Stability_Java\src\main\resources\systems\BPIC2012.xes,C:\projects\python\Anda\resources\models\BPIC2012_2000_ORDERING_0.4_3_inductive.pnml,0.09944083722198138,0.9734386584857988,137
C:\projects\python\Anda\Stability_Java\src\main\resources\systems\RTFMS.xes,C:\projects\python\Anda\resources\models\RTFMS_2000_ORDERING_0.1_4_alpha.pnml,0.7960120506736862,0.728979630000006,28
C:\projects\python\Anda\Stability_Java\src\main\resources\systems\RTFMS.xes,C:\projects\python\Anda\resources\models\RTFMS_2000_ORDERING_0.1_4_heuristics.pnml,0.9991609884341456,0.9259726232246591,64
C:\projects\python\Anda\Stability_Java\src\main\resources\systems\RTFMS.xes,C:\projects\python\Anda\resources\models\RTFMS_2000_ORDERING_0.1_4_inductive.pnml,0.6287880273736616,0.9999203098741452,55
C:\projects\python\Anda\Stability_Java\src\main\resources\systems\RTFMS.xes,C:\projects\python\Anda\resources\models\RTFMS_2000_SUBSTITUTION_4.0_5_alpha.pnml,0.03076763793670012,0.48124208450175143,53
C:\projects\python\Anda\Stability_Java\src\main\resources\systems\RTFMS.xes,C:\projects\python\Anda\resources\models\RTFMS_2000_SUBSTITUTION_4.0_5_heuristics.pnml,0.12158001312685329,0.9369453324641361,119
C:\projects\python\Anda\Stability_Java\src\main\resources\systems\RTFMS.xes,C:\projects\python\Anda\resources\models\RTFMS_2000_SUBSTITUTION_4.0_5_inductive.pnml,0.11456888012144895,0.9999738048368698,138
C:\projects\python\Anda\Stability_Java\src\main\resources\systems\Sepsis.xes,C:\projects\python\Anda\resources\models\Sepsis_40000_INSERTION_0.2_4_alpha.pnml,0.0761428720191607,0.1516676928314445,59
C:\projects\python\Anda\Stability_Java\src\main\resources\systems\Sepsis.xes,C:\projects\python\Anda\resources\models\Sepsis_40000_INSERTION_0.2_4_heuristics.pnml,0.3259668508287292,0.8964747721657761,153
C:\projects\python\Anda\Stability_Java\src\main\resources\systems\Sepsis.xes,C:\projects\python\Anda\resources\models\Sepsis_40000_INSERTION_0.2_4_inductive.pnml,0.07823176208823623,1.0,198
C:\projects\python\Anda\Stability_Java\src\main\resources\systems\RTFMS.xes,C:\projects\python\Anda\resources\models\RTFMS_20000_ORDERING_0.4_2_alpha.pnml,0.16666666666666663,0.41656098461918206,22
C:\projects\python\Anda\Stability_Java\src\main\resources\systems\RTFMS.xes,C:\projects\python\Anda\resources\models\RTFMS_20000_ORDERING_0.4_2_heuristics.pnml,0.5770674736837174,0.9276387436477234,65
C:\projects\python\Anda\Stability_Java\src\main\resources\systems\RTFMS.xes,C:\projects\python\Anda\resources\models\RTFMS_20000_ORDERING_0.4_2_inductive.pnml,0.38140659245412456,1.0,44
C:\projects\python\Anda\Stability_Java\src\main\resources\systems\RTFMS.xes,C:\projects\python\Anda\resources\models\RTFMS_4000_SUBSTITUTION_0.4_5_alpha.pnml,0.18191296557236714,0.4801949199465438,40
C:\projects\python\Anda\Stability_Java\src\main\resources\systems\RTFMS.xes,C:\projects\python\Anda\resources\models\RTFMS_4000_SUBSTITUTION_0.4_5_heuristics.pnml,0.3223457576117429,0.9260584006972105,77
C:\projects\python\Anda\Stability_Java\src\main\resources\systems\RTFMS.xes,C:\projects\python\Anda\resources\models\RTFMS_4000_SUBSTITUTION_0.4_5_inductive.pnml,0.24854048040605814,0.9999613416475908,86
C:\projects\python\Anda\Stability_Java\src\main\resources\systems\BPIC2012.xes,C:\projects\python\Anda\resources\models\BPIC2012_4000_ABSENCE_4.0_1_alpha.pnml,0.032258064516129004,0.542041648253672,36
C:\projects\python\Anda\Stability_Java\src\main\resources\systems\BPIC2012.xes,C:\projects\python\Anda\resources\models\BPIC2012_4000_ABSENCE_4.0_1_heuristics.pnml,0.30734432257164823,0.9799849323684009,130
C:\projects\python\Anda\Stability_Java\src\main\resources\systems\BPIC2012.xes,C:\projects\python\Anda\resources\models\BPIC2012_4000_ABSENCE_4.0_1_inductive.pnml,0.09314034267278137,0.9999802016631969,136
C:\projects\python\Anda\Stability_Java\src\main\resources\systems\BPIC2012.xes,C:\projects\python\Anda\resources\models\BPIC2012_1000_INSERTION_1.0_1_alpha.pnml,0.0841126595932119,0.49838217149508673,41
C:\projects\python\Anda\Stability_Java\src\main\resources\systems\BPIC2012.xes,C:\projects\python\Anda\resources\models\BPIC2012_1000_INSERTION_1.0_1_heuristics.pnml,0.2973909273926908,0.9836055030938811,115
C:\projects\python\Anda\Stability_Java\src\main\resources\systems\BPIC2012.xes,C:\projects\python\Anda\resources\models\BPIC2012_1000_INSERTION_1.0_1_inductive.pnml,0.1000805183318888,0.9925140642492956,163
C:\projects\python\Anda\Stability_Java\src\main\resources\systems\Sepsis.xes,C:\projects\python\Anda\resources\models\Sepsis_40000_ORDERING_1.0_1_alpha.pnml,0.2675500063702383,0.15421520232178498,26
C:\projects\python\Anda\Stability_Java\src\main\resources\systems\Sepsis.xes,C:\projects\python\Anda\resources\models\Sepsis_40000_ORDERING_1.0_1_heuristics.pnml,0.5690587061367038,0.9042633663558928,115
C:\projects\python\Anda\Stability_Java\src\main\resources\systems\Sepsis.xes,C:\projects\python\Anda\resources\models\Sepsis_40000_ORDERING_1.0_1_inductive.pnml,0.26181892470017065,1.0,100
C:\projects\python\Anda\Stability_Java\src\main\resources\systems\Sepsis.xes,C:\projects\python\Anda\resources\models\Sepsis_4000_ABSENCE_0.2_3_alpha.pnml,0.4426422388436003,0.26588961197193384,22
C:\projects\python\Anda\Stability_Java\src\main\resources\systems\Sepsis.xes,C:\projects\python\Anda\resources\models\Sepsis_4000_ABSENCE_0.2_3_heuristics.pnml,0.7811300424270995,0.8856196503602701,117
C:\projects\python\Anda\Stability_Java\src\main\resources\systems\Sepsis.xes,C:\projects\python\Anda\resources\models\Sepsis_4000_ABSENCE_0.2_3_inductive.pnml,0.2475336831655084,1.0,95
C:\projects\python\Anda\Stability_Java\src\main\resources\systems\Sepsis.xes,C:\projects\python\Anda\resources\models\Sepsis_2000_SUBSTITUTION_0.4_3_alpha.pnml,0.3233983714856353,0.21114132179662431,30
C:\projects\python\Anda\Stability_Java\src\main\resources\systems\Sepsis.xes,C:\projects\python\Anda\resources\models\Sepsis_2000_SUBSTITUTION_0.4_3_heuristics.pnml,0.5708521705313305,0.907587733994103,122
C:\projects\python\Anda\Stability_Java\src\main\resources\systems\Sepsis.xes,C:\projects\python\Anda\resources\models\Sepsis_2000_SUBSTITUTION_0.4_3_inductive.pnml,0.17904882772807773,1.0,135
C:\projects\python\Anda\Stability_Java\src\main\resources\systems\RTFMS.xes,C:\projects\python\Anda\resources\models\RTFMS_1000_ABSENCE_4.0_4_alpha.pnml,0.5,0.650273975006214,30
C:\projects\python\Anda\Stability_Java\src\main\resources\systems\RTFMS.xes,C:\projects\python\Anda\resources\models\RTFMS_1000_ABSENCE_4.0_4_heuristics.pnml,0.6975083372228763,0.9239696556003237,61
C:\projects\python\Anda\Stability_Java\src\main\resources\systems\RTFMS.xes,C:\projects\python\Anda\resources\models\RTFMS_1000_ABSENCE_4.0_4_inductive.pnml,0.449453322654366,0.9998085066511757,52
C:\projects\python\Anda\Stability_Java\src\main\resources\systems\RTFMS.xes,C:\projects\python\Anda\resources\models\RTFMS_40000_INSERTION_0.4_5_alpha.pnml,0.028921835767191095,0.5359700768477516,101
C:\projects\python\Anda\Stability_Java\src\main\resources\systems\RTFMS.xes,C:\projects\python\Anda\resources\models\RTFMS_40000_INSERTION_0.4_5_heuristics.pnml,0.080524681352523,0.9458267153893039,162
C:\projects\python\Anda\Stability_Java\src\main\resources\systems\RTFMS.xes,C:\projects\python\Anda\resources\models\RTFMS_40000_INSERTION_0.4_5_inductive.pnml,0.08098956004079161,0.9999996568691957,201
C:\projects\python\Anda\Stability_Java\src\main\resources\systems\BPIC2012.xes,C:\projects\python\Anda\resources\models\BPIC2012_20000_ORDERING_10.0_3_alpha.pnml,0.0,0.16432527316210954,40
C:\projects\python\Anda\Stability_Java\src\main\resources\systems\BPIC2012.xes,C:\projects\python\Anda\resources\models\BPIC2012_20000_ORDERING_10.0_3_heuristics.pnml,0.310273174419619,0.9678790176341445,161
C:\projects\python\Anda\Stability_Java\src\main\resources\systems\BPIC2012.xes,C:\projects\python\Anda\resources\models\BPIC2012_20000_ORDERING_10.0_3_inductive.pnml,0.0966520885756953,1.0,116
C:\projects\python\Anda\Stability_Java\src\main\resources\systems\RTFMS.xes,C:\projects\python\Anda\resources\models\RTFMS_4000_MIXED_10.0_5_alpha.pnml,0.007518796992481258,0.45307713159236174,92
C:\projects\python\Anda\Stability_Java\src\main\resources\systems\RTFMS.xes,C:\projects\python\Anda\resources\models\RTFMS_4000_MIXED_10.0_5_heuristics.pnml,0.0696671595309446,0.9453445311307489,176
C:\projects\python\Anda\Stability_Java\src\main\resources\systems\RTFMS.xes,C:\projects\python\Anda\resources\models\RTFMS_4000_MIXED_10.0_5_inductive.pnml,0.06834686363359121,0.9999941841749458,201
C:\projects\python\Anda\Stability_Java\src\main\resources\systems\BPIC2012.xes,C:\projects\python\Anda\resources\models\BPIC2012_10000_ORDERING_0.2_3_alpha.pnml,0.03448275862068961,0.4093412513796215,33
C:\projects\python\Anda\Stability_Java\src\main\resources\systems\BPIC2012.xes,C:\projects\python\Anda\resources\models\BPIC2012_10000_ORDERING_0.2_3_heuristics.pnml,0.2705872759842931,0.9797429141966196,129
C:\projects\python\Anda\Stability_Java\src\main\resources\systems\BPIC2012.xes,C:\projects\python\Anda\resources\models\BPIC2012_10000_ORDERING_0.2_3_inductive.pnml,0.10081050393006219,0.9977638835468174,161
C:\projects\python\Anda\Stability_Java\src\main\resources\systems\RTFMS.xes,C:\projects\python\Anda\resources\models\RTFMS_40000_ABSENCE_0.1_2_alpha.pnml,0.6666400686229528,0.5788955386639139,28
C:\projects\python\Anda\Stability_Java\src\main\resources\systems\RTFMS.xes,C:\projects\python\Anda\resources\models\RTFMS_40000_ABSENCE_0.1_2_heuristics.pnml,0.6718059752911985,0.9265300240320158,66
C:\projects\python\Anda\Stability_Java\src\main\resources\systems\RTFMS.xes,C:\projects\python\Anda\resources\models\RTFMS_40000_ABSENCE_0.1_2_inductive.pnml,0.4399848800770628,1.0,62
C:\projects\python\Anda\Stability_Java\src\main\resources\systems\Sepsis.xes,C:\projects\python\Anda\resources\models\Sepsis_1000_MIXED_4.0_4_alpha.pnml,0.19801765693549256,0.1836710191375342,33
C:\projects\python\Anda\Stability_Java\src\main\resources\systems\Sepsis.xes,C:\projects\python\Anda\resources\models\Sepsis_1000_MIXED_4.0_4_heuristics.pnml,0.5285619395549651,0.9016543086619961,114
C:\projects\python\Anda\Stability_Java\src\main\resources\systems\Sepsis.xes,C:\projects\python\Anda\resources\models\Sepsis_1000_MIXED_4.0_4_inductive.pnml,0.14785985625065656,0.9999861842196156,156
C:\projects\python\Anda\Stability_Java\src\main\resources\systems\BPIC2012.xes,C:\projects\python\Anda\resources\models\BPIC2012_4000_ABSENCE_0.1_3_alpha.pnml,0.032258064516129004,0.5112589605011784,34
C:\projects\python\Anda\Stability_Java\src\main\resources\systems\BPIC2012.xes,C:\projects\python\Anda\resources\models\BPIC2012_4000_ABSENCE_0.1_3_heuristics.pnml,0.2705472908073183,0.9793070566167426,123
C:\projects\python\Anda\Stability_Java\src\main\resources\systems\BPIC2012.xes,C:\projects\python\Anda\resources\models\BPIC2012_4000_ABSENCE_0.1_3_inductive.pnml,0.10445951778696605,0.9674334314239819,140
C:\projects\python\Anda\Stability_Java\src\main\resources\systems\BPIC2012.xes,C:\projects\python\Anda\resources\models\BPIC2012_100000_ORDERING_0.2_2_alpha.pnml,0.0,0.2288950717062882,41
C:\projects\python\Anda\Stability_Java\src\main\resources\systems\BPIC2012.xes,C:\projects\python\Anda\resources\models\BPIC2012_100000_ORDERING_0.2_2_heuristics.pnml,0.2870891897297607,0.9749424493549756,142
C:\projects\python\Anda\Stability_Java\src\main\resources\systems\BPIC2012.xes,C:\projects\python\Anda\resources\models\BPIC2012_100000_ORDERING_0.2_2_inductive.pnml,0.08946415563444787,0.9628520164485431,159
C:\projects\python\Anda\Stability_Java\src\main\resources\systems\RTFMS.xes,C:\projects\python\Anda\resources\models\RTFMS_4000_INSERTION_0.4_1_alpha.pnml,0.18191296557236714,0.5775672027060872,34
C:\projects\python\Anda\Stability_Java\src\main\resources\systems\RTFMS.xes,C:\projects\python\Anda\resources\models\RTFMS_4000_INSERTION_0.4_1_heuristics.pnml,0.5578306367954575,0.9454379352639755,87
C:\projects\python\Anda\Stability_Java\src\main\resources\systems\RTFMS.xes,C:\projects\python\Anda\resources\models\RTFMS_4000_INSERTION_0.4_1_inductive.pnml,0.3671273406372306,0.999987908976085,93
C:\projects\python\Anda\Stability_Java\src\main\resources\systems\RTFMS.xes,C:\projects\python\Anda\resources\models\RTFMS_4000_INSERTION_0.2_1_alpha.pnml,0.22236415736647086,0.5932041463522871,27
C:\projects\python\Anda\Stability_Java\src\main\resources\systems\RTFMS.xes,C:\projects\python\Anda\resources\models\RTFMS_4000_INSERTION_0.2_1_heuristics.pnml,0.6290673074240208,0.9396286095135489,76
C:\projects\python\Anda\Stability_Java\src\main\resources\systems\RTFMS.xes,C:\projects\python\Anda\resources\models\RTFMS_4000_INSERTION_0.2_1_inductive.pnml,0.5380391755818071,0.9999833741728305,74
C:\projects\python\Anda\Stability_Java\src\main\resources\systems\BPIC2012.xes,C:\projects\python\Anda\resources\models\BPIC2012_40000_SUBSTITUTION_4.0_2_alpha.pnml,0.0006146281499692652,0.0971309827268913,887
C:\projects\python\Anda\Stability_Java\src\main\resources\systems\BPIC2012.xes,C:\projects\python\Anda\resources\models\BPIC2012_40000_SUBSTITUTION_4.0_2_heuristics.pnml,0.022887792856162603,0.9791562506253128,1137
C:\projects\python\Anda\Stability_Java\src\main\resources\systems\BPIC2012.xes,C:\projects\python\Anda\resources\models\BPIC2012_40000_SUBSTITUTION_4.0_2_inductive.pnml,0.005951711426969264,1.0,1251
C:\projects\python\Anda\Stability_Java\src\main\resources\systems\Sepsis.xes,C:\projects\python\Anda\resources\models\Sepsis_10000_ABSENCE_10.0_3_alpha.pnml,0.4426422388436003,0.26588961197193384,22
C:\projects\python\Anda\Stability_Java\src\main\resources\systems\Sepsis.xes,C:\projects\python\Anda\resources\models\Sepsis_10000_ABSENCE_10.0_3_heuristics.pnml,0.7993300615408585,0.877172731577825,112
C:\projects\python\Anda\Stability_Java\src\main\resources\systems\Sepsis.xes,C:\projects\python\Anda\resources\models\Sepsis_10000_ABSENCE_10.0_3_inductive.pnml,0.2475336831655084,1.0,95
C:\projects\python\Anda\Stability_Java\src\main\resources\systems\BPIC2012.xes,C:\projects\python\Anda\resources\models\BPIC2012_100000_ORDERING_10.0_2_alpha.pnml,0.0,0.10367895533435922,34
C:\projects\python\Anda\Stability_Java\src\main\resources\systems\BPIC2012.xes,C:\projects\python\Anda\resources\models\BPIC2012_100000_ORDERING_10.0_2_heuristics.pnml,0.31651970906997795,0.9725107683854749,187
C:\projects\python\Anda\Stability_Java\src\main\resources\systems\BPIC2012.xes,C:\projects\python\Anda\resources\models\BPIC2012_100000_ORDERING_10.0_2_inductive.pnml,0.09874130887140431,1.0,167
C:\projects\python\Anda\Stability_Java\src\main\resources\systems\Sepsis.xes,C:\projects\python\Anda\resources\models\Sepsis_20000_SUBSTITUTION_0.2_1_alpha.pnml,0.11979422654739669,0.19750679984467,44
C:\projects\python\Anda\Stability_Java\src\main\resources\systems\Sepsis.xes,C:\projects\python\Anda\resources\models\Sepsis_20000_SUBSTITUTION_0.2_1_heuristics.pnml,0.391907514450867,0.8978596838761127,133
C:\projects\python\Anda\Stability_Java\src\main\resources\systems\Sepsis.xes,C:\projects\python\Anda\resources\models\Sepsis_20000_SUBSTITUTION_0.2_1_inductive.pnml,0.11174219430441557,1.0,172
C:\projects\python\Anda\Stability_Java\src\main\resources\systems\Sepsis.xes,C:\projects\python\Anda\resources\models\Sepsis_20000_ORDERING_0.1_5_alpha.pnml,0.4426422388436003,0.26588961197193384,22
C:\projects\python\Anda\Stability_Java\src\main\resources\systems\Sepsis.xes,C:\projects\python\Anda\resources\models\Sepsis_20000_ORDERING_0.1_5_heuristics.pnml,0.720158465866682,0.8944749231221183,107
C:\projects\python\Anda\Stability_Java\src\main\resources\systems\Sepsis.xes,C:\projects\python\Anda\resources\models\Sepsis_20000_ORDERING_0.1_5_inductive.pnml,0.301076686137666,1.0,93
C:\projects\python\Anda\Stability_Java\src\main\resources\systems\BPIC2012.xes,C:\projects\python\Anda\resources\models\BPIC2012_100000_MIXED_1.0_3_alpha.pnml,0.002123142250530785,0.1307298917831035,289
C:\projects\python\Anda\Stability_Java\src\main\resources\systems\BPIC2012.xes,C:\projects\python\Anda\resources\models\BPIC2012_100000_MIXED_1.0_3_heuristics.pnml,0.060968556479854,0.970736906129976,468
C:\projects\python\Anda\Stability_Java\src\main\resources\systems\BPIC2012.xes,C:\projects\python\Anda\resources\models\BPIC2012_100000_MIXED_1.0_3_inductive.pnml,0.01742736185341165,1.0,615
C:\projects\python\Anda\Stability_Java\src\main\resources\systems\Sepsis.xes,C:\projects\python\Anda\resources\models\Sepsis_4000_ABSENCE_0.1_3_alpha.pnml,0.4426422388436003,0.26588961197193384,22
C:\projects\python\Anda\Stability_Java\src\main\resources\systems\Sepsis.xes,C:\projects\python\Anda\resources\models\Sepsis_4000_ABSENCE_0.1_3_heuristics.pnml,0.7811300424270995,0.8946487278340816,117
C:\projects\python\Anda\Stability_Java\src\main\resources\systems\Sepsis.xes,C:\projects\python\Anda\resources\models\Sepsis_4000_ABSENCE_0.1_3_inductive.pnml,0.2475336831655084,1.0,95
C:\projects\python\Anda\Stability_Java\src\main\resources\systems\Sepsis.xes,C:\projects\python\Anda\resources\models\Sepsis_1000_MIXED_10.0_4_alpha.pnml,0.12149081958488561,0.14357127608390713,45
C:\projects\python\Anda\Stability_Java\src\main\resources\systems\Sepsis.xes,C:\projects\python\Anda\resources\models\Sepsis_1000_MIXED_10.0_4_heuristics.pnml,0.362593810607977,0.9006963481814649,130
C:\projects\python\Anda\Stability_Java\src\main\resources\systems\Sepsis.xes,C:\projects\python\Anda\resources\models\Sepsis_1000_MIXED_10.0_4_inductive.pnml,0.1020316048204718,0.9999737512140063,184
C:\projects\python\Anda\Stability_Java\src\main\resources\systems\RTFMS.xes,C:\projects\python\Anda\resources\models\RTFMS_40000_ORDERING_10.0_5_alpha.pnml,0.16666666666666663,0.3282798646508272,21
C:\projects\python\Anda\Stability_Java\src\main\resources\systems\RTFMS.xes,C:\projects\python\Anda\resources\models\RTFMS_40000_ORDERING_10.0_5_heuristics.pnml,0.2834868369501454,0.9360102004918287,87
C:\projects\python\Anda\Stability_Java\src\main\resources\systems\RTFMS.xes,C:\projects\python\Anda\resources\models\RTFMS_40000_ORDERING_10.0_5_inductive.pnml,0.4475731278376355,0.999999728047372,59
C:\projects\python\Anda\Stability_Java\src\main\resources\systems\RTFMS.xes,C:\projects\python\Anda\resources\models\RTFMS_2000_SUBSTITUTION_10.0_5_alpha.pnml,0.01156000930212897,0.4779707267261998,115
C:\projects\python\Anda\Stability_Java\src\main\resources\systems\RTFMS.xes,C:\projects\python\Anda\resources\models\RTFMS_2000_SUBSTITUTION_10.0_5_heuristics.pnml,0.05470079777207837,0.9363447811809016,201
C:\projects\python\Anda\Stability_Java\src\main\resources\systems\RTFMS.xes,C:\projects\python\Anda\resources\models\RTFMS_2000_SUBSTITUTION_10.0_5_inductive.pnml,0.0613556268254436,0.999994222485079,226
C:\projects\python\Anda\Stability_Java\src\main\resources\systems\RTFMS.xes,C:\projects\python\Anda\resources\models\RTFMS_100000_MIXED_4.0_3_alpha.pnml,0.0006377551020407823,0.42221702312777676,929
C:\projects\python\Anda\Stability_Java\src\main\resources\systems\RTFMS.xes,C:\projects\python\Anda\resources\models\RTFMS_100000_MIXED_4.0_3_heuristics.pnml,0.007974934916324505,0.9455008748334162,1043
C:\projects\python\Anda\Stability_Java\src\main\resources\systems\RTFMS.xes,C:\projects\python\Anda\resources\models\RTFMS_100000_MIXED_4.0_3_inductive.pnml,0.007489731368776176,1.0,1075
C:\projects\python\Anda\Stability_Java\src\main\resources\systems\Sepsis.xes,C:\projects\python\Anda\resources\models\Sepsis_20000_INSERTION_0.1_4_alpha.pnml,0.2053267114616808,0.29238492921054055,41
C:\projects\python\Anda\Stability_Java\src\main\resources\systems\Sepsis.xes,C:\projects\python\Anda\resources\models\Sepsis_20000_INSERTION_0.1_4_heuristics.pnml,0.5047528517110267,0.8929422856715927,125
C:\projects\python\Anda\Stability_Java\src\main\resources\systems\Sepsis.xes,C:\projects\python\Anda\resources\models\Sepsis_20000_INSERTION_0.1_4_inductive.pnml,0.13800759715470423,1.0,126
C:\projects\python\Anda\Stability_Java\src\main\resources\systems\Sepsis.xes,C:\projects\python\Anda\resources\models\Sepsis_2000_MIXED_2.0_2_alpha.pnml,0.26698208854342687,0.19963092521924408,41
C:\projects\python\Anda\Stability_Java\src\main\resources\systems\Sepsis.xes,C:\projects\python\Anda\resources\models\Sepsis_2000_MIXED_2.0_2_heuristics.pnml,0.42283594987757456,0.9162970965231404,133
C:\projects\python\Anda\Stability_Java\src\main\resources\systems\Sepsis.xes,C:\projects\python\Anda\resources\models\Sepsis_2000_MIXED_2.0_2_inductive.pnml,0.15865489505912467,1.0,164
C:\projects\python\Anda\Stability_Java\src\main\resources\systems\Sepsis.xes,C:\projects\python\Anda\resources\models\Sepsis_20000_ABSENCE_0.2_1_alpha.pnml,0.44411590774689536,0.25309060879378503,22
C:\projects\python\Anda\Stability_Java\src\main\resources\systems\Sepsis.xes,C:\projects\python\Anda\resources\models\Sepsis_20000_ABSENCE_0.2_1_heuristics.pnml,0.6647887323943662,0.8978549036409584,108
C:\projects\python\Anda\Stability_Java\src\main\resources\systems\Sepsis.xes,C:\projects\python\Anda\resources\models\Sepsis_20000_ABSENCE_0.2_1_inductive.pnml,0.2475336831655084,1.0,95
C:\projects\python\Anda\Stability_Java\src\main\resources\systems\RTFMS.xes,C:\projects\python\Anda\resources\models\RTFMS_4000_SUBSTITUTION_0.4_1_alpha.pnml,0.04761904761904767,0.49124782814310364,28
C:\projects\python\Anda\Stability_Java\src\main\resources\systems\RTFMS.xes,C:\projects\python\Anda\resources\models\RTFMS_4000_SUBSTITUTION_0.4_1_heuristics.pnml,0.31030264757455905,0.9361186495268464,81
C:\projects\python\Anda\Stability_Java\src\main\resources\systems\RTFMS.xes,C:\projects\python\Anda\resources\models\RTFMS_4000_SUBSTITUTION_0.4_1_inductive.pnml,0.23887504308577567,0.9999950033305924,72
C:\projects\python\Anda\Stability_Java\src\main\resources\systems\Sepsis.xes,C:\projects\python\Anda\resources\models\Sepsis_10000_INSERTION_10.0_3_alpha.pnml,0.006888633754305373,0.1291195277914412,464
C:\projects\python\Anda\Stability_Java\src\main\resources\systems\Sepsis.xes,C:\projects\python\Anda\resources\models\Sepsis_10000_INSERTION_10.0_3_heuristics.pnml,0.04986740986057159,0.8962266283763747,600
C:\projects\python\Anda\Stability_Java\src\main\resources\systems\Sepsis.xes,C:\projects\python\Anda\resources\models\Sepsis_10000_INSERTION_10.0_3_inductive.pnml,0.011505051290738977,1.0,662
C:\projects\python\Anda\Stability_Java\src\main\resources\systems\BPIC2012.xes,C:\projects\python\Anda\resources\models\BPIC2012_20000_ORDERING_0.4_4_alpha.pnml,0.033333333333333326,0.3170276509081517,34
C:\projects\python\Anda\Stability_Java\src\main\resources\systems\BPIC2012.xes,C:\projects\python\Anda\resources\models\BPIC2012_20000_ORDERING_0.4_4_heuristics.pnml,0.3044246405246247,0.9804195520269701,131
C:\projects\python\Anda\Stability_Java\src\main\resources\systems\BPIC2012.xes,C:\projects\python\Anda\resources\models\BPIC2012_20000_ORDERING_0.4_4_inductive.pnml,0.09555370215805359,0.9673316375481479,139
C:\projects\python\Anda\Stability_Java\src\main\resources\systems\RTFMS.xes,C:\projects\python\Anda\resources\models\RTFMS_20000_MIXED_4.0_5_alpha.pnml,0.0063893761547734185,0.4227198578754394,187
C:\projects\python\Anda\Stability_Java\src\main\resources\systems\RTFMS.xes,C:\projects\python\Anda\resources\models\RTFMS_20000_MIXED_4.0_5_heuristics.pnml,0.03820911523656656,0.9408934389315313,279
C:\projects\python\Anda\Stability_Java\src\main\resources\systems\RTFMS.xes,C:\projects\python\Anda\resources\models\RTFMS_20000_MIXED_4.0_5_inductive.pnml,0.0346139562217781,0.9999996807407835,316
C:\projects\python\Anda\Stability_Java\src\main\resources\systems\RTFMS.xes,C:\projects\python\Anda\resources\models\RTFMS_2000_ABSENCE_2.0_4_alpha.pnml,0.5,0.6502708075704086,30
C:\projects\python\Anda\Stability_Java\src\main\resources\systems\RTFMS.xes,C:\projects\python\Anda\resources\models\RTFMS_2000_ABSENCE_2.0_4_heuristics.pnml,0.695163356109642,0.9326433364388141,69
C:\projects\python\Anda\Stability_Java\src\main\resources\systems\RTFMS.xes,C:\projects\python\Anda\resources\models\RTFMS_2000_ABSENCE_2.0_4_inductive.pnml,0.44910688178957814,0.9999025887846753,59
C:\projects\python\Anda\Stability_Java\src\main\resources\systems\BPIC2012.xes,C:\projects\python\Anda\resources\models\BPIC2012_4000_INSERTION_2.0_3_alpha.pnml,0.01098901098901095,0.2921789074928471,71
C:\projects\python\Anda\Stability_Java\src\main\resources\systems\BPIC2012.xes,C:\projects\python\Anda\resources\models\BPIC2012_4000_INSERTION_2.0_3_heuristics.pnml,0.19721658090942606,0.9791509342106426,180
C:\projects\python\Anda\Stability_Java\src\main\resources\systems\BPIC2012.xes,C:\projects\python\Anda\resources\models\BPIC2012_4000_INSERTION_2.0_3_inductive.pnml,0.057819212215555305,0.9999782852319751,303
C:\projects\python\Anda\Stability_Java\src\main\resources\systems\Sepsis.xes,C:\projects\python\Anda\resources\models\Sepsis_1000_MIXED_0.2_1_alpha.pnml,0.3314455089186471,0.18648959109317986,24
C:\projects\python\Anda\Stability_Java\src\main\resources\systems\Sepsis.xes,C:\projects\python\Anda\resources\models\Sepsis_1000_MIXED_0.2_1_heuristics.pnml,0.6446776611694153,0.9099023866914524,99
C:\projects\python\Anda\Stability_Java\src\main\resources\systems\Sepsis.xes,C:\projects\python\Anda\resources\models\Sepsis_1000_MIXED_0.2_1_inductive.pnml,0.2590231270649165,0.9999370188043482,102
C:\projects\python\Anda\Stability_Java\src\main\resources\systems\RTFMS.xes,C:\projects\python\Anda\resources\models\RTFMS_2000_ORDERING_0.4_4_alpha.pnml,0.25,0.5982210847254493,27
C:\projects\python\Anda\Stability_Java\src\main\resources\systems\RTFMS.xes,C:\projects\python\Anda\resources\models\RTFMS_2000_ORDERING_0.4_4_heuristics.pnml,0.695163356109642,0.9326630317220035,69
C:\projects\python\Anda\Stability_Java\src\main\resources\systems\RTFMS.xes,C:\projects\python\Anda\resources\models\RTFMS_2000_ORDERING_0.4_4_inductive.pnml,0.4818783224786971,0.9999283823694247,58
C:\projects\python\Anda\Stability_Java\src\main\resources\systems\RTFMS.xes,C:\projects\python\Anda\resources\models\RTFMS_10000_MIXED_0.4_1_alpha.pnml,0.0,0.3930350460437022,37
C:\projects\python\Anda\Stability_Java\src\main\resources\systems\RTFMS.xes,C:\projects\python\Anda\resources\models\RTFMS_10000_MIXED_0.4_1_heuristics.pnml,0.2464364591452306,0.9461136066517679,88
C:\projects\python\Anda\Stability_Java\src\main\resources\systems\RTFMS.xes,C:\projects\python\Anda\resources\models\RTFMS_10000_MIXED_0.4_1_inductive.pnml,0.22147984134473153,0.9999951157923528,75
C:\projects\python\Anda\Stability_Java\src\main\resources\systems\RTFMS.xes,C:\projects\python\Anda\resources\models\RTFMS_2000_MIXED_10.0_5_alpha.pnml,0.0338983471115365,0.45515853303596604,49
C:\projects\python\Anda\Stability_Java\src\main\resources\systems\RTFMS.xes,C:\projects\python\Anda\resources\models\RTFMS_2000_MIXED_10.0_5_heuristics.pnml,0.12129839670655673,0.9458791778668538,121
C:\projects\python\Anda\Stability_Java\src\main\resources\systems\RTFMS.xes,C:\projects\python\Anda\resources\models\RTFMS_2000_MIXED_10.0_5_inductive.pnml,0.11919913198520926,0.9999803740795159,144
C:\projects\python\Anda\Stability_Java\src\main\resources\systems\BPIC2012.xes,C:\projects\python\Anda\resources\models\BPIC2012_2000_ORDERING_0.2_2_alpha.pnml,0.03125,0.44356737926689144,33
C:\projects\python\Anda\Stability_Java\src\main\resources\systems\BPIC2012.xes,C:\projects\python\Anda\resources\models\BPIC2012_2000_ORDERING_0.2_2_heuristics.pnml,0.29235540726656994,0.9827026113945148,109
C:\projects\python\Anda\Stability_Java\src\main\resources\systems\BPIC2012.xes,C:\projects\python\Anda\resources\models\BPIC2012_2000_ORDERING_0.2_2_inductive.pnml,0.10542075381550231,0.9679151258876686,138
C:\projects\python\Anda\Stability_Java\src\main\resources\systems\BPIC2012.xes,C:\projects\python\Anda\resources\models\BPIC2012_1000_INSERTION_0.1_1_alpha.pnml,0.09898490659939418,0.5285026046233764,33
C:\projects\python\Anda\Stability_Java\src\main\resources\systems\BPIC2012.xes,C:\projects\python\Anda\resources\models\BPIC2012_1000_INSERTION_0.1_1_heuristics.pnml,0.31680960428053606,0.9836055030938811,110
C:\projects\python\Anda\Stability_Java\src\main\resources\systems\BPIC2012.xes,C:\projects\python\Anda\resources\models\BPIC2012_1000_INSERTION_0.1_1_inductive.pnml,0.11914813687751347,0.9925220074886858,136
C:\projects\python\Anda\Stability_Java\src\main\resources\systems\RTFMS.xes,C:\projects\python\Anda\resources\models\RTFMS_2000_ABSENCE_4.0_1_alpha.pnml,0.5,0.6502708075704086,30
C:\projects\python\Anda\Stability_Java\src\main\resources\systems\RTFMS.xes,C:\projects\python\Anda\resources\models\RTFMS_2000_ABSENCE_4.0_1_heuristics.pnml,0.695163356109642,0.9326351680278704,70
C:\projects\python\Anda\Stability_Java\src\main\resources\systems\RTFMS.xes,C:\projects\python\Anda\resources\models\RTFMS_2000_ABSENCE_4.0_1_inductive.pnml,0.44910688178957814,0.9999025887846753,59
C:\projects\python\Anda\Stability_Java\src\main\resources\systems\BPIC2012.xes,C:\projects\python\Anda\resources\models\BPIC2012_10000_ABSENCE_0.1_1_alpha.pnml,0.032258064516129004,0.5510845409194427,36
C:\projects\python\Anda\Stability_Java\src\main\resources\systems\BPIC2012.xes,C:\projects\python\Anda\resources\models\BPIC2012_10000_ABSENCE_0.1_1_heuristics.pnml,0.2728614166237867,0.9793004283669808,119
C:\projects\python\Anda\Stability_Java\src\main\resources\systems\BPIC2012.xes,C:\projects\python\Anda\resources\models\BPIC2012_10000_ABSENCE_0.1_1_inductive.pnml,0.10926068969551894,0.9786617569944518,130
C:\projects\python\Anda\Stability_Java\src\main\resources\systems\BPIC2012.xes,C:\projects\python\Anda\resources\models\BPIC2012_4000_ORDERING_0.4_3_alpha.pnml,0.03448275862068961,0.4093412513796215,33
C:\projects\python\Anda\Stability_Java\src\main\resources\systems\BPIC2012.xes,C:\projects\python\Anda\resources\models\BPIC2012_4000_ORDERING_0.4_3_heuristics.pnml,0.2683107243813464,0.9775325839127182,127
C:\projects\python\Anda\Stability_Java\src\main\resources\systems\BPIC2012.xes,C:\projects\python\Anda\resources\models\BPIC2012_4000_ORDERING_0.4_3_inductive.pnml,0.09944083722198138,0.9737773187273042,141
C:\projects\python\Anda\Stability_Java\src\main\resources\systems\Sepsis.xes,C:\projects\python\Anda\resources\models\Sepsis_20000_ABSENCE_4.0_1_alpha.pnml,0.44411590774689536,0.2779679284861129,23
C:\projects\python\Anda\Stability_Java\src\main\resources\systems\Sepsis.xes,C:\projects\python\Anda\resources\models\Sepsis_20000_ABSENCE_4.0_1_heuristics.pnml,0.6657959354265712,0.8969441018992028,108
C:\projects\python\Anda\Stability_Java\src\main\resources\systems\Sepsis.xes,C:\projects\python\Anda\resources\models\Sepsis_20000_ABSENCE_4.0_1_inductive.pnml,0.2475336831655084,1.0,95
C:\projects\python\Anda\Stability_Java\src\main\resources\systems\Sepsis.xes,C:\projects\python\Anda\resources\models\Sepsis_20000_MIXED_4.0_5_alpha.pnml,0.0158311345646438,0.12938765639013428,209
C:\projects\python\Anda\Stability_Java\src\main\resources\systems\Sepsis.xes,C:\projects\python\Anda\resources\models\Sepsis_20000_MIXED_4.0_5_heuristics.pnml,0.10223744695188963,0.8984499600082243,333
C:\projects\python\Anda\Stability_Java\src\main\resources\systems\Sepsis.xes,C:\projects\python\Anda\resources\models\Sepsis_20000_MIXED_4.0_5_inductive.pnml,0.022164334683892006,1.0,402
C:\projects\python\Anda\Stability_Java\src\main\resources\systems\RTFMS.xes,C:\projects\python\Anda\resources\models\RTFMS_4000_INSERTION_1.0_3_alpha.pnml,0.0759005121490135,0.5039078305927964,40
C:\projects\python\Anda\Stability_Java\src\main\resources\systems\RTFMS.xes,C:\projects\python\Anda\resources\models\RTFMS_4000_INSERTION_1.0_3_heuristics.pnml,0.2631963847835148,0.945593660849906,95
C:\projects\python\Anda\Stability_Java\src\main\resources\systems\RTFMS.xes,C:\projects\python\Anda\resources\models\RTFMS_4000_INSERTION_1.0_3_inductive.pnml,0.2421670173704914,0.9999905023681893,110
C:\projects\python\Anda\Stability_Java\src\main\resources\systems\RTFMS.xes,C:\projects\python\Anda\resources\models\RTFMS_2000_ORDERING_0.1_2_alpha.pnml,0.6670924720994127,0.5069263240752061,26
C:\projects\python\Anda\Stability_Java\src\main\resources\systems\RTFMS.xes,C:\projects\python\Anda\resources\models\RTFMS_2000_ORDERING_0.1_2_heuristics.pnml,0.8198903689844932,0.9326686588256515,67
C:\projects\python\Anda\Stability_Java\src\main\resources\systems\RTFMS.xes,C:\projects\python\Anda\resources\models\RTFMS_2000_ORDERING_0.1_2_inductive.pnml,0.41061291647701137,0.9999359012041764,58
C:\projects\python\Anda\Stability_Java\src\main\resources\systems\Sepsis.xes,C:\projects\python\Anda\resources\models\Sepsis_20000_INSERTION_2.0_2_alpha.pnml,0.017889941958709854,0.14156746466579762,209
C:\projects\python\Anda\Stability_Java\src\main\resources\systems\Sepsis.xes,C:\projects\python\Anda\resources\models\Sepsis_20000_INSERTION_2.0_2_heuristics.pnml,0.09934385297661386,0.9014616170678205,328
C:\projects\python\Anda\Stability_Java\src\main\resources\systems\Sepsis.xes,C:\projects\python\Anda\resources\models\Sepsis_20000_INSERTION_2.0_2_inductive.pnml,0.024408690330614324,1.0,375
C:\projects\python\Anda\Stability_Java\src\main\resources\systems\Sepsis.xes,C:\projects\python\Anda\resources\models\Sepsis_4000_SUBSTITUTION_0.1_2_alpha.pnml,0.38981481481481484,0.24419608411496224,27
C:\projects\python\Anda\Stability_Java\src\main\resources\systems\Sepsis.xes,C:\projects\python\Anda\resources\models\Sepsis_4000_SUBSTITUTION_0.1_2_heuristics.pnml,0.6907044601917466,0.8856196503602701,119
C:\projects\python\Anda\Stability_Java\src\main\resources\systems\Sepsis.xes,C:\projects\python\Anda\resources\models\Sepsis_4000_SUBSTITUTION_0.1_2_inductive.pnml,0.21634727421474076,1.0,113
C:\projects\python\Anda\Stability_Java\src\main\resources\systems\Sepsis.xes,C:\projects\python\Anda\resources\models\Sepsis_2000_ABSENCE_2.0_1_alpha.pnml,0.4440783916202061,0.22722247397008888,22
C:\projects\python\Anda\Stability_Java\src\main\resources\systems\Sepsis.xes,C:\projects\python\Anda\resources\models\Sepsis_2000_ABSENCE_2.0_1_heuristics.pnml,0.6650996828273674,0.9132529680659982,112
C:\projects\python\Anda\Stability_Java\src\main\resources\systems\Sepsis.xes,C:\projects\python\Anda\resources\models\Sepsis_2000_ABSENCE_2.0_1_inductive.pnml,0.2475336831655084,1.0,95
C:\projects\python\Anda\Stability_Java\src\main\resources\systems\BPIC2012.xes,C:\projects\python\Anda\resources\models\BPIC2012_20000_INSERTION_2.0_5_alpha.pnml,0.002865329512893977,0.1888417193367915,220
C:\projects\python\Anda\Stability_Java\src\main\resources\systems\BPIC2012.xes,C:\projects\python\Anda\resources\models\BPIC2012_20000_INSERTION_2.0_5_heuristics.pnml,0.08430950207889665,0.9724816985429101,361
C:\projects\python\Anda\Stability_Java\src\main\resources\systems\BPIC2012.xes,C:\projects\python\Anda\resources\models\BPIC2012_20000_INSERTION_2.0_5_inductive.pnml,0.02432248440855822,1.0,442
C:\projects\python\Anda\Stability_Java\src\main\resources\systems\Sepsis.xes,C:\projects\python\Anda\resources\models\Sepsis_100000_INSERTION_4.0_4_alpha.pnml,0.0016727069974908915,0.13417917776656002,1882
C:\projects\python\Anda\Stability_Java\src\main\resources\systems\Sepsis.xes,C:\projects\python\Anda\resources\models\Sepsis_100000_INSERTION_4.0_4_heuristics.pnml,0.012285142400660587,0.9023286689743877,2119
C:\projects\python\Anda\Stability_Java\src\main\resources\systems\Sepsis.xes,C:\projects\python\Anda\resources\models\Sepsis_100000_INSERTION_4.0_4_inductive.pnml,0.002924434983330615,1.0,2110
C:\projects\python\Anda\Stability_Java\src\main\resources\systems\Sepsis.xes,C:\projects\python\Anda\resources\models\Sepsis_20000_MIXED_0.1_4_alpha.pnml,0.22371118249961752,0.2226212562216497,30
C:\projects\python\Anda\Stability_Java\src\main\resources\systems\Sepsis.xes,C:\projects\python\Anda\resources\models\Sepsis_20000_MIXED_0.1_4_heuristics.pnml,0.5845917225950783,0.890840147516043,118
C:\projects\python\Anda\Stability_Java\src\main\resources\systems\Sepsis.xes,C:\projects\python\Anda\resources\models\Sepsis_20000_MIXED_0.1_4_inductive.pnml,0.21051993227344834,1.0,137
C:\projects\python\Anda\Stability_Java\src\main\resources\systems\RTFMS.xes,C:\projects\python\Anda\resources\models\RTFMS_2000_MIXED_0.1_4_alpha.pnml,0.33354623604970635,0.6142622198367609,25
C:\projects\python\Anda\Stability_Java\src\main\resources\systems\RTFMS.xes,C:\projects\python\Anda\resources\models\RTFMS_2000_MIXED_0.1_4_heuristics.pnml,0.7487778937710177,0.9326630317220035,67
C:\projects\python\Anda\Stability_Java\src\main\resources\systems\RTFMS.xes,C:\projects\python\Anda\resources\models\RTFMS_2000_MIXED_0.1_4_inductive.pnml,0.4756881375092348,0.9999212424989598,65
C:\projects\python\Anda\Stability_Java\src\main\resources\systems\RTFMS.xes,C:\projects\python\Anda\resources\models\RTFMS_20000_MIXED_0.4_3_alpha.pnml,0.032258064516129004,0.40847242195962763,35
C:\projects\python\Anda\Stability_Java\src\main\resources\systems\RTFMS.xes,C:\projects\python\Anda\resources\models\RTFMS_20000_MIXED_0.4_3_heuristics.pnml,0.20734195615604034,0.9398353388364616,88
C:\projects\python\Anda\Stability_Java\src\main\resources\systems\RTFMS.xes,C:\projects\python\Anda\resources\models\RTFMS_20000_MIXED_0.4_3_inductive.pnml,0.18231721308338456,0.9840024593619188,92
C:\projects\python\Anda\Stability_Java\src\main\resources\systems\RTFMS.xes,C:\projects\python\Anda\resources\models\RTFMS_10000_ORDERING_10.0_5_alpha.pnml,0.0,0.26529553218152274,25
C:\projects\python\Anda\Stability_Java\src\main\resources\systems\RTFMS.xes,C:\projects\python\Anda\resources\models\RTFMS_10000_ORDERING_10.0_5_heuristics.pnml,0.4054278330554084,0.9372675072395067,79
C:\projects\python\Anda\Stability_Java\src\main\resources\systems\RTFMS.xes,C:\projects\python\Anda\resources\models\RTFMS_10000_ORDERING_10.0_5_inductive.pnml,0.4103108472941228,0.9999981837873966,25
C:\projects\python\Anda\Stability_Java\src\main\resources\systems\Sepsis.xes,C:\projects\python\Anda\resources\models\Sepsis_20000_SUBSTITUTION_4.0_5_alpha.pnml,0.00923157413187814,0.14436854018801548,408
C:\projects\python\Anda\Stability_Java\src\main\resources\systems\Sepsis.xes,C:\projects\python\Anda\resources\models\Sepsis_20000_SUBSTITUTION_4.0_5_heuristics.pnml,0.04893632235689516,0.9016126952106469,538
C:\projects\python\Anda\Stability_Java\src\main\resources\systems\Sepsis.xes,C:\projects\python\Anda\resources\models\Sepsis_20000_SUBSTITUTION_4.0_5_inductive.pnml,0.012432217433026582,1.0,605
C:\projects\python\Anda\Stability_Java\src\main\resources\systems\BPIC2012.xes,C:\projects\python\Anda\resources\models\BPIC2012_40000_INSERTION_0.2_5_alpha.pnml,0.04656773555040783,0.4222329002078544,67
C:\projects\python\Anda\Stability_Java\src\main\resources\systems\BPIC2012.xes,C:\projects\python\Anda\resources\models\BPIC2012_40000_INSERTION_0.2_5_heuristics.pnml,0.24744973474382392,0.9787163153795694,174
C:\projects\python\Anda\Stability_Java\src\main\resources\systems\BPIC2012.xes,C:\projects\python\Anda\resources\models\BPIC2012_40000_INSERTION_0.2_5_inductive.pnml,0.06600990280081487,1.0,228
C:\projects\python\Anda\Stability_Java\src\main\resources\systems\BPIC2012.xes,C:\projects\python\Anda\resources\models\BPIC2012_20000_MIXED_0.2_1_alpha.pnml,0.0,0.33268140038395955,48
C:\projects\python\Anda\Stability_Java\src\main\resources\systems\BPIC2012.xes,C:\projects\python\Anda\resources\models\BPIC2012_20000_MIXED_0.2_1_heuristics.pnml,0.23134694580049264,0.9827872720650781,149
C:\projects\python\Anda\Stability_Java\src\main\resources\systems\BPIC2012.xes,C:\projects\python\Anda\resources\models\BPIC2012_20000_MIXED_0.2_1_inductive.pnml,0.07603762052880403,1.0,201
C:\projects\python\Anda\Stability_Java\src\main\resources\systems\Sepsis.xes,C:\projects\python\Anda\resources\models\Sepsis_1000_ABSENCE_2.0_5_alpha.pnml,0.39660523149027804,0.24104736592894777,23
C:\projects\python\Anda\Stability_Java\src\main\resources\systems\Sepsis.xes,C:\projects\python\Anda\resources\models\Sepsis_1000_ABSENCE_2.0_5_heuristics.pnml,0.6784117801735472,0.9099023866914524,98
C:\projects\python\Anda\Stability_Java\src\main\resources\systems\Sepsis.xes,C:\projects\python\Anda\resources\models\Sepsis_1000_ABSENCE_2.0_5_inductive.pnml,0.27823604874919816,0.9999801299501262,91
C:\projects\python\Anda\Stability_Java\src\main\resources\systems\BPIC2012.xes,C:\projects\python\Anda\resources\models\BPIC2012_20000_INSERTION_0.2_2_alpha.pnml,0.05201478455109887,0.5561349348176412,52
C:\projects\python\Anda\Stability_Java\src\main\resources\systems\BPIC2012.xes,C:\projects\python\Anda\resources\models\BPIC2012_20000_INSERTION_0.2_2_heuristics.pnml,0.20580440160823144,0.9803135246887693,153
C:\projects\python\Anda\Stability_Java\src\main\resources\systems\BPIC2012.xes,C:\projects\python\Anda\resources\models\BPIC2012_20000_INSERTION_0.2_2_inductive.pnml,0.08215715558358727,1.0,223
C:\projects\python\Anda\Stability_Java\src\main\resources\systems\Sepsis.xes,C:\projects\python\Anda\resources\models\Sepsis_20000_INSERTION_0.2_4_alpha.pnml,0.1389989434759641,0.24846431532373525,55
C:\projects\python\Anda\Stability_Java\src\main\resources\systems\Sepsis.xes,C:\projects\python\Anda\resources\models\Sepsis_20000_INSERTION_0.2_4_heuristics.pnml,0.43091246392744265,0.8906735340987899,136
C:\projects\python\Anda\Stability_Java\src\main\resources\systems\Sepsis.xes,C:\projects\python\Anda\resources\models\Sepsis_20000_INSERTION_0.2_4_inductive.pnml,0.09809250828977689,1.0,147
C:\projects\python\Anda\Stability_Java\src\main\resources\systems\BPIC2012.xes,C:\projects\python\Anda\resources\models\BPIC2012_1000_SUBSTITUTION_0.1_1_alpha.pnml,0.10502453133720147,0.5586479208127507,34
C:\projects\python\Anda\Stability_Java\src\main\resources\systems\BPIC2012.xes,C:\projects\python\Anda\resources\models\BPIC2012_1000_SUBSTITUTION_0.1_1_heuristics.pnml,0.31680960428053606,0.9836055030938811,110
C:\projects\python\Anda\Stability_Java\src\main\resources\systems\BPIC2012.xes,C:\projects\python\Anda\resources\models\BPIC2012_1000_SUBSTITUTION_0.1_1_inductive.pnml,0.11942584566005221,0.9924424132543646,133
C:\projects\python\Anda\Stability_Java\src\main\resources\systems\BPIC2012.xes,C:\projects\python\Anda\resources\models\BPIC2012_100000_INSERTION_0.2_4_alpha.pnml,0.0046511627906976605,0.29904502213406703,154
C:\projects\python\Anda\Stability_Java\src\main\resources\systems\BPIC2012.xes,C:\projects\python\Anda\resources\models\BPIC2012_100000_INSERTION_0.2_4_heuristics.pnml,0.11335770835630377,0.9759487908667251,257
C:\projects\python\Anda\Stability_Java\src\main\resources\systems\BPIC2012.xes,C:\projects\python\Anda\resources\models\BPIC2012_100000_INSERTION_0.2_4_inductive.pnml,0.04042983508338538,1.0,336
C:\projects\python\Anda\Stability_Java\src\main\resources\systems\BPIC2012.xes,C:\projects\python\Anda\resources\models\BPIC2012_10000_ABSENCE_0.1_4_alpha.pnml,0.032258064516129004,0.528369771971176,35
C:\projects\python\Anda\Stability_Java\src\main\resources\systems\BPIC2012.xes,C:\projects\python\Anda\resources\models\BPIC2012_10000_ABSENCE_0.1_4_heuristics.pnml,0.27286211776556224,0.9793982876746425,122
C:\projects\python\Anda\Stability_Java\src\main\resources\systems\BPIC2012.xes,C:\projects\python\Anda\resources\models\BPIC2012_10000_ABSENCE_0.1_4_inductive.pnml,0.10445951778696605,0.9685795778559683,140
C:\projects\python\Anda\Stability_Java\src\main\resources\systems\BPIC2012.xes,C:\projects\python\Anda\resources\models\BPIC2012_100000_MIXED_4.0_5_alpha.pnml,0.0005316321105794941,0.09480276287718814,1024
C:\projects\python\Anda\Stability_Java\src\main\resources\systems\BPIC2012.xes,C:\projects\python\Anda\resources\models\BPIC2012_100000_MIXED_4.0_5_heuristics.pnml,0.018995930108882342,0.9757616096488825,1281
C:\projects\python\Anda\Stability_Java\src\main\resources\systems\BPIC2012.xes,C:\projects\python\Anda\resources\models\BPIC2012_100000_MIXED_4.0_5_inductive.pnml,0.005121579095993534,1.0,1371
C:\projects\python\Anda\Stability_Java\src\main\resources\systems\RTFMS.xes,C:\projects\python\Anda\resources\models\RTFMS_20000_INSERTION_2.0_3_alpha.pnml,0.003058103975535187,0.42300589962821683,201
C:\projects\python\Anda\Stability_Java\src\main\resources\systems\RTFMS.xes,C:\projects\python\Anda\resources\models\RTFMS_20000_INSERTION_2.0_3_heuristics.pnml,0.027895820357506373,0.9408772555413996,276
C:\projects\python\Anda\Stability_Java\src\main\resources\systems\RTFMS.xes,C:\projects\python\Anda\resources\models\RTFMS_20000_INSERTION_2.0_3_inductive.pnml,0.037410049367422316,1.0,318
C:\projects\python\Anda\Stability_Java\src\main\resources\systems\RTFMS.xes,C:\projects\python\Anda\resources\models\RTFMS_40000_MIXED_0.2_5_alpha.pnml,0.05714239030523749,0.47467424187727586,33
C:\projects\python\Anda\Stability_Java\src\main\resources\systems\RTFMS.xes,C:\projects\python\Anda\resources\models\RTFMS_40000_MIXED_0.2_5_heuristics.pnml,0.20891484366391766,0.9415496889099912,96
C:\projects\python\Anda\Stability_Java\src\main\resources\systems\RTFMS.xes,C:\projects\python\Anda\resources\models\RTFMS_40000_MIXED_0.2_5_inductive.pnml,0.19283635600231896,1.0,135
C:\projects\python\Anda\Stability_Java\src\main\resources\systems\BPIC2012.xes,C:\projects\python\Anda\resources\models\BPIC2012_2000_ORDERING_10.0_4_alpha.pnml,0.045454545454545414,0.2600335496621287,38
C:\projects\python\Anda\Stability_Java\src\main\resources\systems\BPIC2012.xes,C:\projects\python\Anda\resources\models\BPIC2012_2000_ORDERING_10.0_4_heuristics.pnml,0.3173502852311345,0.9764320468728322,123
C:\projects\python\Anda\Stability_Java\src\main\resources\systems\BPIC2012.xes,C:\projects\python\Anda\resources\models\BPIC2012_2000_ORDERING_10.0_4_inductive.pnml,0.10635921332145548,0.9965904917016298,136
C:\projects\python\Anda\Stability_Java\src\main\resources\systems\BPIC2012.xes,C:\projects\python\Anda\resources\models\BPIC2012_10000_INSERTION_10.0_5_alpha.pnml,0.0011123470522803602,0.12627316462103438,499
C:\projects\python\Anda\Stability_Java\src\main\resources\systems\BPIC2012.xes,C:\projects\python\Anda\resources\models\BPIC2012_10000_INSERTION_10.0_5_heuristics.pnml,0.038492751819499404,0.9708163283814103,672
C:\projects\python\Anda\Stability_Java\src\main\resources\systems\BPIC2012.xes,C:\projects\python\Anda\resources\models\BPIC2012_10000_INSERTION_10.0_5_inductive.pnml,0.010989003044464485,1.0,822
C:\projects\python\Anda\Stability_Java\src\main\resources\systems\Sepsis.xes,C:\projects\python\Anda\resources\models\Sepsis_10000_ORDERING_0.4_3_alpha.pnml,0.4426050420168067,0.2204762280244958,22
C:\projects\python\Anda\Stability_Java\src\main\resources\systems\Sepsis.xes,C:\projects\python\Anda\resources\models\Sepsis_10000_ORDERING_0.4_3_heuristics.pnml,0.7189613665023501,0.8984973659911479,110
C:\projects\python\Anda\Stability_Java\src\main\resources\systems\Sepsis.xes,C:\projects\python\Anda\resources\models\Sepsis_10000_ORDERING_0.4_3_inductive.pnml,0.2539858088325174,1.0,93
C:\projects\python\Anda\Stability_Java\src\main\resources\systems\RTFMS.xes,C:\projects\python\Anda\resources\models\RTFMS_10000_SUBSTITUTION_0.1_3_alpha.pnml,0.1333321510748946,0.4496750056671554,27
C:\projects\python\Anda\Stability_Java\src\main\resources\systems\RTFMS.xes,C:\projects\python\Anda\resources\models\RTFMS_10000_SUBSTITUTION_0.1_3_heuristics.pnml,0.3662112424947813,0.9326452499221747,73
C:\projects\python\Anda\Stability_Java\src\main\resources\systems\RTFMS.xes,C:\projects\python\Anda\resources\models\RTFMS_10000_SUBSTITUTION_0.1_3_inductive.pnml,0.2811177553584745,0.999994217346803,55
C:\projects\python\Anda\Stability_Java\src\main\resources\systems\BPIC2012.xes,C:\projects\python\Anda\resources\models\BPIC2012_100000_INSERTION_4.0_1_alpha.pnml,0.00029231218941827564,0.09643505781104145,1834
C:\projects\python\Anda\Stability_Java\src\main\resources\systems\BPIC2012.xes,C:\projects\python\Anda\resources\models\BPIC2012_100000_INSERTION_4.0_1_heuristics.pnml,0.010936450120837438,0.977977389846737,2223
C:\projects\python\Anda\Stability_Java\src\main\resources\systems\BPIC2012.xes,C:\projects\python\Anda\resources\models\BPIC2012_100000_INSERTION_4.0_1_inductive.pnml,0.003132166701414363,1.0,2182
C:\projects\python\Anda\Stability_Java\src\main\resources\systems\BPIC2012.xes,C:\projects\python\Anda\resources\models\BPIC2012_10000_ORDERING_0.1_3_alpha.pnml,0.0357142857142857,0.44732470145510206,34
C:\projects\python\Anda\Stability_Java\src\main\resources\systems\BPIC2012.xes,C:\projects\python\Anda\resources\models\BPIC2012_10000_ORDERING_0.1_3_heuristics.pnml,0.27058658648455813,0.9798524818051519,124
C:\projects\python\Anda\Stability_Java\src\main\resources\systems\BPIC2012.xes,C:\projects\python\Anda\resources\models\BPIC2012_10000_ORDERING_0.1_3_inductive.pnml,0.10025165911058709,0.9980458203983766,157
C:\projects\python\Anda\Stability_Java\src\main\resources\systems\Sepsis.xes,C:\projects\python\Anda\resources\models\Sepsis_100000_SUBSTITUTION_4.0_3_alpha.pnml,0.0016528925619834212,0.12909571964249378,1912
C:\projects\python\Anda\Stability_Java\src\main\resources\systems\Sepsis.xes,C:\projects\python\Anda\resources\models\Sepsis_100000_SUBSTITUTION_4.0_3_heuristics.pnml,0.012283744430547694,0.8947110216634293,2212
C:\projects\python\Anda\Stability_Java\src\main\resources\systems\Sepsis.xes,C:\projects\python\Anda\resources\models\Sepsis_100000_SUBSTITUTION_4.0_3_inductive.pnml,0.0023521019033567736,1.0,2141
C:\projects\python\Anda\Stability_Java\src\main\resources\systems\Sepsis.xes,C:\projects\python\Anda\resources\models\Sepsis_100000_MIXED_1.0_3_alpha.pnml,0.012195121951219523,0.12979658545846467,274
C:\projects\python\Anda\Stability_Java\src\main\resources\systems\Sepsis.xes,C:\projects\python\Anda\resources\models\Sepsis_100000_MIXED_1.0_3_heuristics.pnml,0.0738819465061672,0.9026170544573888,400
C:\projects\python\Anda\Stability_Java\src\main\resources\systems\Sepsis.xes,C:\projects\python\Anda\resources\models\Sepsis_100000_MIXED_1.0_3_inductive.pnml,0.01811490263561577,1.0,466
C:\projects\python\Anda\Stability_Java\src\main\resources\systems\Sepsis.xes,C:\projects\python\Anda\resources\models\Sepsis_40000_ABSENCE_0.1_3_alpha.pnml,0.4426422388436003,0.26588961197193384,22
C:\projects\python\Anda\Stability_Java\src\main\resources\systems\Sepsis.xes,C:\projects\python\Anda\resources\models\Sepsis_40000_ABSENCE_0.1_3_heuristics.pnml,0.7044386711624564,0.8967715521747265,107
C:\projects\python\Anda\Stability_Java\src\main\resources\systems\Sepsis.xes,C:\projects\python\Anda\resources\models\Sepsis_40000_ABSENCE_0.1_3_inductive.pnml,0.2475336831655084,1.0,95
C:\projects\python\Anda\Stability_Java\src\main\resources\systems\Sepsis.xes,C:\projects\python\Anda\resources\models\Sepsis_40000_INSERTION_0.2_1_alpha.pnml,0.0553311363877963,0.13827065202476135,68
C:\projects\python\Anda\Stability_Java\src\main\resources\systems\Sepsis.xes,C:\projects\python\Anda\resources\models\Sepsis_40000_INSERTION_0.2_1_heuristics.pnml,0.33575719253872904,0.8966491361564626,160
C:\projects\python\Anda\Stability_Java\src\main\resources\systems\Sepsis.xes,C:\projects\python\Anda\resources\models\Sepsis_40000_INSERTION_0.2_1_inductive.pnml,0.069544123717584,1.0,207
C:\projects\python\Anda\Stability_Java\src\main\resources\systems\RTFMS.xes,C:\projects\python\Anda\resources\models\RTFMS_1000_INSERTION_0.2_1_alpha.pnml,0.0,0.6263038705912294,29
C:\projects\python\Anda\Stability_Java\src\main\resources\systems\RTFMS.xes,C:\projects\python\Anda\resources\models\RTFMS_1000_INSERTION_0.2_1_heuristics.pnml,0.8202574488478702,0.9376410565930972,55
C:\projects\python\Anda\Stability_Java\src\main\resources\systems\RTFMS.xes,C:\projects\python\Anda\resources\models\RTFMS_1000_INSERTION_0.2_1_inductive.pnml,0.7215836352245799,0.9998042257815903,50
C:\projects\python\Anda\Stability_Java\src\main\resources\systems\Sepsis.xes,C:\projects\python\Anda\resources\models\Sepsis_20000_ABSENCE_0.1_4_alpha.pnml,0.4426422388436003,0.26588961197193384,22
C:\projects\python\Anda\Stability_Java\src\main\resources\systems\Sepsis.xes,C:\projects\python\Anda\resources\models\Sepsis_20000_ABSENCE_0.1_4_heuristics.pnml,0.7044386711624564,0.8974137528765638,107
C:\projects\python\Anda\Stability_Java\src\main\resources\systems\Sepsis.xes,C:\projects\python\Anda\resources\models\Sepsis_20000_ABSENCE_0.1_4_inductive.pnml,0.2475336831655084,1.0,95
C:\projects\python\Anda\Stability_Java\src\main\resources\systems\RTFMS.xes,C:\projects\python\Anda\resources\models\RTFMS_2000_MIXED_1.0_5_alpha.pnml,0.11111111111111116,0.41680800604663415,24
C:\projects\python\Anda\Stability_Java\src\main\resources\systems\RTFMS.xes,C:\projects\python\Anda\resources\models\RTFMS_2000_MIXED_1.0_5_heuristics.pnml,0.45446981486858384,0.9326734690389684,73
C:\projects\python\Anda\Stability_Java\src\main\resources\systems\RTFMS.xes,C:\projects\python\Anda\resources\models\RTFMS_2000_MIXED_1.0_5_inductive.pnml,0.29661995735796975,0.9999938240010129,49
C:\projects\python\Anda\Stability_Java\src\main\resources\systems\BPIC2012.xes,C:\projects\python\Anda\resources\models\BPIC2012_20000_ABSENCE_10.0_1_alpha.pnml,0.032258064516129004,0.563414538505251,38
C:\projects\python\Anda\Stability_Java\src\main\resources\systems\BPIC2012.xes,C:\projects\python\Anda\resources\models\BPIC2012_20000_ABSENCE_10.0_1_heuristics.pnml,0.3078578584769137,0.9753573308362281,132
C:\projects\python\Anda\Stability_Java\src\main\resources\systems\BPIC2012.xes,C:\projects\python\Anda\resources\models\BPIC2012_20000_ABSENCE_10.0_1_inductive.pnml,0.11555249331607864,0.9910439085742351,111
C:\projects\python\Anda\Stability_Java\src\main\resources\systems\BPIC2012.xes,C:\projects\python\Anda\resources\models\BPIC2012_100000_ABSENCE_10.0_1_alpha.pnml,0.032258064516129004,0.563414538505251,38
C:\projects\python\Anda\Stability_Java\src\main\resources\systems\BPIC2012.xes,C:\projects\python\Anda\resources\models\BPIC2012_100000_ABSENCE_10.0_1_heuristics.pnml,0.296898729378121,0.9719371692016298,140
C:\projects\python\Anda\Stability_Java\src\main\resources\systems\BPIC2012.xes,C:\projects\python\Anda\resources\models\BPIC2012_100000_ABSENCE_10.0_1_inductive.pnml,0.10886809245693396,1.0,105
C:\projects\python\Anda\Stability_Java\src\main\resources\systems\BPIC2012.xes,C:\projects\python\Anda\resources\models\BPIC2012_20000_ORDERING_1.0_1_alpha.pnml,0.0,0.2886217349162251,45
C:\projects\python\Anda\Stability_Java\src\main\resources\systems\BPIC2012.xes,C:\projects\python\Anda\resources\models\BPIC2012_20000_ORDERING_1.0_1_heuristics.pnml,0.30038940339991405,0.9753888965734008,133
C:\projects\python\Anda\Stability_Java\src\main\resources\systems\BPIC2012.xes,C:\projects\python\Anda\resources\models\BPIC2012_20000_ORDERING_1.0_1_inductive.pnml,0.10623780062936339,0.9705195488968417,147
C:\projects\python\Anda\Stability_Java\src\main\resources\systems\BPIC2012.xes,C:\projects\python\Anda\resources\models\BPIC2012_10000_MIXED_0.4_5_alpha.pnml,0.0,0.4050099480771205,49
C:\projects\python\Anda\Stability_Java\src\main\resources\systems\BPIC2012.xes,C:\projects\python\Anda\resources\models\BPIC2012_10000_MIXED_0.4_5_heuristics.pnml,0.23622332757914966,0.9785440606394824,143
C:\projects\python\Anda\Stability_Java\src\main\resources\systems\BPIC2012.xes,C:\projects\python\Anda\resources\models\BPIC2012_10000_MIXED_0.4_5_inductive.pnml,0.0841528219785308,0.98442786017529,181
C:\projects\python\Anda\Stability_Java\src\main\resources\systems\Sepsis.xes,C:\projects\python\Anda\resources\models\Sepsis_100000_MIXED_0.1_3_alpha.pnml,0.09591792921548181,0.14674070625592234,48
C:\projects\python\Anda\Stability_Java\src\main\resources\systems\Sepsis.xes,C:\projects\python\Anda\resources\models\Sepsis_100000_MIXED_0.1_3_heuristics.pnml,0.4111498257839721,0.8898229342837026,135
C:\projects\python\Anda\Stability_Java\src\main\resources\systems\Sepsis.xes,C:\projects\python\Anda\resources\models\Sepsis_100000_MIXED_0.1_3_inductive.pnml,0.13120895748222117,1.0,172
C:\projects\python\Anda\Stability_Java\src\main\resources\systems\BPIC2012.xes,C:\projects\python\Anda\resources\models\BPIC2012_40000_SUBSTITUTION_0.4_4_alpha.pnml,0.0060606060606061,0.23375842221625925,112
C:\projects\python\Anda\Stability_Java\src\main\resources\systems\BPIC2012.xes,C:\projects\python\Anda\resources\models\BPIC2012_40000_SUBSTITUTION_0.4_4_heuristics.pnml,0.15976592220208585,0.9756272168194247,236
C:\projects\python\Anda\Stability_Java\src\main\resources\systems\BPIC2012.xes,C:\projects\python\Anda\resources\models\BPIC2012_40000_SUBSTITUTION_0.4_4_inductive.pnml,0.038141482437848206,1.0,306
C:\projects\python\Anda\Stability_Java\src\main\resources\systems\BPIC2012.xes,C:\projects\python\Anda\resources\models\BPIC2012_4000_ORDERING_0.2_1_alpha.pnml,0.0,0.4668416681140442,34
C:\projects\python\Anda\Stability_Java\src\main\resources\systems\BPIC2012.xes,C:\projects\python\Anda\resources\models\BPIC2012_4000_ORDERING_0.2_1_heuristics.pnml,0.2683107243813464,0.9798589242710677,127
C:\projects\python\Anda\Stability_Java\src\main\resources\systems\BPIC2012.xes,C:\projects\python\Anda\resources\models\BPIC2012_4000_ORDERING_0.2_1_inductive.pnml,0.1056630336282196,0.9777095279621694,142
C:\projects\python\Anda\Stability_Java\src\main\resources\systems\Sepsis.xes,C:\projects\python\Anda\resources\models\Sepsis_1000_ABSENCE_0.2_2_alpha.pnml,0.39660523149027804,0.24104736592894777,23
C:\projects\python\Anda\Stability_Java\src\main\resources\systems\Sepsis.xes,C:\projects\python\Anda\resources\models\Sepsis_1000_ABSENCE_0.2_2_heuristics.pnml,0.6784117801735472,0.9099023866914524,98
C:\projects\python\Anda\Stability_Java\src\main\resources\systems\Sepsis.xes,C:\projects\python\Anda\resources\models\Sepsis_1000_ABSENCE_0.2_2_inductive.pnml,0.28341533214418724,0.9999801295552995,90
C:\projects\python\Anda\Stability_Java\src\main\resources\systems\RTFMS.xes,C:\projects\python\Anda\resources\models\RTFMS_2000_SUBSTITUTION_4.0_1_alpha.pnml,0.01449275362318836,0.5161739265634271,54
C:\projects\python\Anda\Stability_Java\src\main\resources\systems\RTFMS.xes,C:\projects\python\Anda\resources\models\RTFMS_2000_SUBSTITUTION_4.0_1_heuristics.pnml,0.09901075531930303,0.9302130766907535,120
C:\projects\python\Anda\Stability_Java\src\main\resources\systems\RTFMS.xes,C:\projects\python\Anda\resources\models\RTFMS_2000_SUBSTITUTION_4.0_1_inductive.pnml,0.11984562216039263,0.9999841160930153,147
C:\projects\python\Anda\Stability_Java\src\main\resources\systems\Sepsis.xes,C:\projects\python\Anda\resources\models\Sepsis_1000_ABSENCE_1.0_3_alpha.pnml,0.39660523149027804,0.24104736592894777,23
C:\projects\python\Anda\Stability_Java\src\main\resources\systems\Sepsis.xes,C:\projects\python\Anda\resources\models\Sepsis_1000_ABSENCE_1.0_3_heuristics.pnml,0.6784117801735472,0.9099023866914524,98
C:\projects\python\Anda\Stability_Java\src\main\resources\systems\Sepsis.xes,C:\projects\python\Anda\resources\models\Sepsis_1000_ABSENCE_1.0_3_inductive.pnml,0.249029746820994,0.9999809258588132,96
C:\projects\python\Anda\Stability_Java\src\main\resources\systems\RTFMS.xes,C:\projects\python\Anda\resources\models\RTFMS_20000_MIXED_2.0_4_alpha.pnml,0.00649350649350644,0.42594581309375057,105
C:\projects\python\Anda\Stability_Java\src\main\resources\systems\RTFMS.xes,C:\projects\python\Anda\resources\models\RTFMS_20000_MIXED_2.0_4_heuristics.pnml,0.06475295915877943,0.9464000216156183,175
C:\projects\python\Anda\Stability_Java\src\main\resources\systems\RTFMS.xes,C:\projects\python\Anda\resources\models\RTFMS_20000_MIXED_2.0_4_inductive.pnml,0.06094452517648441,0.9999994124469587,208
C:\projects\python\Anda\Stability_Java\src\main\resources\systems\RTFMS.xes,C:\projects\python\Anda\resources\models\RTFMS_20000_ABSENCE_1.0_5_alpha.pnml,0.5,0.6297079081261633,27
C:\projects\python\Anda\Stability_Java\src\main\resources\systems\RTFMS.xes,C:\projects\python\Anda\resources\models\RTFMS_20000_ABSENCE_1.0_5_heuristics.pnml,0.6717019199834231,0.9332252614058996,63
C:\projects\python\Anda\Stability_Java\src\main\resources\systems\RTFMS.xes,C:\projects\python\Anda\resources\models\RTFMS_20000_ABSENCE_1.0_5_inductive.pnml,0.4838523894789444,0.9999990793872033,41
C:\projects\python\Anda\Stability_Java\src\main\resources\systems\Sepsis.xes,C:\projects\python\Anda\resources\models\Sepsis_1000_ABSENCE_0.4_4_alpha.pnml,0.39660523149027804,0.24104736592894777,23
C:\projects\python\Anda\Stability_Java\src\main\resources\systems\Sepsis.xes,C:\projects\python\Anda\resources\models\Sepsis_1000_ABSENCE_0.4_4_heuristics.pnml,0.6784117801735472,0.9099023866914524,98
C:\projects\python\Anda\Stability_Java\src\main\resources\systems\Sepsis.xes,C:\projects\python\Anda\resources\models\Sepsis_1000_ABSENCE_0.4_4_inductive.pnml,0.2834116286515129,0.9999801295552995,91
C:\projects\python\Anda\Stability_Java\src\main\resources\systems\RTFMS.xes,C:\projects\python\Anda\resources\models\RTFMS_1000_INSERTION_0.2_2_alpha.pnml,0.5004808466888017,0.6169466880591206,27
C:\projects\python\Anda\Stability_Java\src\main\resources\systems\RTFMS.xes,C:\projects\python\Anda\resources\models\RTFMS_1000_INSERTION_0.2_2_heuristics.pnml,0.7476287190602773,0.9349753415734445,56
C:\projects\python\Anda\Stability_Java\src\main\resources\systems\RTFMS.xes,C:\projects\python\Anda\resources\models\RTFMS_1000_INSERTION_0.2_2_inductive.pnml,0.5266595097512972,0.9998383461927136,56
C:\projects\python\Anda\Stability_Java\src\main\resources\systems\Sepsis.xes,C:\projects\python\Anda\resources\models\Sepsis_4000_ABSENCE_0.1_5_alpha.pnml,0.4426422388436003,0.26588961197193384,22
C:\projects\python\Anda\Stability_Java\src\main\resources\systems\Sepsis.xes,C:\projects\python\Anda\resources\models\Sepsis_4000_ABSENCE_0.1_5_heuristics.pnml,0.7811300424270995,0.8946487278340816,117
C:\projects\python\Anda\Stability_Java\src\main\resources\systems\Sepsis.xes,C:\projects\python\Anda\resources\models\Sepsis_4000_ABSENCE_0.1_5_inductive.pnml,0.28344408941511645,1.0,89
C:\projects\python\Anda\Stability_Java\src\main\resources\systems\RTFMS.xes,C:\projects\python\Anda\resources\models\RTFMS_10000_MIXED_10.0_2_alpha.pnml,0.0024271844660194164,0.4207033595377725,261
C:\projects\python\Anda\Stability_Java\src\main\resources\systems\RTFMS.xes,C:\projects\python\Anda\resources\models\RTFMS_10000_MIXED_10.0_2_heuristics.pnml,0.026969715205342526,0.945057672655349,345
C:\projects\python\Anda\Stability_Java\src\main\resources\systems\RTFMS.xes,C:\projects\python\Anda\resources\models\RTFMS_10000_MIXED_10.0_2_inductive.pnml,0.02720469456321406,1.0,401
C:\projects\python\Anda\Stability_Java\src\main\resources\systems\RTFMS.xes,C:\projects\python\Anda\resources\models\RTFMS_2000_MIXED_4.0_5_alpha.pnml,0.05714262915143875,0.4763609442788621,33
C:\projects\python\Anda\Stability_Java\src\main\resources\systems\RTFMS.xes,C:\projects\python\Anda\resources\models\RTFMS_2000_MIXED_4.0_5_heuristics.pnml,0.22749935356051587,0.9462722311320185,98
C:\projects\python\Anda\Stability_Java\src\main\resources\systems\RTFMS.xes,C:\projects\python\Anda\resources\models\RTFMS_2000_MIXED_4.0_5_inductive.pnml,0.17294625212836268,0.999984517201012,117
C:\projects\python\Anda\Stability_Java\src\main\resources\systems\BPIC2012.xes,C:\projects\python\Anda\resources\models\BPIC2012_4000_SUBSTITUTION_0.4_1_alpha.pnml,0.09171207490734123,0.5866963556563234,46
C:\projects\python\Anda\Stability_Java\src\main\resources\systems\BPIC2012.xes,C:\projects\python\Anda\resources\models\BPIC2012_4000_SUBSTITUTION_0.4_1_heuristics.pnml,0.22871758421642108,0.9793070566167426,131
C:\projects\python\Anda\Stability_Java\src\main\resources\systems\BPIC2012.xes,C:\projects\python\Anda\resources\models\BPIC2012_4000_SUBSTITUTION_0.4_1_inductive.pnml,0.08463939048031965,0.966329881529276,146
C:\projects\python\Anda\Stability_Java\src\main\resources\systems\BPIC2012.xes,C:\projects\python\Anda\resources\models\BPIC2012_2000_SUBSTITUTION_1.0_3_alpha.pnml,0.020408163265306145,0.4655655623639146,47
C:\projects\python\Anda\Stability_Java\src\main\resources\systems\BPIC2012.xes,C:\projects\python\Anda\resources\models\BPIC2012_2000_SUBSTITUTION_1.0_3_heuristics.pnml,0.2550002528321461,0.9831109327835222,131
C:\projects\python\Anda\Stability_Java\src\main\resources\systems\BPIC2012.xes,C:\projects\python\Anda\resources\models\BPIC2012_2000_SUBSTITUTION_1.0_3_inductive.pnml,0.07803684876427863,0.9999728368562556,223
C:\projects\python\Anda\Stability_Java\src\main\resources\systems\BPIC2012.xes,C:\projects\python\Anda\resources\models\BPIC2012_4000_ORDERING_2.0_5_alpha.pnml,0.033333333333333326,0.21490542677831348,31
C:\projects\python\Anda\Stability_Java\src\main\resources\systems\BPIC2012.xes,C:\projects\python\Anda\resources\models\BPIC2012_4000_ORDERING_2.0_5_heuristics.pnml,0.25972240820876313,0.9798589242710677,131
C:\projects\python\Anda\Stability_Java\src\main\resources\systems\BPIC2012.xes,C:\projects\python\Anda\resources\models\BPIC2012_4000_ORDERING_2.0_5_inductive.pnml,0.1138194987122989,0.9845314356388775,143
C:\projects\python\Anda\Stability_Java\src\main\resources\systems\Sepsis.xes,C:\projects\python\Anda\resources\models\Sepsis_40000_ABSENCE_0.2_1_alpha.pnml,0.44411590774689536,0.25309060879378503,22
C:\projects\python\Anda\Stability_Java\src\main\resources\systems\Sepsis.xes,C:\projects\python\Anda\resources\models\Sepsis_40000_ABSENCE_0.2_1_heuristics.pnml,0.6657959354265712,0.8967715521747265,108
C:\projects\python\Anda\Stability_Java\src\main\resources\systems\Sepsis.xes,C:\projects\python\Anda\resources\models\Sepsis_40000_ABSENCE_0.2_1_inductive.pnml,0.2475336831655084,1.0,95
C:\projects\python\Anda\Stability_Java\src\main\resources\systems\RTFMS.xes,C:\projects\python\Anda\resources\models\RTFMS_4000_MIXED_0.4_2_alpha.pnml,0.0,0.41909377281741206,34
C:\projects\python\Anda\Stability_Java\src\main\resources\systems\RTFMS.xes,C:\projects\python\Anda\resources\models\RTFMS_4000_MIXED_0.4_2_heuristics.pnml,0.4691188181678373,0.9431775743989805,79
C:\projects\python\Anda\Stability_Java\src\main\resources\systems\RTFMS.xes,C:\projects\python\Anda\resources\models\RTFMS_4000_MIXED_0.4_2_inductive.pnml,0.2702700779498345,0.9999878211227304,67
C:\projects\python\Anda\Stability_Java\src\main\resources\systems\Sepsis.xes,C:\projects\python\Anda\resources\models\Sepsis_4000_ORDERING_10.0_3_alpha.pnml,0.4095163806552262,0.1556446375960141,23
C:\projects\python\Anda\Stability_Java\src\main\resources\systems\Sepsis.xes,C:\projects\python\Anda\resources\models\Sepsis_4000_ORDERING_10.0_3_heuristics.pnml,0.6089033545067983,0.8865252617178888,126
C:\projects\python\Anda\Stability_Java\src\main\resources\systems\Sepsis.xes,C:\projects\python\Anda\resources\models\Sepsis_4000_ORDERING_10.0_3_inductive.pnml,0.22741679873217113,1.0,94
C:\projects\python\Anda\Stability_Java\src\main\resources\systems\RTFMS.xes,C:\projects\python\Anda\resources\models\RTFMS_40000_ORDERING_4.0_1_alpha.pnml,0.0,0.2763996491484103,24
C:\projects\python\Anda\Stability_Java\src\main\resources\systems\RTFMS.xes,C:\projects\python\Anda\resources\models\RTFMS_40000_ORDERING_4.0_1_heuristics.pnml,0.33717330633135856,0.9358623286607252,79
C:\projects\python\Anda\Stability_Java\src\main\resources\systems\RTFMS.xes,C:\projects\python\Anda\resources\models\RTFMS_40000_ORDERING_4.0_1_inductive.pnml,0.4145891404108252,1.0,62
C:\projects\python\Anda\Stability_Java\src\main\resources\systems\BPIC2012.xes,C:\projects\python\Anda\resources\models\BPIC2012_20000_MIXED_0.1_4_alpha.pnml,0.02564102564102566,0.5200813740929492,41
C:\projects\python\Anda\Stability_Java\src\main\resources\systems\BPIC2012.xes,C:\projects\python\Anda\resources\models\BPIC2012_20000_MIXED_0.1_4_heuristics.pnml,0.25446132242534913,0.9776540969044225,134
C:\projects\python\Anda\Stability_Java\src\main\resources\systems\BPIC2012.xes,C:\projects\python\Anda\resources\models\BPIC2012_20000_MIXED_0.1_4_inductive.pnml,0.07097919181408685,0.9972988381856633,172
C:\projects\python\Anda\Stability_Java\src\main\resources\systems\Sepsis.xes,C:\projects\python\Anda\resources\models\Sepsis_10000_ABSENCE_0.4_1_alpha.pnml,0.44411590774689536,0.25309060879378503,22
C:\projects\python\Anda\Stability_Java\src\main\resources\systems\Sepsis.xes,C:\projects\python\Anda\resources\models\Sepsis_10000_ABSENCE_0.4_1_heuristics.pnml,0.6792115665782206,0.895241978721937,108
C:\projects\python\Anda\Stability_Java\src\main\resources\systems\Sepsis.xes,C:\projects\python\Anda\resources\models\Sepsis_10000_ABSENCE_0.4_1_inductive.pnml,0.2475336831655084,1.0,95
C:\projects\python\Anda\Stability_Java\src\main\resources\systems\BPIC2012.xes,C:\projects\python\Anda\resources\models\BPIC2012_10000_SUBSTITUTION_0.2_1_alpha.pnml,0.08246111139856316,0.5827030236278707,51
C:\projects\python\Anda\Stability_Java\src\main\resources\systems\BPIC2012.xes,C:\projects\python\Anda\resources\models\BPIC2012_10000_SUBSTITUTION_0.2_1_heuristics.pnml,0.22582017153052614,0.9796148582922832,134
C:\projects\python\Anda\Stability_Java\src\main\resources\systems\BPIC2012.xes,C:\projects\python\Anda\resources\models\BPIC2012_10000_SUBSTITUTION_0.2_1_inductive.pnml,0.10992884192049601,0.9999960795844359,173
C:\projects\python\Anda\Stability_Java\src\main\resources\systems\Sepsis.xes,C:\projects\python\Anda\resources\models\Sepsis_40000_MIXED_2.0_1_alpha.pnml,0.015424164524421635,0.13057063045998968,212
C:\projects\python\Anda\Stability_Java\src\main\resources\systems\Sepsis.xes,C:\projects\python\Anda\resources\models\Sepsis_40000_MIXED_2.0_1_heuristics.pnml,0.09971674934664554,0.8979964981109054,336
C:\projects\python\Anda\Stability_Java\src\main\resources\systems\Sepsis.xes,C:\projects\python\Anda\resources\models\Sepsis_40000_MIXED_2.0_1_inductive.pnml,0.02189852822056515,1.0,389
C:\projects\python\Anda\Stability_Java\src\main\resources\systems\BPIC2012.xes,C:\projects\python\Anda\resources\models\BPIC2012_10000_INSERTION_1.0_2_alpha.pnml,0.025349631074397583,0.3174488461030324,79
C:\projects\python\Anda\Stability_Java\src\main\resources\systems\BPIC2012.xes,C:\projects\python\Anda\resources\models\BPIC2012_10000_INSERTION_1.0_2_heuristics.pnml,0.16632423349987058,0.9786442223513854,181
C:\projects\python\Anda\Stability_Java\src\main\resources\systems\BPIC2012.xes,C:\projects\python\Anda\resources\models\BPIC2012_10000_INSERTION_1.0_2_inductive.pnml,0.05201047963885419,1.0,240
C:\projects\python\Anda\Stability_Java\src\main\resources\systems\RTFMS.xes,C:\projects\python\Anda\resources\models\RTFMS_10000_INSERTION_0.1_3_alpha.pnml,0.5004808466888017,0.4921115249794673,36
C:\projects\python\Anda\Stability_Java\src\main\resources\systems\RTFMS.xes,C:\projects\python\Anda\resources\models\RTFMS_10000_INSERTION_0.1_3_heuristics.pnml,0.5638663867485904,0.9421577400801338,73
C:\projects\python\Anda\Stability_Java\src\main\resources\systems\RTFMS.xes,C:\projects\python\Anda\resources\models\RTFMS_10000_INSERTION_0.1_3_inductive.pnml,0.39348362044915297,0.9999945862306868,60
C:\projects\python\Anda\Stability_Java\src\main\resources\systems\Sepsis.xes,C:\projects\python\Anda\resources\models\Sepsis_20000_ABSENCE_0.4_1_alpha.pnml,0.44411590774689536,0.25309060879378503,22
C:\projects\python\Anda\Stability_Java\src\main\resources\systems\Sepsis.xes,C:\projects\python\Anda\resources\models\Sepsis_20000_ABSENCE_0.4_1_heuristics.pnml,0.6781466262975779,0.8943620202860255,108
C:\projects\python\Anda\Stability_Java\src\main\resources\systems\Sepsis.xes,C:\projects\python\Anda\resources\models\Sepsis_20000_ABSENCE_0.4_1_inductive.pnml,0.2475336831655084,1.0,95
C:\projects\python\Anda\Stability_Java\src\main\resources\systems\Sepsis.xes,C:\projects\python\Anda\resources\models\Sepsis_20000_ORDERING_0.1_2_alpha.pnml,0.3255047383601154,0.23275847615052314,25
C:\projects\python\Anda\Stability_Java\src\main\resources\systems\Sepsis.xes,C:\projects\python\Anda\resources\models\Sepsis_20000_ORDERING_0.1_2_heuristics.pnml,0.6647887323943662,0.8973853605493712,108
C:\projects\python\Anda\Stability_Java\src\main\resources\systems\Sepsis.xes,C:\projects\python\Anda\resources\models\Sepsis_20000_ORDERING_0.1_2_inductive.pnml,0.2539344290929416,1.0,93
C:\projects\python\Anda\Stability_Java\src\main\resources\systems\RTFMS.xes,C:\projects\python\Anda\resources\models\RTFMS_2000_ABSENCE_0.1_2_alpha.pnml,0.8836570684555235,0.6509323243561167,27
C:\projects\python\Anda\Stability_Java\src\main\resources\systems\RTFMS.xes,C:\projects\python\Anda\resources\models\RTFMS_2000_ABSENCE_0.1_2_heuristics.pnml,0.9991609884341456,0.9259663951678365,65
C:\projects\python\Anda\Stability_Java\src\main\resources\systems\RTFMS.xes,C:\projects\python\Anda\resources\models\RTFMS_2000_ABSENCE_0.1_2_inductive.pnml,0.7169875880359537,0.9999074627006657,57
C:\projects\python\Anda\Stability_Java\src\main\resources\systems\RTFMS.xes,C:\projects\python\Anda\resources\models\RTFMS_40000_INSERTION_0.1_2_alpha.pnml,0.06381517892953226,0.6453111325323789,40
C:\projects\python\Anda\Stability_Java\src\main\resources\systems\RTFMS.xes,C:\projects\python\Anda\resources\models\RTFMS_40000_INSERTION_0.1_2_heuristics.pnml,0.1845812183121247,0.9435212977276266,93
C:\projects\python\Anda\Stability_Java\src\main\resources\systems\RTFMS.xes,C:\projects\python\Anda\resources\models\RTFMS_40000_INSERTION_0.1_2_inductive.pnml,0.1989010737277328,0.9999995541685243,131
C:\projects\python\Anda\Stability_Java\src\main\resources\systems\Sepsis.xes,C:\projects\python\Anda\resources\models\Sepsis_20000_INSERTION_4.0_4_alpha.pnml,0.008362115255855285,0.1458652671254565,389
C:\projects\python\Anda\Stability_Java\src\main\resources\systems\Sepsis.xes,C:\projects\python\Anda\resources\models\Sepsis_20000_INSERTION_4.0_4_heuristics.pnml,0.05870734321540072,0.895986209788431,509
C:\projects\python\Anda\Stability_Java\src\main\resources\systems\Sepsis.xes,C:\projects\python\Anda\resources\models\Sepsis_20000_INSERTION_4.0_4_inductive.pnml,0.014118463205571308,1.0,579
C:\projects\python\Anda\Stability_Java\src\main\resources\systems\BPIC2012.xes,C:\projects\python\Anda\resources\models\BPIC2012_100000_INSERTION_0.4_4_alpha.pnml,0.0025510204081632404,0.13310085112150843,252
C:\projects\python\Anda\Stability_Java\src\main\resources\systems\BPIC2012.xes,C:\projects\python\Anda\resources\models\BPIC2012_100000_INSERTION_0.4_4_heuristics.pnml,0.08078356126109609,0.9676288976346119,373
C:\projects\python\Anda\Stability_Java\src\main\resources\systems\BPIC2012.xes,C:\projects\python\Anda\resources\models\BPIC2012_100000_INSERTION_0.4_4_inductive.pnml,0.021587872945903253,1.0,550
C:\projects\python\Anda\Stability_Java\src\main\resources\systems\BPIC2012.xes,C:\projects\python\Anda\resources\models\BPIC2012_4000_INSERTION_0.4_3_alpha.pnml,0.021276595744680882,0.4421510064219548,38
C:\projects\python\Anda\Stability_Java\src\main\resources\systems\BPIC2012.xes,C:\projects\python\Anda\resources\models\BPIC2012_4000_INSERTION_0.4_3_heuristics.pnml,0.258175963200036,0.9778534243798152,133
C:\projects\python\Anda\Stability_Java\src\main\resources\systems\BPIC2012.xes,C:\projects\python\Anda\resources\models\BPIC2012_4000_INSERTION_0.4_3_inductive.pnml,0.09215593902010533,0.9999659727274067,166
C:\projects\python\Anda\Stability_Java\src\main\resources\systems\RTFMS.xes,C:\projects\python\Anda\resources\models\RTFMS_100000_ORDERING_10.0_1_alpha.pnml,0.0,0.2794928154195617,24
C:\projects\python\Anda\Stability_Java\src\main\resources\systems\RTFMS.xes,C:\projects\python\Anda\resources\models\RTFMS_100000_ORDERING_10.0_1_heuristics.pnml,0.30983275824963763,0.9306880555034351,91
C:\projects\python\Anda\Stability_Java\src\main\resources\systems\RTFMS.xes,C:\projects\python\Anda\resources\models\RTFMS_100000_ORDERING_10.0_1_inductive.pnml,0.4145879495397533,1.0,66
C:\projects\python\Anda\Stability_Java\src\main\resources\systems\BPIC2012.xes,C:\projects\python\Anda\resources\models\BPIC2012_20000_ORDERING_0.4_3_alpha.pnml,0.0357142857142857,0.37089093988121413,38
C:\projects\python\Anda\Stability_Java\src\main\resources\systems\BPIC2012.xes,C:\projects\python\Anda\resources\models\BPIC2012_20000_ORDERING_0.4_3_heuristics.pnml,0.26834937299688477,0.9775263181888391,128
C:\projects\python\Anda\Stability_Java\src\main\resources\systems\BPIC2012.xes,C:\projects\python\Anda\resources\models\BPIC2012_20000_ORDERING_0.4_3_inductive.pnml,0.0923088417681106,0.9979284052975816,130
C:\projects\python\Anda\Stability_Java\src\main\resources\systems\RTFMS.xes,C:\projects\python\Anda\resources\models\RTFMS_4000_SUBSTITUTION_4.0_1_alpha.pnml,0.007194244604316502,0.5133102687839468,97
C:\projects\python\Anda\Stability_Java\src\main\resources\systems\RTFMS.xes,C:\projects\python\Anda\resources\models\RTFMS_4000_SUBSTITUTION_4.0_1_heuristics.pnml,0.0538119354099158,0.9359784958651597,172
C:\projects\python\Anda\Stability_Java\src\main\resources\systems\RTFMS.xes,C:\projects\python\Anda\resources\models\RTFMS_4000_SUBSTITUTION_4.0_1_inductive.pnml,0.07089268630605405,0.999990779943057,188
C:\projects\python\Anda\Stability_Java\src\main\resources\systems\BPIC2012.xes,C:\projects\python\Anda\resources\models\BPIC2012_1000_INSERTION_0.4_1_alpha.pnml,0.09183954308511877,0.5123207110188823,37
C:\projects\python\Anda\Stability_Java\src\main\resources\systems\BPIC2012.xes,C:\projects\python\Anda\resources\models\BPIC2012_1000_INSERTION_0.4_1_heuristics.pnml,0.31159352232206095,0.9836055030938811,112
C:\projects\python\Anda\Stability_Java\src\main\resources\systems\BPIC2012.xes,C:\projects\python\Anda\resources\models\BPIC2012_1000_INSERTION_0.4_1_inductive.pnml,0.11363213823714169,0.99247533658732,138
C:\projects\python\Anda\Stability_Java\src\main\resources\systems\BPIC2012.xes,C:\projects\python\Anda\resources\models\BPIC2012_2000_ORDERING_0.4_1_alpha.pnml,0.0,0.4668416681140442,34
C:\projects\python\Anda\Stability_Java\src\main\resources\systems\BPIC2012.xes,C:\projects\python\Anda\resources\models\BPIC2012_2000_ORDERING_0.4_1_heuristics.pnml,0.29235540726656994,0.9827026113945148,110
C:\projects\python\Anda\Stability_Java\src\main\resources\systems\BPIC2012.xes,C:\projects\python\Anda\resources\models\BPIC2012_2000_ORDERING_0.4_1_inductive.pnml,0.1056630336282196,0.9777095279621694,142
C:\projects\python\Anda\Stability_Java\src\main\resources\systems\Sepsis.xes,C:\projects\python\Anda\resources\models\Sepsis_20000_SUBSTITUTION_0.2_5_alpha.pnml,0.17370646647978338,0.2070498805179985,35
C:\projects\python\Anda\Stability_Java\src\main\resources\systems\Sepsis.xes,C:\projects\python\Anda\resources\models\Sepsis_20000_SUBSTITUTION_0.2_5_heuristics.pnml,0.45856030417138893,0.8977524445799698,123
C:\projects\python\Anda\Stability_Java\src\main\resources\systems\Sepsis.xes,C:\projects\python\Anda\resources\models\Sepsis_20000_SUBSTITUTION_0.2_5_inductive.pnml,0.12773381810943174,1.0,141
C:\projects\python\Anda\Stability_Java\src\main\resources\systems\Sepsis.xes,C:\projects\python\Anda\resources\models\Sepsis_40000_MIXED_0.2_5_alpha.pnml,0.15564921620822247,0.1787223739825301,40
C:\projects\python\Anda\Stability_Java\src\main\resources\systems\Sepsis.xes,C:\projects\python\Anda\resources\models\Sepsis_40000_MIXED_0.2_5_heuristics.pnml,0.456905205793776,0.9000777795672529,128
C:\projects\python\Anda\Stability_Java\src\main\resources\systems\Sepsis.xes,C:\projects\python\Anda\resources\models\Sepsis_40000_MIXED_0.2_5_inductive.pnml,0.11329249352438475,1.0,155
C:\projects\python\Anda\Stability_Java\src\main\resources\systems\Sepsis.xes,C:\projects\python\Anda\resources\models\Sepsis_4000_ORDERING_0.2_4_alpha.pnml,0.4426422388436003,0.26588961197193384,22
C:\projects\python\Anda\Stability_Java\src\main\resources\systems\Sepsis.xes,C:\projects\python\Anda\resources\models\Sepsis_4000_ORDERING_0.2_4_heuristics.pnml,0.7811300424270995,0.8945615359840644,117
C:\projects\python\Anda\Stability_Java\src\main\resources\systems\Sepsis.xes,C:\projects\python\Anda\resources\models\Sepsis_4000_ORDERING_0.2_4_inductive.pnml,0.25762075419340746,1.0,89
C:\projects\python\Anda\Stability_Java\src\main\resources\systems\BPIC2012.xes,C:\projects\python\Anda\resources\models\BPIC2012_40000_ORDERING_0.2_3_alpha.pnml,0.0357142857142857,0.37089093988121413,38
C:\projects\python\Anda\Stability_Java\src\main\resources\systems\BPIC2012.xes,C:\projects\python\Anda\resources\models\BPIC2012_40000_ORDERING_0.2_3_heuristics.pnml,0.3602723712211344,0.9799094545170373,129
C:\projects\python\Anda\Stability_Java\src\main\resources\systems\BPIC2012.xes,C:\projects\python\Anda\resources\models\BPIC2012_40000_ORDERING_0.2_3_inductive.pnml,0.0923088417681106,0.9979284052975816,130
C:\projects\python\Anda\Stability_Java\src\main\resources\systems\BPIC2012.xes,C:\projects\python\Anda\resources\models\BPIC2012_40000_MIXED_10.0_3_alpha.pnml,0.0005319148936170359,0.09476444568980358,1024
C:\projects\python\Anda\Stability_Java\src\main\resources\systems\BPIC2012.xes,C:\projects\python\Anda\resources\models\BPIC2012_40000_MIXED_10.0_3_heuristics.pnml,0.018431818910111475,0.9760291982537612,1312
C:\projects\python\Anda\Stability_Java\src\main\resources\systems\BPIC2012.xes,C:\projects\python\Anda\resources\models\BPIC2012_40000_MIXED_10.0_3_inductive.pnml,0.004892853370394912,1.0,1373
C:\projects\python\Anda\Stability_Java\src\main\resources\systems\BPIC2012.xes,C:\projects\python\Anda\resources\models\BPIC2012_2000_ABSENCE_0.2_5_alpha.pnml,0.032258064516129004,0.5187001528195528,34
C:\projects\python\Anda\Stability_Java\src\main\resources\systems\BPIC2012.xes,C:\projects\python\Anda\resources\models\BPIC2012_2000_ABSENCE_0.2_5_heuristics.pnml,0.2948961695871287,0.9822255027715899,105
C:\projects\python\Anda\Stability_Java\src\main\resources\systems\BPIC2012.xes,C:\projects\python\Anda\resources\models\BPIC2012_2000_ABSENCE_0.2_5_inductive.pnml,0.12907101171921076,0.9671877161076365,135
C:\projects\python\Anda\Stability_Java\src\main\resources\systems\BPIC2012.xes,C:\projects\python\Anda\resources\models\BPIC2012_4000_ABSENCE_4.0_2_alpha.pnml,0.032258064516129004,0.5662690326955707,38
C:\projects\python\Anda\Stability_Java\src\main\resources\systems\BPIC2012.xes,C:\projects\python\Anda\resources\models\BPIC2012_4000_ABSENCE_4.0_2_heuristics.pnml,0.30734432257164823,0.9799849323684009,129
C:\projects\python\Anda\Stability_Java\src\main\resources\systems\BPIC2012.xes,C:\projects\python\Anda\resources\models\BPIC2012_4000_ABSENCE_4.0_2_inductive.pnml,0.09643307263619061,0.9743605212883168,147
C:\projects\python\Anda\Stability_Java\src\main\resources\systems\BPIC2012.xes,C:\projects\python\Anda\resources\models\BPIC2012_10000_MIXED_10.0_1_alpha.pnml,0.0022371364653244186,0.11043944597662853,259
C:\projects\python\Anda\Stability_Java\src\main\resources\systems\BPIC2012.xes,C:\projects\python\Anda\resources\models\BPIC2012_10000_MIXED_10.0_1_heuristics.pnml,0.06384621417297176,0.9758106241626912,419
C:\projects\python\Anda\Stability_Java\src\main\resources\systems\BPIC2012.xes,C:\projects\python\Anda\resources\models\BPIC2012_10000_MIXED_10.0_1_inductive.pnml,0.01816285548534191,1.0,524
C:\projects\python\Anda\Stability_Java\src\main\resources\systems\Sepsis.xes,C:\projects\python\Anda\resources\models\Sepsis_1000_SUBSTITUTION_2.0_4_alpha.pnml,0.24743663497005175,0.21172123971510598,30
C:\projects\python\Anda\Stability_Java\src\main\resources\systems\Sepsis.xes,C:\projects\python\Anda\resources\models\Sepsis_1000_SUBSTITUTION_2.0_4_heuristics.pnml,0.5246501789781972,0.9095822028743625,108
C:\projects\python\Anda\Stability_Java\src\main\resources\systems\Sepsis.xes,C:\projects\python\Anda\resources\models\Sepsis_1000_SUBSTITUTION_2.0_4_inductive.pnml,0.1511355449706584,0.9999869159612189,117
C:\projects\python\Anda\Stability_Java\src\main\resources\systems\RTFMS.xes,C:\projects\python\Anda\resources\models\RTFMS_100000_ORDERING_4.0_2_alpha.pnml,0.125,0.3331996452589838,19
C:\projects\python\Anda\Stability_Java\src\main\resources\systems\RTFMS.xes,C:\projects\python\Anda\resources\models\RTFMS_100000_ORDERING_4.0_2_heuristics.pnml,0.4325123709882652,0.9365600827549414,81
C:\projects\python\Anda\Stability_Java\src\main\resources\systems\RTFMS.xes,C:\projects\python\Anda\resources\models\RTFMS_100000_ORDERING_4.0_2_inductive.pnml,0.4475749884127517,1.0,70
C:\projects\python\Anda\Stability_Java\src\main\resources\systems\RTFMS.xes,C:\projects\python\Anda\resources\models\RTFMS_4000_ABSENCE_10.0_5_alpha.pnml,0.5,0.610372387251131,32
C:\projects\python\Anda\Stability_Java\src\main\resources\systems\RTFMS.xes,C:\projects\python\Anda\resources\models\RTFMS_4000_ABSENCE_10.0_5_heuristics.pnml,0.6714851862956199,0.9316573582329892,71
C:\projects\python\Anda\Stability_Java\src\main\resources\systems\RTFMS.xes,C:\projects\python\Anda\resources\models\RTFMS_4000_ABSENCE_10.0_5_inductive.pnml,0.5204544162709341,0.9999671576555049,46
C:\projects\python\Anda\Stability_Java\src\main\resources\systems\BPIC2012.xes,C:\projects\python\Anda\resources\models\BPIC2012_1000_SUBSTITUTION_2.0_3_alpha.pnml,0.020408163265306145,0.4655655623639146,47
C:\projects\python\Anda\Stability_Java\src\main\resources\systems\BPIC2012.xes,C:\projects\python\Anda\resources\models\BPIC2012_1000_SUBSTITUTION_2.0_3_heuristics.pnml,0.27185856946731823,0.9842601095472328,134
C:\projects\python\Anda\Stability_Java\src\main\resources\systems\BPIC2012.xes,C:\projects\python\Anda\resources\models\BPIC2012_1000_SUBSTITUTION_2.0_3_inductive.pnml,0.07823231643779793,0.9999726204351747,220
C:\projects\python\Anda\Stability_Java\src\main\resources\systems\BPIC2012.xes,C:\projects\python\Anda\resources\models\BPIC2012_2000_MIXED_4.0_4_alpha.pnml,0.014925373134328401,0.29242628379805446,54
C:\projects\python\Anda\Stability_Java\src\main\resources\systems\BPIC2012.xes,C:\projects\python\Anda\resources\models\BPIC2012_2000_MIXED_4.0_4_heuristics.pnml,0.2213340082856673,0.9792770298075306,132
C:\projects\python\Anda\Stability_Java\src\main\resources\systems\BPIC2012.xes,C:\projects\python\Anda\resources\models\BPIC2012_2000_MIXED_4.0_4_inductive.pnml,0.07326716799091937,0.9999690302467186,239
C:\projects\python\Anda\Stability_Java\src\main\resources\systems\Sepsis.xes,C:\projects\python\Anda\resources\models\Sepsis_20000_MIXED_1.0_3_alpha.pnml,0.056323273405123886,0.15962356026342728,72
C:\projects\python\Anda\Stability_Java\src\main\resources\systems\Sepsis.xes,C:\projects\python\Anda\resources\models\Sepsis_20000_MIXED_1.0_3_heuristics.pnml,0.2641360145123316,0.9014667112224601,170
C:\projects\python\Anda\Stability_Java\src\main\resources\systems\Sepsis.xes,C:\projects\python\Anda\resources\models\Sepsis_20000_MIXED_1.0_3_inductive.pnml,0.06795747557150378,1.0,230
C:\projects\python\Anda\Stability_Java\src\main\resources\systems\RTFMS.xes,C:\projects\python\Anda\resources\models\RTFMS_10000_ORDERING_0.4_2_alpha.pnml,0.19999999999999996,0.47945422622660827,27
C:\projects\python\Anda\Stability_Java\src\main\resources\systems\RTFMS.xes,C:\projects\python\Anda\resources\models\RTFMS_10000_ORDERING_0.4_2_heuristics.pnml,0.6713810207259989,0.9327216509627667,71
C:\projects\python\Anda\Stability_Java\src\main\resources\systems\RTFMS.xes,C:\projects\python\Anda\resources\models\RTFMS_10000_ORDERING_0.4_2_inductive.pnml,0.38140659245412456,1.0,32
C:\projects\python\Anda\Stability_Java\src\main\resources\systems\Sepsis.xes,C:\projects\python\Anda\resources\models\Sepsis_40000_ORDERING_10.0_3_alpha.pnml,0.4318026045236464,0.12824427062293997,22
C:\projects\python\Anda\Stability_Java\src\main\resources\systems\Sepsis.xes,C:\projects\python\Anda\resources\models\Sepsis_40000_ORDERING_10.0_3_heuristics.pnml,0.5519338739862758,0.8891399525744075,127
C:\projects\python\Anda\Stability_Java\src\main\resources\systems\Sepsis.xes,C:\projects\python\Anda\resources\models\Sepsis_40000_ORDERING_10.0_3_inductive.pnml,0.21600027721537163,1.0,96
C:\projects\python\Anda\Stability_Java\src\main\resources\systems\Sepsis.xes,C:\projects\python\Anda\resources\models\Sepsis_1000_MIXED_10.0_2_alpha.pnml,0.10767263427109974,0.12766543533085006,53
C:\projects\python\Anda\Stability_Java\src\main\resources\systems\Sepsis.xes,C:\projects\python\Anda\resources\models\Sepsis_1000_MIXED_10.0_2_heuristics.pnml,0.3157894736842105,0.9034664459965147,141
C:\projects\python\Anda\Stability_Java\src\main\resources\systems\Sepsis.xes,C:\projects\python\Anda\resources\models\Sepsis_1000_MIXED_10.0_2_inductive.pnml,0.09141683520030175,0.9999678438393929,206
C:\projects\python\Anda\Stability_Java\src\main\resources\systems\BPIC2012.xes,C:\projects\python\Anda\resources\models\BPIC2012_1000_INSERTION_0.1_3_alpha.pnml,0.09319523998028778,0.50827670469591,31
C:\projects\python\Anda\Stability_Java\src\main\resources\systems\BPIC2012.xes,C:\projects\python\Anda\resources\models\BPIC2012_1000_INSERTION_0.1_3_heuristics.pnml,0.31680960428053606,0.9836055030938811,110
C:\projects\python\Anda\Stability_Java\src\main\resources\systems\BPIC2012.xes,C:\projects\python\Anda\resources\models\BPIC2012_1000_INSERTION_0.1_3_inductive.pnml,0.11920915128691001,0.9924827280996145,136
C:\projects\python\Anda\Stability_Java\src\main\resources\systems\BPIC2012.xes,C:\projects\python\Anda\resources\models\BPIC2012_100000_INSERTION_0.2_1_alpha.pnml,0.025111643480785206,0.18699087904008743,121
C:\projects\python\Anda\Stability_Java\src\main\resources\systems\BPIC2012.xes,C:\projects\python\Anda\resources\models\BPIC2012_100000_INSERTION_0.2_1_heuristics.pnml,0.15194389123283414,0.9701858225593225,234
C:\projects\python\Anda\Stability_Java\src\main\resources\systems\BPIC2012.xes,C:\projects\python\Anda\resources\models\BPIC2012_100000_INSERTION_0.2_1_inductive.pnml,0.04459960901748483,1.0,341
C:\projects\python\Anda\Stability_Java\src\main\resources\systems\Sepsis.xes,C:\projects\python\Anda\resources\models\Sepsis_1000_ORDERING_0.4_2_alpha.pnml,0.3543226684819605,0.26805505089496,26
C:\projects\python\Anda\Stability_Java\src\main\resources\systems\Sepsis.xes,C:\projects\python\Anda\resources\models\Sepsis_1000_ORDERING_0.4_2_heuristics.pnml,0.6784117801735472,0.9099023866914524,98
C:\projects\python\Anda\Stability_Java\src\main\resources\systems\Sepsis.xes,C:\projects\python\Anda\resources\models\Sepsis_1000_ORDERING_0.4_2_inductive.pnml,0.2537023577637585,0.9999304494949277,89
C:\projects\python\Anda\Stability_Java\src\main\resources\systems\Sepsis.xes,C:\projects\python\Anda\resources\models\Sepsis_40000_INSERTION_4.0_4_alpha.pnml,0.004163775156141525,0.13729459348840556,770
C:\projects\python\Anda\Stability_Java\src\main\resources\systems\Sepsis.xes,C:\projects\python\Anda\resources\models\Sepsis_40000_INSERTION_4.0_4_heuristics.pnml,0.028753114378027744,0.9025215282443797,925
C:\projects\python\Anda\Stability_Java\src\main\resources\systems\Sepsis.xes,C:\projects\python\Anda\resources\models\Sepsis_40000_INSERTION_4.0_4_inductive.pnml,0.007266067561073175,1.0,978
C:\projects\python\Anda\Stability_Java\src\main\resources\systems\Sepsis.xes,C:\projects\python\Anda\resources\models\Sepsis_40000_ORDERING_1.0_2_alpha.pnml,0.3126861226920786,0.1712798931726086,25
C:\projects\python\Anda\Stability_Java\src\main\resources\systems\Sepsis.xes,C:\projects\python\Anda\resources\models\Sepsis_40000_ORDERING_1.0_2_heuristics.pnml,0.5999717527423379,0.9000777795672529,113
C:\projects\python\Anda\Stability_Java\src\main\resources\systems\Sepsis.xes,C:\projects\python\Anda\resources\models\Sepsis_40000_ORDERING_1.0_2_inductive.pnml,0.2687859840277348,1.0,91
C:\projects\python\Anda\Stability_Java\src\main\resources\systems\Sepsis.xes,C:\projects\python\Anda\resources\models\Sepsis_10000_ABSENCE_0.1_1_alpha.pnml,0.4426422388436003,0.26588961197193384,22
C:\projects\python\Anda\Stability_Java\src\main\resources\systems\Sepsis.xes,C:\projects\python\Anda\resources\models\Sepsis_10000_ABSENCE_0.1_1_heuristics.pnml,0.7044386711624564,0.897762694969453,107
C:\projects\python\Anda\Stability_Java\src\main\resources\systems\Sepsis.xes,C:\projects\python\Anda\resources\models\Sepsis_10000_ABSENCE_0.1_1_inductive.pnml,0.2475336831655084,1.0,95
C:\projects\python\Anda\Stability_Java\src\main\resources\systems\RTFMS.xes,C:\projects\python\Anda\resources\models\RTFMS_20000_ABSENCE_0.2_1_alpha.pnml,0.5,0.6297079081261633,27
C:\projects\python\Anda\Stability_Java\src\main\resources\systems\RTFMS.xes,C:\projects\python\Anda\resources\models\RTFMS_20000_ABSENCE_0.2_1_heuristics.pnml,0.6717019199834231,0.9332308906455538,63
C:\projects\python\Anda\Stability_Java\src\main\resources\systems\RTFMS.xes,C:\projects\python\Anda\resources\models\RTFMS_20000_ABSENCE_0.2_1_inductive.pnml,0.4838523894789444,0.9999990793872033,41
C:\projects\python\Anda\Stability_Java\src\main\resources\systems\BPIC2012.xes,C:\projects\python\Anda\resources\models\BPIC2012_100000_ORDERING_4.0_4_alpha.pnml,0.0,0.17945688117184289,49
C:\projects\python\Anda\Stability_Java\src\main\resources\systems\BPIC2012.xes,C:\projects\python\Anda\resources\models\BPIC2012_100000_ORDERING_4.0_4_heuristics.pnml,0.29020627927752407,0.9801971569874398,177
C:\projects\python\Anda\Stability_Java\src\main\resources\systems\BPIC2012.xes,C:\projects\python\Anda\resources\models\BPIC2012_100000_ORDERING_4.0_4_inductive.pnml,0.09495185484118407,1.0,110
C:\projects\python\Anda\Stability_Java\src\main\resources\systems\RTFMS.xes,C:\projects\python\Anda\resources\models\RTFMS_100000_INSERTION_10.0_5_alpha.pnml,0.00012709710218605785,0.42189049701264947,4492
C:\projects\python\Anda\Stability_Java\src\main\resources\systems\RTFMS.xes,C:\projects\python\Anda\resources\models\RTFMS_100000_INSERTION_10.0_5_heuristics.pnml,0.0014059205371753647,0.9457152047490913,4858
C:\projects\python\Anda\Stability_Java\src\main\resources\systems\RTFMS.xes,C:\projects\python\Anda\resources\models\RTFMS_100000_INSERTION_10.0_5_inductive.pnml,0.001896230428183654,1.0,4657
C:\projects\python\Anda\Stability_Java\src\main\resources\systems\BPIC2012.xes,C:\projects\python\Anda\resources\models\BPIC2012_10000_ABSENCE_4.0_5_alpha.pnml,0.032258064516129004,0.5563406368294225,38
C:\projects\python\Anda\Stability_Java\src\main\resources\systems\BPIC2012.xes,C:\projects\python\Anda\resources\models\BPIC2012_10000_ABSENCE_4.0_5_heuristics.pnml,0.3078578584769137,0.9753570747177376,129
C:\projects\python\Anda\Stability_Java\src\main\resources\systems\BPIC2012.xes,C:\projects\python\Anda\resources\models\BPIC2012_10000_ABSENCE_4.0_5_inductive.pnml,0.09280374845493766,0.9480275332484122,117
C:\projects\python\Anda\Stability_Java\src\main\resources\systems\Sepsis.xes,C:\projects\python\Anda\resources\models\Sepsis_10000_MIXED_0.2_1_alpha.pnml,0.25853718349580035,0.24062016126146718,29
C:\projects\python\Anda\Stability_Java\src\main\resources\systems\Sepsis.xes,C:\projects\python\Anda\resources\models\Sepsis_10000_MIXED_0.2_1_heuristics.pnml,0.6091778202676864,0.9010379692907391,115
C:\projects\python\Anda\Stability_Java\src\main\resources\systems\Sepsis.xes,C:\projects\python\Anda\resources\models\Sepsis_10000_MIXED_0.2_1_inductive.pnml,0.17031975194043414,1.0,113
C:\projects\python\Anda\Stability_Java\src\main\resources\systems\RTFMS.xes,C:\projects\python\Anda\resources\models\RTFMS_2000_INSERTION_2.0_1_alpha.pnml,0.09204719267190264,0.5254009917463541,41
C:\projects\python\Anda\Stability_Java\src\main\resources\systems\RTFMS.xes,C:\projects\python\Anda\resources\models\RTFMS_2000_INSERTION_2.0_1_heuristics.pnml,0.21514055865278103,0.9459552196668821,94
C:\projects\python\Anda\Stability_Java\src\main\resources\systems\RTFMS.xes,C:\projects\python\Anda\resources\models\RTFMS_2000_INSERTION_2.0_1_inductive.pnml,0.199557669901946,0.9999891659093637,110
C:\projects\python\Anda\Stability_Java\src\main\resources\systems\Sepsis.xes,C:\projects\python\Anda\resources\models\Sepsis_4000_SUBSTITUTION_1.0_1_alpha.pnml,0.11979422654739669,0.19750679984467,44
C:\projects\python\Anda\Stability_Java\src\main\resources\systems\Sepsis.xes,C:\projects\python\Anda\resources\models\Sepsis_4000_SUBSTITUTION_1.0_1_heuristics.pnml,0.4092801693719125,0.8944778640256559,141
C:\projects\python\Anda\Stability_Java\src\main\resources\systems\Sepsis.xes,C:\projects\python\Anda\resources\models\Sepsis_4000_SUBSTITUTION_1.0_1_inductive.pnml,0.11174219430441557,1.0,172
C:\projects\python\Anda\Stability_Java\src\main\resources\systems\RTFMS.xes,C:\projects\python\Anda\resources\models\RTFMS_40000_SUBSTITUTION_10.0_5_alpha.pnml,0.0003306878306877925,0.4217879600893756,1846
C:\projects\python\Anda\Stability_Java\src\main\resources\systems\RTFMS.xes,C:\projects\python\Anda\resources\models\RTFMS_40000_SUBSTITUTION_10.0_5_heuristics.pnml,0.003241810798257916,0.9363034052305075,2084
C:\projects\python\Anda\Stability_Java\src\main\resources\systems\RTFMS.xes,C:\projects\python\Anda\resources\models\RTFMS_40000_SUBSTITUTION_10.0_5_inductive.pnml,0.004137024713522064,1.0,2001
C:\projects\python\Anda\Stability_Java\src\main\resources\systems\RTFMS.xes,C:\projects\python\Anda\resources\models\RTFMS_1000_SUBSTITUTION_0.4_1_alpha.pnml,0.39383201175211857,0.6701017450999343,26
C:\projects\python\Anda\Stability_Java\src\main\resources\systems\RTFMS.xes,C:\projects\python\Anda\resources\models\RTFMS_1000_SUBSTITUTION_0.4_1_heuristics.pnml,0.6975083372228763,0.9334967508818047,56
C:\projects\python\Anda\Stability_Java\src\main\resources\systems\RTFMS.xes,C:\projects\python\Anda\resources\models\RTFMS_1000_SUBSTITUTION_0.4_1_inductive.pnml,0.36502789759814225,0.9998763747066013,70
C:\projects\python\Anda\Stability_Java\src\main\resources\systems\RTFMS.xes,C:\projects\python\Anda\resources\models\RTFMS_100000_ABSENCE_2.0_4_alpha.pnml,0.2857115715456878,0.6406532187867311,26
C:\projects\python\Anda\Stability_Java\src\main\resources\systems\RTFMS.xes,C:\projects\python\Anda\resources\models\RTFMS_100000_ABSENCE_2.0_4_heuristics.pnml,0.6953094930462181,0.9320823101270764,77
C:\projects\python\Anda\Stability_Java\src\main\resources\systems\RTFMS.xes,C:\projects\python\Anda\resources\models\RTFMS_100000_ABSENCE_2.0_4_inductive.pnml,0.4145973973050794,0.9999988107496045,64
C:\projects\python\Anda\Stability_Java\src\main\resources\systems\Sepsis.xes,C:\projects\python\Anda\resources\models\Sepsis_4000_ORDERING_1.0_4_alpha.pnml,0.4426422388436003,0.23273742064628217,24
C:\projects\python\Anda\Stability_Java\src\main\resources\systems\Sepsis.xes,C:\projects\python\Anda\resources\models\Sepsis_4000_ORDERING_1.0_4_heuristics.pnml,0.7295427385370149,0.8891175229217356,120
C:\projects\python\Anda\Stability_Java\src\main\resources\systems\Sepsis.xes,C:\projects\python\Anda\resources\models\Sepsis_4000_ORDERING_1.0_4_inductive.pnml,0.30465124442728264,1.0,93
C:\projects\python\Anda\Stability_Java\src\main\resources\systems\Sepsis.xes,C:\projects\python\Anda\resources\models\Sepsis_100000_MIXED_2.0_2_alpha.pnml,0.006535947712418277,0.13111101326080138,489
C:\projects\python\Anda\Stability_Java\src\main\resources\systems\Sepsis.xes,C:\projects\python\Anda\resources\models\Sepsis_100000_MIXED_2.0_2_heuristics.pnml,0.04584533407029012,0.8956272669996098,637
C:\projects\python\Anda\Stability_Java\src\main\resources\systems\Sepsis.xes,C:\projects\python\Anda\resources\models\Sepsis_100000_MIXED_2.0_2_inductive.pnml,0.010127208639668983,1.0,698
C:\projects\python\Anda\Stability_Java\src\main\resources\systems\RTFMS.xes,C:\projects\python\Anda\resources\models\RTFMS_20000_INSERTION_4.0_2_alpha.pnml,0.0014858841010401136,0.422674698308034,394
C:\projects\python\Anda\Stability_Java\src\main\resources\systems\RTFMS.xes,C:\projects\python\Anda\resources\models\RTFMS_20000_INSERTION_4.0_2_heuristics.pnml,0.013329173085526724,0.9449585381534893,489
C:\projects\python\Anda\Stability_Java\src\main\resources\systems\RTFMS.xes,C:\projects\python\Anda\resources\models\RTFMS_20000_INSERTION_4.0_2_inductive.pnml,0.02054660863600699,1.0,525
C:\projects\python\Anda\Stability_Java\src\main\resources\systems\RTFMS.xes,C:\projects\python\Anda\resources\models\RTFMS_1000_SUBSTITUTION_1.0_4_alpha.pnml,0.1428571428571429,0.5968013962820855,36
C:\projects\python\Anda\Stability_Java\src\main\resources\systems\RTFMS.xes,C:\projects\python\Anda\resources\models\RTFMS_1000_SUBSTITUTION_1.0_4_heuristics.pnml,0.3667020526855791,0.9241913551179664,65
C:\projects\python\Anda\Stability_Java\src\main\resources\systems\RTFMS.xes,C:\projects\python\Anda\resources\models\RTFMS_1000_SUBSTITUTION_1.0_4_inductive.pnml,0.2650832431125034,0.999875099824501,72
C:\projects\python\Anda\Stability_Java\src\main\resources\systems\RTFMS.xes,C:\projects\python\Anda\resources\models\RTFMS_4000_INSERTION_0.4_5_alpha.pnml,0.11118207868323549,0.498980694795463,31
C:\projects\python\Anda\Stability_Java\src\main\resources\systems\RTFMS.xes,C:\projects\python\Anda\resources\models\RTFMS_4000_INSERTION_0.4_5_heuristics.pnml,0.3753011021808611,0.9431527961400863,80
C:\projects\python\Anda\Stability_Java\src\main\resources\systems\RTFMS.xes,C:\projects\python\Anda\resources\models\RTFMS_4000_INSERTION_0.4_5_inductive.pnml,0.2858533329014741,0.9999944639187636,67
C:\projects\python\Anda\Stability_Java\src\main\resources\systems\RTFMS.xes,C:\projects\python\Anda\resources\models\RTFMS_100000_MIXED_4.0_5_alpha.pnml,0.0006242197253433224,0.41925456537891526,931
C:\projects\python\Anda\Stability_Java\src\main\resources\systems\RTFMS.xes,C:\projects\python\Anda\resources\models\RTFMS_100000_MIXED_4.0_5_heuristics.pnml,0.008343457810390142,0.9455008748334162,1052
C:\projects\python\Anda\Stability_Java\src\main\resources\systems\RTFMS.xes,C:\projects\python\Anda\resources\models\RTFMS_100000_MIXED_4.0_5_inductive.pnml,0.007117214672421768,1.0,1069
C:\projects\python\Anda\Stability_Java\src\main\resources\systems\RTFMS.xes,C:\projects\python\Anda\resources\models\RTFMS_2000_SUBSTITUTION_2.0_1_alpha.pnml,0.02564102564102566,0.5182322525262499,36
C:\projects\python\Anda\Stability_Java\src\main\resources\systems\RTFMS.xes,C:\projects\python\Anda\resources\models\RTFMS_2000_SUBSTITUTION_2.0_1_heuristics.pnml,0.16553272175039935,0.9302753692770354,95
C:\projects\python\Anda\Stability_Java\src\main\resources\systems\RTFMS.xes,C:\projects\python\Anda\resources\models\RTFMS_2000_SUBSTITUTION_2.0_1_inductive.pnml,0.18475922547958457,0.9999842917121967,127
C:\projects\python\Anda\Stability_Java\src\main\resources\systems\RTFMS.xes,C:\projects\python\Anda\resources\models\RTFMS_10000_ABSENCE_0.1_1_alpha.pnml,0.5,0.48512564684892784,32
C:\projects\python\Anda\Stability_Java\src\main\resources\systems\RTFMS.xes,C:\projects\python\Anda\resources\models\RTFMS_10000_ABSENCE_0.1_1_heuristics.pnml,0.6713810207259989,0.9326862596807455,67
C:\projects\python\Anda\Stability_Java\src\main\resources\systems\RTFMS.xes,C:\projects\python\Anda\resources\models\RTFMS_10000_ABSENCE_0.1_1_inductive.pnml,0.37554792702748174,0.9999926814151399,49
C:\projects\python\Anda\Stability_Java\src\main\resources\systems\RTFMS.xes,C:\projects\python\Anda\resources\models\RTFMS_4000_MIXED_0.1_1_alpha.pnml,0.40015218800131735,0.5672882072332008,28
C:\projects\python\Anda\Stability_Java\src\main\resources\systems\RTFMS.xes,C:\projects\python\Anda\resources\models\RTFMS_4000_MIXED_0.1_1_heuristics.pnml,0.7338862178055015,0.9315285577208817,69
C:\projects\python\Anda\Stability_Java\src\main\resources\systems\RTFMS.xes,C:\projects\python\Anda\resources\models\RTFMS_4000_MIXED_0.1_1_inductive.pnml,0.4510143344488432,0.9999519807091268,68
C:\projects\python\Anda\Stability_Java\src\main\resources\systems\Sepsis.xes,C:\projects\python\Anda\resources\models\Sepsis_4000_ORDERING_4.0_3_alpha.pnml,0.44227696964601027,0.1690719241524931,23
C:\projects\python\Anda\Stability_Java\src\main\resources\systems\Sepsis.xes,C:\projects\python\Anda\resources\models\Sepsis_4000_ORDERING_4.0_3_heuristics.pnml,0.7295427385370149,0.891847184552695,121
C:\projects\python\Anda\Stability_Java\src\main\resources\systems\Sepsis.xes,C:\projects\python\Anda\resources\models\Sepsis_4000_ORDERING_4.0_3_inductive.pnml,0.2726913450138322,1.0,95
C:\projects\python\Anda\Stability_Java\src\main\resources\systems\BPIC2012.xes,C:\projects\python\Anda\resources\models\BPIC2012_40000_ORDERING_2.0_4_alpha.pnml,0.0,0.20145257535706657,39
C:\projects\python\Anda\Stability_Java\src\main\resources\systems\BPIC2012.xes,C:\projects\python\Anda\resources\models\BPIC2012_40000_ORDERING_2.0_4_heuristics.pnml,0.28361003067811574,0.9787539511287757,149
C:\projects\python\Anda\Stability_Java\src\main\resources\systems\BPIC2012.xes,C:\projects\python\Anda\resources\models\BPIC2012_40000_ORDERING_2.0_4_inductive.pnml,0.09722818970745783,0.999137706253252,119
C:\projects\python\Anda\Stability_Java\src\main\resources\systems\RTFMS.xes,C:\projects\python\Anda\resources\models\RTFMS_20000_MIXED_2.0_1_alpha.pnml,0.0060975609756097615,0.44368018274953164,111
C:\projects\python\Anda\Stability_Java\src\main\resources\systems\RTFMS.xes,C:\projects\python\Anda\resources\models\RTFMS_20000_MIXED_2.0_1_heuristics.pnml,0.06195387511573747,0.9454135902244529,188
C:\projects\python\Anda\Stability_Java\src\main\resources\systems\RTFMS.xes,C:\projects\python\Anda\resources\models\RTFMS_20000_MIXED_2.0_1_inductive.pnml,0.056119545682733696,0.9999996352236107,234
C:\projects\python\Anda\Stability_Java\src\main\resources\systems\RTFMS.xes,C:\projects\python\Anda\resources\models\RTFMS_2000_SUBSTITUTION_2.0_4_alpha.pnml,0.027027027027026973,0.49208267621130297,37
C:\projects\python\Anda\Stability_Java\src\main\resources\systems\RTFMS.xes,C:\projects\python\Anda\resources\models\RTFMS_2000_SUBSTITUTION_2.0_4_heuristics.pnml,0.16737528668737478,0.9360096337252054,101
C:\projects\python\Anda\Stability_Java\src\main\resources\systems\RTFMS.xes,C:\projects\python\Anda\resources\models\RTFMS_2000_SUBSTITUTION_2.0_4_inductive.pnml,0.2014897831576744,0.9999781618151067,124
C:\projects\python\Anda\Stability_Java\src\main\resources\systems\Sepsis.xes,C:\projects\python\Anda\resources\models\Sepsis_10000_SUBSTITUTION_2.0_4_alpha.pnml,0.03575274079874702,0.14540314358290513,115
C:\projects\python\Anda\Stability_Java\src\main\resources\systems\Sepsis.xes,C:\projects\python\Anda\resources\models\Sepsis_10000_SUBSTITUTION_2.0_4_heuristics.pnml,0.17777620296222807,0.8912666750998605,212
C:\projects\python\Anda\Stability_Java\src\main\resources\systems\Sepsis.xes,C:\projects\python\Anda\resources\models\Sepsis_10000_SUBSTITUTION_2.0_4_inductive.pnml,0.04387835857892608,1.0,288
C:\projects\python\Anda\Stability_Java\src\main\resources\systems\Sepsis.xes,C:\projects\python\Anda\resources\models\Sepsis_100000_ORDERING_1.0_2_alpha.pnml,0.3845590389686493,0.16360678484221175,24
C:\projects\python\Anda\Stability_Java\src\main\resources\systems\Sepsis.xes,C:\projects\python\Anda\resources\models\Sepsis_100000_ORDERING_1.0_2_heuristics.pnml,0.5717105558297071,0.8928724868636881,116
C:\projects\python\Anda\Stability_Java\src\main\resources\systems\Sepsis.xes,C:\projects\python\Anda\resources\models\Sepsis_100000_ORDERING_1.0_2_inductive.pnml,0.24788086143196275,1.0,90
C:\projects\python\Anda\Stability_Java\src\main\resources\systems\Sepsis.xes,C:\projects\python\Anda\resources\models\Sepsis_4000_ORDERING_0.1_3_alpha.pnml,0.4426422388436003,0.26588961197193384,22
C:\projects\python\Anda\Stability_Java\src\main\resources\systems\Sepsis.xes,C:\projects\python\Anda\resources\models\Sepsis_4000_ORDERING_0.1_3_heuristics.pnml,0.7811300424270995,0.8945615359840644,117
C:\projects\python\Anda\Stability_Java\src\main\resources\systems\Sepsis.xes,C:\projects\python\Anda\resources\models\Sepsis_4000_ORDERING_0.1_3_inductive.pnml,0.25762075419340746,1.0,89
C:\projects\python\Anda\Stability_Java\src\main\resources\systems\Sepsis.xes,C:\projects\python\Anda\resources\models\Sepsis_2000_MIXED_1.0_4_alpha.pnml,0.2238070460041015,0.1617267071614244,30
C:\projects\python\Anda\Stability_Java\src\main\resources\systems\Sepsis.xes,C:\projects\python\Anda\resources\models\Sepsis_2000_MIXED_1.0_4_heuristics.pnml,0.5639708001152627,0.9000179910447854,122
C:\projects\python\Anda\Stability_Java\src\main\resources\systems\Sepsis.xes,C:\projects\python\Anda\resources\models\Sepsis_2000_MIXED_1.0_4_inductive.pnml,0.21051993227344834,1.0,137
C:\projects\python\Anda\Stability_Java\src\main\resources\systems\BPIC2012.xes,C:\projects\python\Anda\resources\models\BPIC2012_100000_ORDERING_2.0_5_alpha.pnml,0.0,0.14255882225292726,44
C:\projects\python\Anda\Stability_Java\src\main\resources\systems\BPIC2012.xes,C:\projects\python\Anda\resources\models\BPIC2012_100000_ORDERING_2.0_5_heuristics.pnml,0.3011860066630223,0.9751998829908872,166
C:\projects\python\Anda\Stability_Java\src\main\resources\systems\BPIC2012.xes,C:\projects\python\Anda\resources\models\BPIC2012_100000_ORDERING_2.0_5_inductive.pnml,0.08898677109424946,1.0,90
C:\projects\python\Anda\Stability_Java\src\main\resources\systems\RTFMS.xes,C:\projects\python\Anda\resources\models\RTFMS_2000_ABSENCE_0.2_4_alpha.pnml,0.6670924720994127,0.6482830535816577,28
C:\projects\python\Anda\Stability_Java\src\main\resources\systems\RTFMS.xes,C:\projects\python\Anda\resources\models\RTFMS_2000_ABSENCE_0.2_4_heuristics.pnml,0.8198903689844932,0.9326686588256515,67
C:\projects\python\Anda\Stability_Java\src\main\resources\systems\RTFMS.xes,C:\projects\python\Anda\resources\models\RTFMS_2000_ABSENCE_0.2_4_inductive.pnml,0.5931059286118363,0.9999074627006657,57
C:\projects\python\Anda\Stability_Java\src\main\resources\systems\Sepsis.xes,C:\projects\python\Anda\resources\models\Sepsis_40000_ORDERING_4.0_5_alpha.pnml,0.41306058221872544,0.13713773048628913,22
C:\projects\python\Anda\Stability_Java\src\main\resources\systems\Sepsis.xes,C:\projects\python\Anda\resources\models\Sepsis_40000_ORDERING_4.0_5_heuristics.pnml,0.523365868086365,0.8896100175512272,125
C:\projects\python\Anda\Stability_Java\src\main\resources\systems\Sepsis.xes,C:\projects\python\Anda\resources\models\Sepsis_40000_ORDERING_4.0_5_inductive.pnml,0.2550394852295993,1.0,91
C:\projects\python\Anda\Stability_Java\src\main\resources\systems\BPIC2012.xes,C:\projects\python\Anda\resources\models\BPIC2012_20000_ABSENCE_2.0_5_alpha.pnml,0.032258064516129004,0.5563406368294225,38
C:\projects\python\Anda\Stability_Java\src\main\resources\systems\BPIC2012.xes,C:\projects\python\Anda\resources\models\BPIC2012_20000_ABSENCE_2.0_5_heuristics.pnml,0.3078578584769137,0.9753573308362281,132
C:\projects\python\Anda\Stability_Java\src\main\resources\systems\BPIC2012.xes,C:\projects\python\Anda\resources\models\BPIC2012_20000_ABSENCE_2.0_5_inductive.pnml,0.11545749864645372,0.9902137521444345,107
C:\projects\python\Anda\Stability_Java\src\main\resources\systems\RTFMS.xes,C:\projects\python\Anda\resources\models\RTFMS_4000_SUBSTITUTION_4.0_3_alpha.pnml,0.008264462809917328,0.4752338818828236,92
C:\projects\python\Anda\Stability_Java\src\main\resources\systems\RTFMS.xes,C:\projects\python\Anda\resources\models\RTFMS_4000_SUBSTITUTION_4.0_3_heuristics.pnml,0.05560476409258819,0.9357750165918308,180
C:\projects\python\Anda\Stability_Java\src\main\resources\systems\RTFMS.xes,C:\projects\python\Anda\resources\models\RTFMS_4000_SUBSTITUTION_4.0_3_inductive.pnml,0.07650668075398037,0.99999128499462,186
C:\projects\python\Anda\Stability_Java\src\main\resources\systems\BPIC2012.xes,C:\projects\python\Anda\resources\models\BPIC2012_2000_ABSENCE_0.4_3_alpha.pnml,0.032258064516129004,0.5100489109305218,34
C:\projects\python\Anda\Stability_Java\src\main\resources\systems\BPIC2012.xes,C:\projects\python\Anda\resources\models\BPIC2012_2000_ABSENCE_0.4_3_heuristics.pnml,0.2948961695871287,0.9822255027715899,106
C:\projects\python\Anda\Stability_Java\src\main\resources\systems\BPIC2012.xes,C:\projects\python\Anda\resources\models\BPIC2012_2000_ABSENCE_0.4_3_inductive.pnml,0.10445951778696605,0.9674207156821671,139
C:\projects\python\Anda\Stability_Java\src\main\resources\systems\RTFMS.xes,C:\projects\python\Anda\resources\models\RTFMS_1000_INSERTION_0.1_3_alpha.pnml,0.0,0.6263038705912294,29
C:\projects\python\Anda\Stability_Java\src\main\resources\systems\RTFMS.xes,C:\projects\python\Anda\resources\models\RTFMS_1000_INSERTION_0.1_3_heuristics.pnml,0.8202574488478702,0.9376410565930972,55
C:\projects\python\Anda\Stability_Java\src\main\resources\systems\RTFMS.xes,C:\projects\python\Anda\resources\models\RTFMS_1000_INSERTION_0.1_3_inductive.pnml,0.6738158502342009,0.9998128087740992,50
C:\projects\python\Anda\Stability_Java\src\main\resources\systems\Sepsis.xes,C:\projects\python\Anda\resources\models\Sepsis_10000_MIXED_10.0_4_alpha.pnml,0.012658227848101222,0.12923975814145539,266
C:\projects\python\Anda\Stability_Java\src\main\resources\systems\Sepsis.xes,C:\projects\python\Anda\resources\models\Sepsis_10000_MIXED_10.0_4_heuristics.pnml,0.07423644906863569,0.8961281687932994,398
C:\projects\python\Anda\Stability_Java\src\main\resources\systems\Sepsis.xes,C:\projects\python\Anda\resources\models\Sepsis_10000_MIXED_10.0_4_inductive.pnml,0.01924017322064553,1.0,451
C:\projects\python\Anda\Stability_Java\src\main\resources\systems\Sepsis.xes,C:\projects\python\Anda\resources\models\Sepsis_10000_MIXED_0.2_5_alpha.pnml,0.3462804476629362,0.18876258870879947,24
C:\projects\python\Anda\Stability_Java\src\main\resources\systems\Sepsis.xes,C:\projects\python\Anda\resources\models\Sepsis_10000_MIXED_0.2_5_heuristics.pnml,0.6092651909929723,0.897762694969453,112
C:\projects\python\Anda\Stability_Java\src\main\resources\systems\Sepsis.xes,C:\projects\python\Anda\resources\models\Sepsis_10000_MIXED_0.2_5_inductive.pnml,0.1675975934388897,1.0,109
C:\projects\python\Anda\Stability_Java\src\main\resources\systems\RTFMS.xes,C:\projects\python\Anda\resources\models\RTFMS_10000_SUBSTITUTION_0.1_1_alpha.pnml,0.18181730244885674,0.44274456219320374,34
C:\projects\python\Anda\Stability_Java\src\main\resources\systems\RTFMS.xes,C:\projects\python\Anda\resources\models\RTFMS_10000_SUBSTITUTION_0.1_1_heuristics.pnml,0.3844129179225966,0.9255408269161709,70
C:\projects\python\Anda\Stability_Java\src\main\resources\systems\RTFMS.xes,C:\projects\python\Anda\resources\models\RTFMS_10000_SUBSTITUTION_0.1_1_inductive.pnml,0.2757346034700786,0.9999944648112483,54
C:\projects\python\Anda\Stability_Java\src\main\resources\systems\RTFMS.xes,C:\projects\python\Anda\resources\models\RTFMS_1000_ABSENCE_0.1_5_alpha.pnml,0.6670924720994127,0.6452197745607429,27
C:\projects\python\Anda\Stability_Java\src\main\resources\systems\RTFMS.xes,C:\projects\python\Anda\resources\models\RTFMS_1000_ABSENCE_0.1_5_heuristics.pnml,0.8202574488478702,0.9239562599612221,55
C:\projects\python\Anda\Stability_Java\src\main\resources\systems\RTFMS.xes,C:\projects\python\Anda\resources\models\RTFMS_1000_ABSENCE_0.1_5_inductive.pnml,0.5953037662622959,0.9998128087740992,50
C:\projects\python\Anda\Stability_Java\src\main\resources\systems\Sepsis.xes,C:\projects\python\Anda\resources\models\Sepsis_10000_ABSENCE_0.1_2_alpha.pnml,0.44411590774689536,0.25309060879378503,22
C:\projects\python\Anda\Stability_Java\src\main\resources\systems\Sepsis.xes,C:\projects\python\Anda\resources\models\Sepsis_10000_ABSENCE_0.1_2_heuristics.pnml,0.6792115665782206,0.895241978721937,108
C:\projects\python\Anda\Stability_Java\src\main\resources\systems\Sepsis.xes,C:\projects\python\Anda\resources\models\Sepsis_10000_ABSENCE_0.1_2_inductive.pnml,0.24663821609247383,1.0,94
C:\projects\python\Anda\Stability_Java\src\main\resources\systems\BPIC2012.xes,C:\projects\python\Anda\resources\models\BPIC2012_40000_ABSENCE_2.0_1_alpha.pnml,0.032258064516129004,0.563414538505251,38
C:\projects\python\Anda\Stability_Java\src\main\resources\systems\BPIC2012.xes,C:\projects\python\Anda\resources\models\BPIC2012_40000_ABSENCE_2.0_1_heuristics.pnml,0.3621057139415892,0.9731834708825502,135
C:\projects\python\Anda\Stability_Java\src\main\resources\systems\BPIC2012.xes,C:\projects\python\Anda\resources\models\BPIC2012_40000_ABSENCE_2.0_1_inductive.pnml,0.11555249331607864,0.9910439085742351,111
C:\projects\python\Anda\Stability_Java\src\main\resources\systems\Sepsis.xes,C:\projects\python\Anda\resources\models\Sepsis_40000_ORDERING_10.0_1_alpha.pnml,0.400495852007247,0.11471694277111344,26
C:\projects\python\Anda\Stability_Java\src\main\resources\systems\Sepsis.xes,C:\projects\python\Anda\resources\models\Sepsis_40000_ORDERING_10.0_1_heuristics.pnml,0.49760967379077614,0.8911033011219515,131
C:\projects\python\Anda\Stability_Java\src\main\resources\systems\Sepsis.xes,C:\projects\python\Anda\resources\models\Sepsis_40000_ORDERING_10.0_1_inductive.pnml,0.2154265429752107,1.0,108
C:\projects\python\Anda\Stability_Java\src\main\resources\systems\BPIC2012.xes,C:\projects\python\Anda\resources\models\BPIC2012_40000_MIXED_1.0_5_alpha.pnml,0.005376344086021501,0.2263745325460788,146
C:\projects\python\Anda\Stability_Java\src\main\resources\systems\BPIC2012.xes,C:\projects\python\Anda\resources\models\BPIC2012_40000_MIXED_1.0_5_heuristics.pnml,0.14566927214804237,0.9766495476229926,274
C:\projects\python\Anda\Stability_Java\src\main\resources\systems\BPIC2012.xes,C:\projects\python\Anda\resources\models\BPIC2012_40000_MIXED_1.0_5_inductive.pnml,0.030042037518700493,1.0,428
C:\projects\python\Anda\Stability_Java\src\main\resources\systems\BPIC2012.xes,C:\projects\python\Anda\resources\models\BPIC2012_40000_SUBSTITUTION_10.0_5_alpha.pnml,0.0002619172341540299,0.09507895396440802,2054
C:\projects\python\Anda\Stability_Java\src\main\resources\systems\BPIC2012.xes,C:\projects\python\Anda\resources\models\BPIC2012_40000_SUBSTITUTION_10.0_5_heuristics.pnml,0.009466047712466952,0.9852604689461758,2440
C:\projects\python\Anda\Stability_Java\src\main\resources\systems\BPIC2012.xes,C:\projects\python\Anda\resources\models\BPIC2012_40000_SUBSTITUTION_10.0_5_inductive.pnml,0.00257956373480539,1.0,2419
C:\projects\python\Anda\Stability_Java\src\main\resources\systems\Sepsis.xes,C:\projects\python\Anda\resources\models\Sepsis_40000_MIXED_0.2_4_alpha.pnml,0.13572264645226018,0.2027277123275022,42
C:\projects\python\Anda\Stability_Java\src\main\resources\systems\Sepsis.xes,C:\projects\python\Anda\resources\models\Sepsis_40000_MIXED_0.2_4_heuristics.pnml,0.4072216008947116,0.8932754362093287,136
C:\projects\python\Anda\Stability_Java\src\main\resources\systems\Sepsis.xes,C:\projects\python\Anda\resources\models\Sepsis_40000_MIXED_0.2_4_inductive.pnml,0.10657964160787914,1.0,182
C:\projects\python\Anda\Stability_Java\src\main\resources\systems\Sepsis.xes,C:\projects\python\Anda\resources\models\Sepsis_100000_ORDERING_2.0_5_alpha.pnml,0.41306058221872544,0.1364404926601106,21
C:\projects\python\Anda\Stability_Java\src\main\resources\systems\Sepsis.xes,C:\projects\python\Anda\resources\models\Sepsis_100000_ORDERING_2.0_5_heuristics.pnml,0.49679472181928785,0.8898029480808844,128
C:\projects\python\Anda\Stability_Java\src\main\resources\systems\Sepsis.xes,C:\projects\python\Anda\resources\models\Sepsis_100000_ORDERING_2.0_5_inductive.pnml,0.231769102769257,1.0,105
C:\projects\python\Anda\Stability_Java\src\main\resources\systems\Sepsis.xes,C:\projects\python\Anda\resources\models\Sepsis_40000_INSERTION_0.2_2_alpha.pnml,0.06418219461697727,0.1462342169925312,58
C:\projects\python\Anda\Stability_Java\src\main\resources\systems\Sepsis.xes,C:\projects\python\Anda\resources\models\Sepsis_40000_INSERTION_0.2_2_heuristics.pnml,0.33458478825907745,0.895843694425452,162
C:\projects\python\Anda\Stability_Java\src\main\resources\systems\Sepsis.xes,C:\projects\python\Anda\resources\models\Sepsis_40000_INSERTION_0.2_2_inductive.pnml,0.07904003885767275,1.0,204
C:\projects\python\Anda\Stability_Java\src\main\resources\systems\BPIC2012.xes,C:\projects\python\Anda\resources\models\BPIC2012_1000_SUBSTITUTION_0.1_2_alpha.pnml,0.10502453133720147,0.5586479208127507,34
C:\projects\python\Anda\Stability_Java\src\main\resources\systems\BPIC2012.xes,C:\projects\python\Anda\resources\models\BPIC2012_1000_SUBSTITUTION_0.1_2_heuristics.pnml,0.31680960428053606,0.9836055030938811,110
C:\projects\python\Anda\Stability_Java\src\main\resources\systems\BPIC2012.xes,C:\projects\python\Anda\resources\models\BPIC2012_1000_SUBSTITUTION_0.1_2_inductive.pnml,0.11942584566005221,0.9924366182679252,133
C:\projects\python\Anda\Stability_Java\src\main\resources\systems\Sepsis.xes,C:\projects\python\Anda\resources\models\Sepsis_40000_MIXED_0.1_4_alpha.pnml,0.1978676192022515,0.2338267966470432,33
C:\projects\python\Anda\Stability_Java\src\main\resources\systems\Sepsis.xes,C:\projects\python\Anda\resources\models\Sepsis_40000_MIXED_0.1_4_heuristics.pnml,0.5243581303489138,0.8932754362093287,122
C:\projects\python\Anda\Stability_Java\src\main\resources\systems\Sepsis.xes,C:\projects\python\Anda\resources\models\Sepsis_40000_MIXED_0.1_4_inductive.pnml,0.148453846755783,1.0,156
C:\projects\python\Anda\Stability_Java\src\main\resources\systems\Sepsis.xes,C:\projects\python\Anda\resources\models\Sepsis_10000_ORDERING_2.0_5_alpha.pnml,0.49481621112158336,0.2188293309635464,25
C:\projects\python\Anda\Stability_Java\src\main\resources\systems\Sepsis.xes,C:\projects\python\Anda\resources\models\Sepsis_10000_ORDERING_2.0_5_heuristics.pnml,0.5838007258330584,0.8953125626747228,121
C:\projects\python\Anda\Stability_Java\src\main\resources\systems\Sepsis.xes,C:\projects\python\Anda\resources\models\Sepsis_10000_ORDERING_2.0_5_inductive.pnml,0.29719868012103456,1.0,92
C:\projects\python\Anda\Stability_Java\src\main\resources\systems\RTFMS.xes,C:\projects\python\Anda\resources\models\RTFMS_40000_SUBSTITUTION_1.0_2_alpha.pnml,0.002865329512893977,0.42629854286111013,229
C:\projects\python\Anda\Stability_Java\src\main\resources\systems\RTFMS.xes,C:\projects\python\Anda\resources\models\RTFMS_40000_SUBSTITUTION_1.0_2_heuristics.pnml,0.021623895105784663,0.9312217096020624,303
C:\projects\python\Anda\Stability_Java\src\main\resources\systems\RTFMS.xes,C:\projects\python\Anda\resources\models\RTFMS_40000_SUBSTITUTION_1.0_2_inductive.pnml,0.029736808107039825,0.9999994129720268,332
C:\projects\python\Anda\Stability_Java\src\main\resources\systems\RTFMS.xes,C:\projects\python\Anda\resources\models\RTFMS_2000_ORDERING_0.2_3_alpha.pnml,0.6670924720994127,0.6331416974246241,27
C:\projects\python\Anda\Stability_Java\src\main\resources\systems\RTFMS.xes,C:\projects\python\Anda\resources\models\RTFMS_2000_ORDERING_0.2_3_heuristics.pnml,0.8198903689844932,0.9326630317220035,67
C:\projects\python\Anda\Stability_Java\src\main\resources\systems\RTFMS.xes,C:\projects\python\Anda\resources\models\RTFMS_2000_ORDERING_0.2_3_inductive.pnml,0.41061291647701137,0.9999377764065183,50
C:\projects\python\Anda\Stability_Java\src\main\resources\systems\Sepsis.xes,C:\projects\python\Anda\resources\models\Sepsis_1000_SUBSTITUTION_2.0_1_alpha.pnml,0.17360748373616985,0.1738232882627172,33
C:\projects\python\Anda\Stability_Java\src\main\resources\systems\Sepsis.xes,C:\projects\python\Anda\resources\models\Sepsis_1000_SUBSTITUTION_2.0_1_heuristics.pnml,0.4695452725088288,0.9113983566476249,112
C:\projects\python\Anda\Stability_Java\src\main\resources\systems\Sepsis.xes,C:\projects\python\Anda\resources\models\Sepsis_1000_SUBSTITUTION_2.0_1_inductive.pnml,0.16834767303171716,0.9999648138087487,148
C:\projects\python\Anda\Stability_Java\src\main\resources\systems\BPIC2012.xes,C:\projects\python\Anda\resources\models\BPIC2012_20000_ORDERING_0.2_4_alpha.pnml,0.03448275862068961,0.3124590694044712,33
C:\projects\python\Anda\Stability_Java\src\main\resources\systems\BPIC2012.xes,C:\projects\python\Anda\resources\models\BPIC2012_20000_ORDERING_0.2_4_heuristics.pnml,0.26834937299688477,0.9798526870946707,128
C:\projects\python\Anda\Stability_Java\src\main\resources\systems\BPIC2012.xes,C:\projects\python\Anda\resources\models\BPIC2012_20000_ORDERING_0.2_4_inductive.pnml,0.13493266481067667,0.9929403371631796,117
C:\projects\python\Anda\Stability_Java\src\main\resources\systems\RTFMS.xes,C:\projects\python\Anda\resources\models\RTFMS_20000_INSERTION_4.0_1_alpha.pnml,0.0015673981191222097,0.422482580355136,370
C:\projects\python\Anda\Stability_Java\src\main\resources\systems\RTFMS.xes,C:\projects\python\Anda\resources\models\RTFMS_20000_INSERTION_4.0_1_heuristics.pnml,0.018774769513730916,0.9451534291543829,448
C:\projects\python\Anda\Stability_Java\src\main\resources\systems\RTFMS.xes,C:\projects\python\Anda\resources\models\RTFMS_20000_INSERTION_4.0_1_inductive.pnml,0.022187503618893434,1.0,508
C:\projects\python\Anda\Stability_Java\src\main\resources\systems\RTFMS.xes,C:\projects\python\Anda\resources\models\RTFMS_4000_SUBSTITUTION_1.0_5_alpha.pnml,0.033333333333333326,0.4272171875415552,36
C:\projects\python\Anda\Stability_Java\src\main\resources\systems\RTFMS.xes,C:\projects\python\Anda\resources\models\RTFMS_4000_SUBSTITUTION_1.0_5_heuristics.pnml,0.22428005701591358,0.9317193621779358,95
C:\projects\python\Anda\Stability_Java\src\main\resources\systems\RTFMS.xes,C:\projects\python\Anda\resources\models\RTFMS_4000_SUBSTITUTION_1.0_5_inductive.pnml,0.19115485844711644,0.9999847482701997,115
C:\projects\python\Anda\Stability_Java\src\main\resources\systems\Sepsis.xes,C:\projects\python\Anda\resources\models\Sepsis_40000_ABSENCE_10.0_3_alpha.pnml,0.4897388059701493,0.2478320647764068,22
C:\projects\python\Anda\Stability_Java\src\main\resources\systems\Sepsis.xes,C:\projects\python\Anda\resources\models\Sepsis_40000_ABSENCE_10.0_3_heuristics.pnml,0.6862627073301231,0.8864341278686684,114
C:\projects\python\Anda\Stability_Java\src\main\resources\systems\Sepsis.xes,C:\projects\python\Anda\resources\models\Sepsis_40000_ABSENCE_10.0_3_inductive.pnml,0.24474159496539272,1.0,96
C:\projects\python\Anda\Stability_Java\src\main\resources\systems\RTFMS.xes,C:\projects\python\Anda\resources\models\RTFMS_20000_ABSENCE_0.4_4_alpha.pnml,0.5,0.6297079081261633,27
C:\projects\python\Anda\Stability_Java\src\main\resources\systems\RTFMS.xes,C:\projects\python\Anda\resources\models\RTFMS_20000_ABSENCE_0.4_4_heuristics.pnml,0.6717019199834231,0.9276387436477234,63
C:\projects\python\Anda\Stability_Java\src\main\resources\systems\RTFMS.xes,C:\projects\python\Anda\resources\models\RTFMS_20000_ABSENCE_0.4_4_inductive.pnml,0.4838523894789444,0.9999990793872033,41
C:\projects\python\Anda\Stability_Java\src\main\resources\systems\Sepsis.xes,C:\projects\python\Anda\resources\models\Sepsis_1000_ORDERING_4.0_3_alpha.pnml,0.3552828902522154,0.2127389387178596,23
C:\projects\python\Anda\Stability_Java\src\main\resources\systems\Sepsis.xes,C:\projects\python\Anda\resources\models\Sepsis_1000_ORDERING_4.0_3_heuristics.pnml,0.6861733255306698,0.9095822028743625,99
C:\projects\python\Anda\Stability_Java\src\main\resources\systems\Sepsis.xes,C:\projects\python\Anda\resources\models\Sepsis_1000_ORDERING_4.0_3_inductive.pnml,0.24271569227346057,0.9999345465814194,94
C:\projects\python\Anda\Stability_Java\src\main\resources\systems\RTFMS.xes,C:\projects\python\Anda\resources\models\RTFMS_40000_ABSENCE_0.4_3_alpha.pnml,0.6666400686229528,0.61203114371204,28
C:\projects\python\Anda\Stability_Java\src\main\resources\systems\RTFMS.xes,C:\projects\python\Anda\resources\models\RTFMS_40000_ABSENCE_0.4_3_heuristics.pnml,0.6717919365037832,0.9263880889410188,66
C:\projects\python\Anda\Stability_Java\src\main\resources\systems\RTFMS.xes,C:\projects\python\Anda\resources\models\RTFMS_40000_ABSENCE_0.4_3_inductive.pnml,0.4145916015660531,1.0,63
C:\projects\python\Anda\Stability_Java\src\main\resources\systems\Sepsis.xes,C:\projects\python\Anda\resources\models\Sepsis_20000_MIXED_2.0_5_alpha.pnml,0.026620288208986986,0.12674181248334804,111
C:\projects\python\Anda\Stability_Java\src\main\resources\systems\Sepsis.xes,C:\projects\python\Anda\resources\models\Sepsis_20000_MIXED_2.0_5_heuristics.pnml,0.17986027803260174,0.8993697352662229,220
C:\projects\python\Anda\Stability_Java\src\main\resources\systems\Sepsis.xes,C:\projects\python\Anda\resources\models\Sepsis_20000_MIXED_2.0_5_inductive.pnml,0.040314876239224584,1.0,291
C:\projects\python\Anda\Stability_Java\src\main\resources\systems\Sepsis.xes,C:\projects\python\Anda\resources\models\Sepsis_20000_INSERTION_10.0_1_alpha.pnml,0.00335008375209378,0.1291195277914412,938
C:\projects\python\Anda\Stability_Java\src\main\resources\systems\Sepsis.xes,C:\projects\python\Anda\resources\models\Sepsis_20000_INSERTION_10.0_1_heuristics.pnml,0.025377742528103098,0.8962266283763747,1106
C:\projects\python\Anda\Stability_Java\src\main\resources\systems\Sepsis.xes,C:\projects\python\Anda\resources\models\Sepsis_20000_INSERTION_10.0_1_inductive.pnml,0.0056752373580816196,1.0,1158
C:\projects\python\Anda\Stability_Java\src\main\resources\systems\BPIC2012.xes,C:\projects\python\Anda\resources\models\BPIC2012_1000_SUBSTITUTION_0.2_4_alpha.pnml,0.10688970390721764,0.5955126834720906,32
C:\projects\python\Anda\Stability_Java\src\main\resources\systems\BPIC2012.xes,C:\projects\python\Anda\resources\models\BPIC2012_1000_SUBSTITUTION_0.2_4_heuristics.pnml,0.31680960428053606,0.9836055030938811,110
C:\projects\python\Anda\Stability_Java\src\main\resources\systems\BPIC2012.xes,C:\projects\python\Anda\resources\models\BPIC2012_1000_SUBSTITUTION_0.2_4_inductive.pnml,0.11119100210781252,0.9926158645832708,141
C:\projects\python\Anda\Stability_Java\src\main\resources\systems\Sepsis.xes,C:\projects\python\Anda\resources\models\Sepsis_10000_MIXED_2.0_4_alpha.pnml,0.08346282162606833,0.1411117393693106,59
C:\projects\python\Anda\Stability_Java\src\main\resources\systems\Sepsis.xes,C:\projects\python\Anda\resources\models\Sepsis_10000_MIXED_2.0_4_heuristics.pnml,0.29351432046887094,0.8830165021159114,164
C:\projects\python\Anda\Stability_Java\src\main\resources\systems\Sepsis.xes,C:\projects\python\Anda\resources\models\Sepsis_10000_MIXED_2.0_4_inductive.pnml,0.08225070688030156,1.0,215
C:\projects\python\Anda\Stability_Java\src\main\resources\systems\RTFMS.xes,C:\projects\python\Anda\resources\models\RTFMS_100000_MIXED_0.1_5_alpha.pnml,0.04761903254019473,0.4724606991440368,33
C:\projects\python\Anda\Stability_Java\src\main\resources\systems\RTFMS.xes,C:\projects\python\Anda\resources\models\RTFMS_100000_MIXED_0.1_5_heuristics.pnml,0.22096407682495223,0.9436891107005025,102
C:\projects\python\Anda\Stability_Java\src\main\resources\systems\RTFMS.xes,C:\projects\python\Anda\resources\models\RTFMS_100000_MIXED_0.1_5_inductive.pnml,0.18160675952862337,0.9999998099005685,143
C:\projects\python\Anda\Stability_Java\src\main\resources\systems\RTFMS.xes,C:\projects\python\Anda\resources\models\RTFMS_10000_ABSENCE_0.2_1_alpha.pnml,0.5,0.48512564684892784,32
C:\projects\python\Anda\Stability_Java\src\main\resources\systems\RTFMS.xes,C:\projects\python\Anda\resources\models\RTFMS_10000_ABSENCE_0.2_1_heuristics.pnml,0.6717019199834231,0.9328526186567132,64
C:\projects\python\Anda\Stability_Java\src\main\resources\systems\RTFMS.xes,C:\projects\python\Anda\resources\models\RTFMS_10000_ABSENCE_0.2_1_inductive.pnml,0.37554792702748174,0.9999926814151399,49
C:\projects\python\Anda\Stability_Java\src\main\resources\systems\RTFMS.xes,C:\projects\python\Anda\resources\models\RTFMS_10000_MIXED_1.0_2_alpha.pnml,0.025000000000000022,0.4125865361435972,45
C:\projects\python\Anda\Stability_Java\src\main\resources\systems\RTFMS.xes,C:\projects\python\Anda\resources\models\RTFMS_10000_MIXED_1.0_2_heuristics.pnml,0.1509150790651662,0.9428574086388417,107
C:\projects\python\Anda\Stability_Java\src\main\resources\systems\RTFMS.xes,C:\projects\python\Anda\resources\models\RTFMS_10000_MIXED_1.0_2_inductive.pnml,0.17701786126580243,0.9999919361706605,127
C:\projects\python\Anda\Stability_Java\src\main\resources\systems\BPIC2012.xes,C:\projects\python\Anda\resources\models\BPIC2012_2000_MIXED_0.2_2_alpha.pnml,0.02941176470588236,0.5187001528195528,36
C:\projects\python\Anda\Stability_Java\src\main\resources\systems\BPIC2012.xes,C:\projects\python\Anda\resources\models\BPIC2012_2000_MIXED_0.2_2_heuristics.pnml,0.283020852054805,0.9827026113945148,109
C:\projects\python\Anda\Stability_Java\src\main\resources\systems\BPIC2012.xes,C:\projects\python\Anda\resources\models\BPIC2012_2000_MIXED_0.2_2_inductive.pnml,0.11208775764149204,0.9949314352867039,149
C:\projects\python\Anda\Stability_Java\src\main\resources\systems\RTFMS.xes,C:\projects\python\Anda\resources\models\RTFMS_10000_ABSENCE_0.1_4_alpha.pnml,0.5,0.5122667854368947,31
C:\projects\python\Anda\Stability_Java\src\main\resources\systems\RTFMS.xes,C:\projects\python\Anda\resources\models\RTFMS_10000_ABSENCE_0.1_4_heuristics.pnml,0.6714910114552295,0.932819469412596,67
C:\projects\python\Anda\Stability_Java\src\main\resources\systems\RTFMS.xes,C:\projects\python\Anda\resources\models\RTFMS_10000_ABSENCE_0.1_4_inductive.pnml,0.5835209600594295,0.9999761543244431,40
C:\projects\python\Anda\Stability_Java\src\main\resources\systems\RTFMS.xes,C:\projects\python\Anda\resources\models\RTFMS_4000_MIXED_1.0_1_alpha.pnml,0.0,0.44285732345275153,36
C:\projects\python\Anda\Stability_Java\src\main\resources\systems\RTFMS.xes,C:\projects\python\Anda\resources\models\RTFMS_4000_MIXED_1.0_1_heuristics.pnml,0.2215572256789261,0.9452027735193442,92
C:\projects\python\Anda\Stability_Java\src\main\resources\systems\RTFMS.xes,C:\projects\python\Anda\resources\models\RTFMS_4000_MIXED_1.0_1_inductive.pnml,0.23287286541553498,0.9999761179840799,108
C:\projects\python\Anda\Stability_Java\src\main\resources\systems\RTFMS.xes,C:\projects\python\Anda\resources\models\RTFMS_10000_MIXED_4.0_1_alpha.pnml,0.006134969325153339,0.44370330397824403,112
C:\projects\python\Anda\Stability_Java\src\main\resources\systems\RTFMS.xes,C:\projects\python\Anda\resources\models\RTFMS_10000_MIXED_4.0_1_heuristics.pnml,0.06577737125190031,0.9452045018914544,200
C:\projects\python\Anda\Stability_Java\src\main\resources\systems\RTFMS.xes,C:\projects\python\Anda\resources\models\RTFMS_10000_MIXED_4.0_1_inductive.pnml,0.056119545682733696,0.9999996352236107,234
C:\projects\python\Anda\Stability_Java\src\main\resources\systems\Sepsis.xes,C:\projects\python\Anda\resources\models\Sepsis_40000_INSERTION_0.4_2_alpha.pnml,0.037281407574294656,0.13876855787694575,94
C:\projects\python\Anda\Stability_Java\src\main\resources\systems\Sepsis.xes,C:\projects\python\Anda\resources\models\Sepsis_40000_INSERTION_0.4_2_heuristics.pnml,0.2133426856831112,0.9002861619109996,202
C:\projects\python\Anda\Stability_Java\src\main\resources\systems\Sepsis.xes,C:\projects\python\Anda\resources\models\Sepsis_40000_INSERTION_0.4_2_inductive.pnml,0.04971221283945437,1.0,255
C:\projects\python\Anda\Stability_Java\src\main\resources\systems\RTFMS.xes,C:\projects\python\Anda\resources\models\RTFMS_1000_SUBSTITUTION_2.0_2_alpha.pnml,0.04347826086956519,0.480682747034781,31
C:\projects\python\Anda\Stability_Java\src\main\resources\systems\RTFMS.xes,C:\projects\python\Anda\resources\models\RTFMS_1000_SUBSTITUTION_2.0_2_heuristics.pnml,0.26953155644842475,0.9292375165539809,76
C:\projects\python\Anda\Stability_Java\src\main\resources\systems\RTFMS.xes,C:\projects\python\Anda\resources\models\RTFMS_1000_SUBSTITUTION_2.0_2_inductive.pnml,0.22302656817350497,0.9999026171338419,92
C:\projects\python\Anda\Stability_Java\src\main\resources\systems\RTFMS.xes,C:\projects\python\Anda\resources\models\RTFMS_10000_MIXED_10.0_1_alpha.pnml,0.0023866348448687846,0.4221948630258311,265
C:\projects\python\Anda\Stability_Java\src\main\resources\systems\RTFMS.xes,C:\projects\python\Anda\resources\models\RTFMS_10000_MIXED_10.0_1_heuristics.pnml,0.02301659246187926,0.9453545194543783,360
C:\projects\python\Anda\Stability_Java\src\main\resources\systems\RTFMS.xes,C:\projects\python\Anda\resources\models\RTFMS_10000_MIXED_10.0_1_inductive.pnml,0.025403234322719848,0.9999996648128021,387
C:\projects\python\Anda\Stability_Java\src\main\resources\systems\RTFMS.xes,C:\projects\python\Anda\resources\models\RTFMS_2000_ABSENCE_10.0_3_alpha.pnml,0.5,0.650145429779796,30
C:\projects\python\Anda\Stability_Java\src\main\resources\systems\RTFMS.xes,C:\projects\python\Anda\resources\models\RTFMS_2000_ABSENCE_10.0_3_heuristics.pnml,0.695163356109642,0.9271343965713701,70
C:\projects\python\Anda\Stability_Java\src\main\resources\systems\RTFMS.xes,C:\projects\python\Anda\resources\models\RTFMS_2000_ABSENCE_10.0_3_inductive.pnml,0.41463714712576183,0.9999126037865962,59
C:\projects\python\Anda\Stability_Java\src\main\resources\systems\Sepsis.xes,C:\projects\python\Anda\resources\models\Sepsis_20000_ABSENCE_1.0_5_alpha.pnml,0.4426422388436003,0.26588961197193384,22
C:\projects\python\Anda\Stability_Java\src\main\resources\systems\Sepsis.xes,C:\projects\python\Anda\resources\models\Sepsis_20000_ABSENCE_1.0_5_heuristics.pnml,0.7033112582781457,0.8973853605493712,107
C:\projects\python\Anda\Stability_Java\src\main\resources\systems\Sepsis.xes,C:\projects\python\Anda\resources\models\Sepsis_20000_ABSENCE_1.0_5_inductive.pnml,0.2475336831655084,1.0,95
C:\projects\python\Anda\Stability_Java\src\main\resources\systems\RTFMS.xes,C:\projects\python\Anda\resources\models\RTFMS_10000_INSERTION_2.0_4_alpha.pnml,0.012121128587408658,0.45345878012018853,106
C:\projects\python\Anda\Stability_Java\src\main\resources\systems\RTFMS.xes,C:\projects\python\Anda\resources\models\RTFMS_10000_INSERTION_2.0_4_heuristics.pnml,0.048680377927935004,0.9463432453681586,183
C:\projects\python\Anda\Stability_Java\src\main\resources\systems\RTFMS.xes,C:\projects\python\Anda\resources\models\RTFMS_10000_INSERTION_2.0_4_inductive.pnml,0.06920007544597562,0.9999986283597593,216
C:\projects\python\Anda\Stability_Java\src\main\resources\systems\RTFMS.xes,C:\projects\python\Anda\resources\models\RTFMS_4000_SUBSTITUTION_10.0_3_alpha.pnml,0.0031055900621117516,0.42300303902041825,212
C:\projects\python\Anda\Stability_Java\src\main\resources\systems\RTFMS.xes,C:\projects\python\Anda\resources\models\RTFMS_4000_SUBSTITUTION_10.0_3_heuristics.pnml,0.023277553159077313,0.931946852792751,320
C:\projects\python\Anda\Stability_Java\src\main\resources\systems\RTFMS.xes,C:\projects\python\Anda\resources\models\RTFMS_4000_SUBSTITUTION_10.0_3_inductive.pnml,0.03224683598319933,1.0,327
C:\projects\python\Anda\Stability_Java\src\main\resources\systems\RTFMS.xes,C:\projects\python\Anda\resources\models\RTFMS_1000_INSERTION_0.4_5_alpha.pnml,0.28579138208868304,0.5498295184835749,28
C:\projects\python\Anda\Stability_Java\src\main\resources\systems\RTFMS.xes,C:\projects\python\Anda\resources\models\RTFMS_1000_INSERTION_0.4_5_heuristics.pnml,0.6490470497482537,0.939432960140508,59
C:\projects\python\Anda\Stability_Java\src\main\resources\systems\RTFMS.xes,C:\projects\python\Anda\resources\models\RTFMS_1000_INSERTION_0.4_5_inductive.pnml,0.40331456964749457,0.9998539066222657,64
C:\projects\python\Anda\Stability_Java\src\main\resources\systems\Sepsis.xes,C:\projects\python\Anda\resources\models\Sepsis_2000_INSERTION_4.0_3_alpha.pnml,0.0737067053747833,0.15988059276782335,56
C:\projects\python\Anda\Stability_Java\src\main\resources\systems\Sepsis.xes,C:\projects\python\Anda\resources\models\Sepsis_2000_INSERTION_4.0_3_heuristics.pnml,0.3037528659345964,0.904024343307972,161
C:\projects\python\Anda\Stability_Java\src\main\resources\systems\Sepsis.xes,C:\projects\python\Anda\resources\models\Sepsis_2000_INSERTION_4.0_3_inductive.pnml,0.0785605101734006,1.0,221
C:\projects\python\Anda\Stability_Java\src\main\resources\systems\RTFMS.xes,C:\projects\python\Anda\resources\models\RTFMS_100000_ORDERING_1.0_1_alpha.pnml,0.0,0.27719155321801325,22
C:\projects\python\Anda\Stability_Java\src\main\resources\systems\RTFMS.xes,C:\projects\python\Anda\resources\models\RTFMS_100000_ORDERING_1.0_1_heuristics.pnml,0.42222965189845807,0.9391902722881019,84
C:\projects\python\Anda\Stability_Java\src\main\resources\systems\RTFMS.xes,C:\projects\python\Anda\resources\models\RTFMS_100000_ORDERING_1.0_1_inductive.pnml,0.41459033128873835,1.0,66
C:\projects\python\Anda\Stability_Java\src\main\resources\systems\BPIC2012.xes,C:\projects\python\Anda\resources\models\BPIC2012_4000_SUBSTITUTION_2.0_5_alpha.pnml,0.00877192982456143,0.39586286702165724,79
C:\projects\python\Anda\Stability_Java\src\main\resources\systems\BPIC2012.xes,C:\projects\python\Anda\resources\models\BPIC2012_4000_SUBSTITUTION_2.0_5_heuristics.pnml,0.16913170066640337,0.9784003500731053,181
C:\projects\python\Anda\Stability_Java\src\main\resources\systems\BPIC2012.xes,C:\projects\python\Anda\resources\models\BPIC2012_4000_SUBSTITUTION_2.0_5_inductive.pnml,0.05230990313501127,0.99997301495347,258
C:\projects\python\Anda\Stability_Java\src\main\resources\systems\Sepsis.xes,C:\projects\python\Anda\resources\models\Sepsis_2000_ORDERING_0.4_2_alpha.pnml,0.3255047383601154,0.2500482340766631,25
C:\projects\python\Anda\Stability_Java\src\main\resources\systems\Sepsis.xes,C:\projects\python\Anda\resources\models\Sepsis_2000_ORDERING_0.4_2_heuristics.pnml,0.7073244187447296,0.9138685353783417,111
C:\projects\python\Anda\Stability_Java\src\main\resources\systems\Sepsis.xes,C:\projects\python\Anda\resources\models\Sepsis_2000_ORDERING_0.4_2_inductive.pnml,0.25194440755475234,1.0,88
C:\projects\python\Anda\Stability_Java\src\main\resources\systems\Sepsis.xes,C:\projects\python\Anda\resources\models\Sepsis_100000_SUBSTITUTION_4.0_2_alpha.pnml,0.0016939582156973998,0.1291195277914412,1869
C:\projects\python\Anda\Stability_Java\src\main\resources\systems\Sepsis.xes,C:\projects\python\Anda\resources\models\Sepsis_100000_SUBSTITUTION_4.0_2_heuristics.pnml,0.012066212445803193,0.8949840383182571,2088
C:\projects\python\Anda\Stability_Java\src\main\resources\systems\Sepsis.xes,C:\projects\python\Anda\resources\models\Sepsis_100000_SUBSTITUTION_4.0_2_inductive.pnml,0.002747471745444874,1.0,2096
C:\projects\python\Anda\Stability_Java\src\main\resources\systems\BPIC2012.xes,C:\projects\python\Anda\resources\models\BPIC2012_100000_ORDERING_0.1_5_alpha.pnml,0.033333333333333326,0.21409730490111928,31
C:\projects\python\Anda\Stability_Java\src\main\resources\systems\BPIC2012.xes,C:\projects\python\Anda\resources\models\BPIC2012_100000_ORDERING_0.1_5_heuristics.pnml,0.25648984729254865,0.9739030862908621,133
C:\projects\python\Anda\Stability_Java\src\main\resources\systems\BPIC2012.xes,C:\projects\python\Anda\resources\models\BPIC2012_100000_ORDERING_0.1_5_inductive.pnml,0.10291319463617898,0.9973014077454938,121
C:\projects\python\Anda\Stability_Java\src\main\resources\systems\RTFMS.xes,C:\projects\python\Anda\resources\models\RTFMS_10000_MIXED_0.2_4_alpha.pnml,0.1428571428571429,0.5241901186058766,30
C:\projects\python\Anda\Stability_Java\src\main\resources\systems\RTFMS.xes,C:\projects\python\Anda\resources\models\RTFMS_10000_MIXED_0.2_4_heuristics.pnml,0.5048976548832609,0.9360382910261678,73
C:\projects\python\Anda\Stability_Java\src\main\resources\systems\RTFMS.xes,C:\projects\python\Anda\resources\models\RTFMS_10000_MIXED_0.2_4_inductive.pnml,0.3703523882549338,0.999984801834593,60
C:\projects\python\Anda\Stability_Java\src\main\resources\systems\BPIC2012.xes,C:\projects\python\Anda\resources\models\BPIC2012_40000_ORDERING_4.0_1_alpha.pnml,0.0,0.24678455544273326,55
C:\projects\python\Anda\Stability_Java\src\main\resources\systems\BPIC2012.xes,C:\projects\python\Anda\resources\models\BPIC2012_40000_ORDERING_4.0_1_heuristics.pnml,0.3231840824488911,0.977071759530834,159
C:\projects\python\Anda\Stability_Java\src\main\resources\systems\BPIC2012.xes,C:\projects\python\Anda\resources\models\BPIC2012_40000_ORDERING_4.0_1_inductive.pnml,0.10420016916170627,0.9971548819199012,161
C:\projects\python\Anda\Stability_Java\src\main\resources\systems\Sepsis.xes,C:\projects\python\Anda\resources\models\Sepsis_10000_ORDERING_2.0_2_alpha.pnml,0.27622989969750045,0.2249828246771517,27
C:\projects\python\Anda\Stability_Java\src\main\resources\systems\Sepsis.xes,C:\projects\python\Anda\resources\models\Sepsis_10000_ORDERING_2.0_2_heuristics.pnml,0.7380952380952381,0.8908079609156747,116
C:\projects\python\Anda\Stability_Java\src\main\resources\systems\Sepsis.xes,C:\projects\python\Anda\resources\models\Sepsis_10000_ORDERING_2.0_2_inductive.pnml,0.268789312069734,1.0,91
C:\projects\python\Anda\Stability_Java\src\main\resources\systems\RTFMS.xes,C:\projects\python\Anda\resources\models\RTFMS_20000_ORDERING_4.0_5_alpha.pnml,0.39999787192726244,0.3010982491985363,22
C:\projects\python\Anda\Stability_Java\src\main\resources\systems\RTFMS.xes,C:\projects\python\Anda\resources\models\RTFMS_20000_ORDERING_4.0_5_heuristics.pnml,0.449991447530968,0.9374398518491042,73
C:\projects\python\Anda\Stability_Java\src\main\resources\systems\RTFMS.xes,C:\projects\python\Anda\resources\models\RTFMS_20000_ORDERING_4.0_5_inductive.pnml,0.41577537873295733,0.9999990612676204,62
C:\projects\python\Anda\Stability_Java\src\main\resources\systems\BPIC2012.xes,C:\projects\python\Anda\resources\models\BPIC2012_4000_INSERTION_4.0_5_alpha.pnml,0.026441702008610957,0.2877279582223486,110
C:\projects\python\Anda\Stability_Java\src\main\resources\systems\BPIC2012.xes,C:\projects\python\Anda\resources\models\BPIC2012_4000_INSERTION_4.0_5_heuristics.pnml,0.15243327010303254,0.9736823199480912,227
C:\projects\python\Anda\Stability_Java\src\main\resources\systems\BPIC2012.xes,C:\projects\python\Anda\resources\models\BPIC2012_4000_INSERTION_4.0_5_inductive.pnml,0.045808102779340776,1.0,263
C:\projects\python\Anda\Stability_Java\src\main\resources\systems\RTFMS.xes,C:\projects\python\Anda\resources\models\RTFMS_1000_ORDERING_0.1_1_alpha.pnml,0.8835244774006253,0.6907467361910582,28
C:\projects\python\Anda\Stability_Java\src\main\resources\systems\RTFMS.xes,C:\projects\python\Anda\resources\models\RTFMS_1000_ORDERING_0.1_1_heuristics.pnml,0.9954366694077896,0.9158026519749201,52
C:\projects\python\Anda\Stability_Java\src\main\resources\systems\RTFMS.xes,C:\projects\python\Anda\resources\models\RTFMS_1000_ORDERING_0.1_1_inductive.pnml,0.6368693685730586,0.9998320884962454,53
C:\projects\python\Anda\Stability_Java\src\main\resources\systems\Sepsis.xes,C:\projects\python\Anda\resources\models\Sepsis_10000_MIXED_0.2_4_alpha.pnml,0.22371118249961752,0.2226212562216497,30
C:\projects\python\Anda\Stability_Java\src\main\resources\systems\Sepsis.xes,C:\projects\python\Anda\resources\models\Sepsis_10000_MIXED_0.2_4_heuristics.pnml,0.5708398656215006,0.8943481799271027,118
C:\projects\python\Anda\Stability_Java\src\main\resources\systems\Sepsis.xes,C:\projects\python\Anda\resources\models\Sepsis_10000_MIXED_0.2_4_inductive.pnml,0.21051993227344834,1.0,137
C:\projects\python\Anda\Stability_Java\src\main\resources\systems\Sepsis.xes,C:\projects\python\Anda\resources\models\Sepsis_10000_SUBSTITUTION_0.2_3_alpha.pnml,0.1936179981634527,0.12898687966423011,36
C:\projects\python\Anda\Stability_Java\src\main\resources\systems\Sepsis.xes,C:\projects\python\Anda\resources\models\Sepsis_10000_SUBSTITUTION_0.2_3_heuristics.pnml,0.510945393312485,0.8943481799271027,124
C:\projects\python\Anda\Stability_Java\src\main\resources\systems\Sepsis.xes,C:\projects\python\Anda\resources\models\Sepsis_10000_SUBSTITUTION_0.2_3_inductive.pnml,0.138347590632669,1.0,131
C:\projects\python\Anda\Stability_Java\src\main\resources\systems\Sepsis.xes,C:\projects\python\Anda\resources\models\Sepsis_4000_MIXED_0.2_4_alpha.pnml,0.2775900687141718,0.2022514985834658,24
C:\projects\python\Anda\Stability_Java\src\main\resources\systems\Sepsis.xes,C:\projects\python\Anda\resources\models\Sepsis_4000_MIXED_0.2_4_heuristics.pnml,0.7193178294573643,0.8946487278340816,120
C:\projects\python\Anda\Stability_Java\src\main\resources\systems\Sepsis.xes,C:\projects\python\Anda\resources\models\Sepsis_4000_MIXED_0.2_4_inductive.pnml,0.22124775661068996,1.0,109
C:\projects\python\Anda\Stability_Java\src\main\resources\systems\RTFMS.xes,C:\projects\python\Anda\resources\models\RTFMS_1000_MIXED_2.0_4_alpha.pnml,0.1428571428571429,0.5318844320983878,30
C:\projects\python\Anda\Stability_Java\src\main\resources\systems\RTFMS.xes,C:\projects\python\Anda\resources\models\RTFMS_1000_MIXED_2.0_4_heuristics.pnml,0.535094490010467,0.9383443780419491,67
C:\projects\python\Anda\Stability_Java\src\main\resources\systems\RTFMS.xes,C:\projects\python\Anda\resources\models\RTFMS_1000_MIXED_2.0_4_inductive.pnml,0.34271518858171424,0.9998832363459456,76
C:\projects\python\Anda\Stability_Java\src\main\resources\systems\Sepsis.xes,C:\projects\python\Anda\resources\models\Sepsis_4000_MIXED_1.0_2_alpha.pnml,0.26698208854342687,0.22139783280218495,41
C:\projects\python\Anda\Stability_Java\src\main\resources\systems\Sepsis.xes,C:\projects\python\Anda\resources\models\Sepsis_4000_MIXED_1.0_2_heuristics.pnml,0.4612111813590998,0.8942574955241658,137
C:\projects\python\Anda\Stability_Java\src\main\resources\systems\Sepsis.xes,C:\projects\python\Anda\resources\models\Sepsis_4000_MIXED_1.0_2_inductive.pnml,0.15865489505912467,1.0,164
C:\projects\python\Anda\Stability_Java\src\main\resources\systems\RTFMS.xes,C:\projects\python\Anda\resources\models\RTFMS_100000_ORDERING_0.1_3_alpha.pnml,0.20000305894385306,0.3137087034335352,20
C:\projects\python\Anda\Stability_Java\src\main\resources\systems\RTFMS.xes,C:\projects\python\Anda\resources\models\RTFMS_100000_ORDERING_0.1_3_heuristics.pnml,0.5050730968302197,0.9393733162020828,83
C:\projects\python\Anda\Stability_Java\src\main\resources\systems\RTFMS.xes,C:\projects\python\Anda\resources\models\RTFMS_100000_ORDERING_0.1_3_inductive.pnml,0.41459199376181055,0.9999994328018982,70
C:\projects\python\Anda\Stability_Java\src\main\resources\systems\Sepsis.xes,C:\projects\python\Anda\resources\models\Sepsis_4000_ABSENCE_4.0_2_alpha.pnml,0.44411590774689536,0.25309060879378503,22
C:\projects\python\Anda\Stability_Java\src\main\resources\systems\Sepsis.xes,C:\projects\python\Anda\resources\models\Sepsis_4000_ABSENCE_4.0_2_heuristics.pnml,0.7295427385370149,0.8856196503602701,118
C:\projects\python\Anda\Stability_Java\src\main\resources\systems\Sepsis.xes,C:\projects\python\Anda\resources\models\Sepsis_4000_ABSENCE_4.0_2_inductive.pnml,0.2475336831655084,1.0,95
C:\projects\python\Anda\Stability_Java\src\main\resources\systems\Sepsis.xes,C:\projects\python\Anda\resources\models\Sepsis_10000_MIXED_4.0_2_alpha.pnml,0.03266176628393602,0.13868923049737641,124
C:\projects\python\Anda\Stability_Java\src\main\resources\systems\Sepsis.xes,C:\projects\python\Anda\resources\models\Sepsis_10000_MIXED_4.0_2_heuristics.pnml,0.1588769900140875,0.8971541244228947,229
C:\projects\python\Anda\Stability_Java\src\main\resources\systems\Sepsis.xes,C:\projects\python\Anda\resources\models\Sepsis_10000_MIXED_4.0_2_inductive.pnml,0.039367933278237066,1.0,297
C:\projects\python\Anda\Stability_Java\src\main\resources\systems\Sepsis.xes,C:\projects\python\Anda\resources\models\Sepsis_100000_SUBSTITUTION_2.0_4_alpha.pnml,0.0033057851239669533,0.12900066238596242,966
C:\projects\python\Anda\Stability_Java\src\main\resources\systems\Sepsis.xes,C:\projects\python\Anda\resources\models\Sepsis_100000_SUBSTITUTION_2.0_4_heuristics.pnml,0.022911303197227006,0.8970909179598776,1126
C:\projects\python\Anda\Stability_Java\src\main\resources\systems\Sepsis.xes,C:\projects\python\Anda\resources\models\Sepsis_100000_SUBSTITUTION_2.0_4_inductive.pnml,0.005235939467384654,1.0,1169
C:\projects\python\Anda\Stability_Java\src\main\resources\systems\BPIC2012.xes,C:\projects\python\Anda\resources\models\BPIC2012_40000_INSERTION_1.0_2_alpha.pnml,0.0027100271002710175,0.14993320840166413,215
C:\projects\python\Anda\Stability_Java\src\main\resources\systems\BPIC2012.xes,C:\projects\python\Anda\resources\models\BPIC2012_40000_INSERTION_1.0_2_heuristics.pnml,0.0832038404903569,0.9735639450770774,349
C:\projects\python\Anda\Stability_Java\src\main\resources\systems\BPIC2012.xes,C:\projects\python\Anda\resources\models\BPIC2012_40000_INSERTION_1.0_2_inductive.pnml,0.021624440905029352,1.0,463
C:\projects\python\Anda\Stability_Java\src\main\resources\systems\BPIC2012.xes,C:\projects\python\Anda\resources\models\BPIC2012_10000_INSERTION_10.0_2_alpha.pnml,0.001168224299065379,0.11977194298372507,480
C:\projects\python\Anda\Stability_Java\src\main\resources\systems\BPIC2012.xes,C:\projects\python\Anda\resources\models\BPIC2012_10000_INSERTION_10.0_2_heuristics.pnml,0.041237827662380155,0.9706537047137378,655
C:\projects\python\Anda\Stability_Java\src\main\resources\systems\BPIC2012.xes,C:\projects\python\Anda\resources\models\BPIC2012_10000_INSERTION_10.0_2_inductive.pnml,0.011764404597816247,1.0,823
C:\projects\python\Anda\Stability_Java\src\main\resources\systems\BPIC2012.xes,C:\projects\python\Anda\resources\models\BPIC2012_100000_INSERTION_4.0_4_alpha.pnml,0.00027793218454696955,0.09519153857242624,1941
C:\projects\python\Anda\Stability_Java\src\main\resources\systems\BPIC2012.xes,C:\projects\python\Anda\resources\models\BPIC2012_100000_INSERTION_4.0_4_heuristics.pnml,0.010135395682621895,0.9762202655302081,2324
C:\projects\python\Anda\Stability_Java\src\main\resources\systems\BPIC2012.xes,C:\projects\python\Anda\resources\models\BPIC2012_100000_INSERTION_4.0_4_inductive.pnml,0.002960659172471347,1.0,2294
C:\projects\python\Anda\Stability_Java\src\main\resources\systems\BPIC2012.xes,C:\projects\python\Anda\resources\models\BPIC2012_20000_ABSENCE_4.0_4_alpha.pnml,0.032258064516129004,0.563414538505251,38
C:\projects\python\Anda\Stability_Java\src\main\resources\systems\BPIC2012.xes,C:\projects\python\Anda\resources\models\BPIC2012_20000_ABSENCE_4.0_4_heuristics.pnml,0.2710131582780375,0.9761876166783812,131
C:\projects\python\Anda\Stability_Java\src\main\resources\systems\BPIC2012.xes,C:\projects\python\Anda\resources\models\BPIC2012_20000_ABSENCE_4.0_4_inductive.pnml,0.11555249331607864,0.9910439085742351,111
C:\projects\python\Anda\Stability_Java\src\main\resources\systems\Sepsis.xes,C:\projects\python\Anda\resources\models\Sepsis_20000_INSERTION_0.4_1_alpha.pnml,0.0553311363877963,0.13827065202476135,68
C:\projects\python\Anda\Stability_Java\src\main\resources\systems\Sepsis.xes,C:\projects\python\Anda\resources\models\Sepsis_20000_INSERTION_0.4_1_heuristics.pnml,0.33575719253872904,0.8968734102284976,160
C:\projects\python\Anda\Stability_Java\src\main\resources\systems\Sepsis.xes,C:\projects\python\Anda\resources\models\Sepsis_20000_INSERTION_0.4_1_inductive.pnml,0.069544123717584,1.0,207
C:\projects\python\Anda\Stability_Java\src\main\resources\systems\RTFMS.xes,C:\projects\python\Anda\resources\models\RTFMS_1000_ABSENCE_4.0_3_alpha.pnml,0.5,0.6501480868639382,30
C:\projects\python\Anda\Stability_Java\src\main\resources\systems\RTFMS.xes,C:\projects\python\Anda\resources\models\RTFMS_1000_ABSENCE_4.0_3_heuristics.pnml,0.6975083372228763,0.9350558344225312,59
C:\projects\python\Anda\Stability_Java\src\main\resources\systems\RTFMS.xes,C:\projects\python\Anda\resources\models\RTFMS_1000_ABSENCE_4.0_3_inductive.pnml,0.43119548526228957,0.9998080024779137,53
C:\projects\python\Anda\Stability_Java\src\main\resources\systems\Sepsis.xes,C:\projects\python\Anda\resources\models\Sepsis_40000_MIXED_0.1_5_alpha.pnml,0.2680937818552498,0.1789892003187024,32
C:\projects\python\Anda\Stability_Java\src\main\resources\systems\Sepsis.xes,C:\projects\python\Anda\resources\models\Sepsis_40000_MIXED_0.1_5_heuristics.pnml,0.5326868416652734,0.9000777795672529,120
C:\projects\python\Anda\Stability_Java\src\main\resources\systems\Sepsis.xes,C:\projects\python\Anda\resources\models\Sepsis_40000_MIXED_0.1_5_inductive.pnml,0.13242675914940216,1.0,117
C:\projects\python\Anda\Stability_Java\src\main\resources\systems\RTFMS.xes,C:\projects\python\Anda\resources\models\RTFMS_4000_SUBSTITUTION_0.1_5_alpha.pnml,0.6670924720994127,0.5689421709791493,33
C:\projects\python\Anda\Stability_Java\src\main\resources\systems\RTFMS.xes,C:\projects\python\Anda\resources\models\RTFMS_4000_SUBSTITUTION_0.1_5_heuristics.pnml,0.8848573012312562,0.9247008036160217,66
C:\projects\python\Anda\Stability_Java\src\main\resources\systems\RTFMS.xes,C:\projects\python\Anda\resources\models\RTFMS_4000_SUBSTITUTION_0.1_5_inductive.pnml,0.627146193873716,0.9999397945336126,47
C:\projects\python\Anda\Stability_Java\src\main\resources\systems\RTFMS.xes,C:\projects\python\Anda\resources\models\RTFMS_2000_SUBSTITUTION_0.2_2_alpha.pnml,0.5232703800439926,0.6959373295256057,31
C:\projects\python\Anda\Stability_Java\src\main\resources\systems\RTFMS.xes,C:\projects\python\Anda\resources\models\RTFMS_2000_SUBSTITUTION_0.2_2_heuristics.pnml,0.6433577891630339,0.9312504524711964,69
C:\projects\python\Anda\Stability_Java\src\main\resources\systems\RTFMS.xes,C:\projects\python\Anda\resources\models\RTFMS_2000_SUBSTITUTION_0.2_2_inductive.pnml,0.4688515072382933,0.9999122384199688,65
C:\projects\python\Anda\Stability_Java\src\main\resources\systems\BPIC2012.xes,C:\projects\python\Anda\resources\models\BPIC2012_40000_ABSENCE_2.0_2_alpha.pnml,0.032258064516129004,0.5646138595431062,38
C:\projects\python\Anda\Stability_Java\src\main\resources\systems\BPIC2012.xes,C:\projects\python\Anda\resources\models\BPIC2012_40000_ABSENCE_2.0_2_heuristics.pnml,0.3621057139415892,0.9731834708825502,134
C:\projects\python\Anda\Stability_Java\src\main\resources\systems\BPIC2012.xes,C:\projects\python\Anda\resources\models\BPIC2012_40000_ABSENCE_2.0_2_inductive.pnml,0.09523770945353116,0.984103675751427,135
C:\projects\python\Anda\Stability_Java\src\main\resources\systems\Sepsis.xes,C:\projects\python\Anda\resources\models\Sepsis_20000_MIXED_10.0_1_alpha.pnml,0.006185567010309256,0.1306771779059186,512
C:\projects\python\Anda\Stability_Java\src\main\resources\systems\Sepsis.xes,C:\projects\python\Anda\resources\models\Sepsis_20000_MIXED_10.0_1_heuristics.pnml,0.04559548554446602,0.8952485016346396,655
C:\projects\python\Anda\Stability_Java\src\main\resources\systems\Sepsis.xes,C:\projects\python\Anda\resources\models\Sepsis_20000_MIXED_10.0_1_inductive.pnml,0.009234163739326284,1.0,712
C:\projects\python\Anda\Stability_Java\src\main\resources\systems\Sepsis.xes,C:\projects\python\Anda\resources\models\Sepsis_4000_ORDERING_4.0_2_alpha.pnml,0.2917928018836192,0.24496756353803212,28
C:\projects\python\Anda\Stability_Java\src\main\resources\systems\Sepsis.xes,C:\projects\python\Anda\resources\models\Sepsis_4000_ORDERING_4.0_2_heuristics.pnml,0.7385608384458078,0.8947249637148091,118
C:\projects\python\Anda\Stability_Java\src\main\resources\systems\Sepsis.xes,C:\projects\python\Anda\resources\models\Sepsis_4000_ORDERING_4.0_2_inductive.pnml,0.24866077560551259,1.0,99
C:\projects\python\Anda\Stability_Java\src\main\resources\systems\Sepsis.xes,C:\projects\python\Anda\resources\models\Sepsis_40000_ORDERING_2.0_2_alpha.pnml,0.3845590389686493,0.16360678484221175,24
C:\projects\python\Anda\Stability_Java\src\main\resources\systems\Sepsis.xes,C:\projects\python\Anda\resources\models\Sepsis_40000_ORDERING_2.0_2_heuristics.pnml,0.5709677419354839,0.8937967511237546,116
C:\projects\python\Anda\Stability_Java\src\main\resources\systems\Sepsis.xes,C:\projects\python\Anda\resources\models\Sepsis_40000_ORDERING_2.0_2_inductive.pnml,0.2744723504047205,1.0,100
C:\projects\python\Anda\Stability_Java\src\main\resources\systems\BPIC2012.xes,C:\projects\python\Anda\resources\models\BPIC2012_10000_SUBSTITUTION_10.0_2_alpha.pnml,0.0009643201542912649,0.10069208846674305,566
C:\projects\python\Anda\Stability_Java\src\main\resources\systems\BPIC2012.xes,C:\projects\python\Anda\resources\models\BPIC2012_10000_SUBSTITUTION_10.0_2_heuristics.pnml,0.03504447985129122,0.9740972637223002,758
C:\projects\python\Anda\Stability_Java\src\main\resources\systems\BPIC2012.xes,C:\projects\python\Anda\resources\models\BPIC2012_10000_SUBSTITUTION_10.0_2_inductive.pnml,0.009163165191174327,1.0,922
C:\projects\python\Anda\Stability_Java\src\main\resources\systems\RTFMS.xes,C:\projects\python\Anda\resources\models\RTFMS_2000_ABSENCE_1.0_2_alpha.pnml,0.5,0.6056492096902676,29
C:\projects\python\Anda\Stability_Java\src\main\resources\systems\RTFMS.xes,C:\projects\python\Anda\resources\models\RTFMS_2000_ABSENCE_1.0_2_heuristics.pnml,0.695163356109642,0.9326686588256515,69
C:\projects\python\Anda\Stability_Java\src\main\resources\systems\RTFMS.xes,C:\projects\python\Anda\resources\models\RTFMS_2000_ABSENCE_1.0_2_inductive.pnml,0.44910688178957814,0.9998997568941949,59
C:\projects\python\Anda\Stability_Java\src\main\resources\systems\Sepsis.xes,C:\projects\python\Anda\resources\models\Sepsis_40000_SUBSTITUTION_2.0_1_alpha.pnml,0.007832898172323799,0.13380727428284717,419
C:\projects\python\Anda\Stability_Java\src\main\resources\systems\Sepsis.xes,C:\projects\python\Anda\resources\models\Sepsis_40000_SUBSTITUTION_2.0_1_heuristics.pnml,0.04746457103484236,0.8974844471105341,541
C:\projects\python\Anda\Stability_Java\src\main\resources\systems\Sepsis.xes,C:\projects\python\Anda\resources\models\Sepsis_40000_SUBSTITUTION_2.0_1_inductive.pnml,0.012385871239055435,1.0,609
C:\projects\python\Anda\Stability_Java\src\main\resources\systems\BPIC2012.xes,C:\projects\python\Anda\resources\models\BPIC2012_1000_SUBSTITUTION_4.0_1_alpha.pnml,0.013333333333333308,0.4585926690572654,61
C:\projects\python\Anda\Stability_Java\src\main\resources\systems\BPIC2012.xes,C:\projects\python\Anda\resources\models\BPIC2012_1000_SUBSTITUTION_4.0_1_heuristics.pnml,0.2212768212673144,0.9844453623984215,145
C:\projects\python\Anda\Stability_Java\src\main\resources\systems\BPIC2012.xes,C:\projects\python\Anda\resources\models\BPIC2012_1000_SUBSTITUTION_4.0_1_inductive.pnml,0.06763940441815619,0.9999680114124282,195
C:\projects\python\Anda\Stability_Java\src\main\resources\systems\Sepsis.xes,C:\projects\python\Anda\resources\models\Sepsis_40000_SUBSTITUTION_0.4_5_alpha.pnml,0.04034117867743603,0.1587649944455311,101
C:\projects\python\Anda\Stability_Java\src\main\resources\systems\Sepsis.xes,C:\projects\python\Anda\resources\models\Sepsis_40000_SUBSTITUTION_0.4_5_heuristics.pnml,0.18503891276571027,0.8929003998498433,205
C:\projects\python\Anda\Stability_Java\src\main\resources\systems\Sepsis.xes,C:\projects\python\Anda\resources\models\Sepsis_40000_SUBSTITUTION_0.4_5_inductive.pnml,0.04903484492452159,1.0,270
C:\projects\python\Anda\Stability_Java\src\main\resources\systems\BPIC2012.xes,C:\projects\python\Anda\resources\models\BPIC2012_40000_SUBSTITUTION_1.0_5_alpha.pnml,0.0023419203747072626,0.16525512137953957,254
C:\projects\python\Anda\Stability_Java\src\main\resources\systems\BPIC2012.xes,C:\projects\python\Anda\resources\models\BPIC2012_40000_SUBSTITUTION_1.0_5_heuristics.pnml,0.0684843557589303,0.9733682814114852,391
C:\projects\python\Anda\Stability_Java\src\main\resources\systems\BPIC2012.xes,C:\projects\python\Anda\resources\models\BPIC2012_40000_SUBSTITUTION_1.0_5_inductive.pnml,0.01931441446233717,1.0,569
C:\projects\python\Anda\Stability_Java\src\main\resources\systems\RTFMS.xes,C:\projects\python\Anda\resources\models\RTFMS_40000_ABSENCE_1.0_3_alpha.pnml,0.6666400686229528,0.6116523365338289,28
C:\projects\python\Anda\Stability_Java\src\main\resources\systems\RTFMS.xes,C:\projects\python\Anda\resources\models\RTFMS_40000_ABSENCE_1.0_3_heuristics.pnml,0.6717941337764128,0.9322189815370441,72
C:\projects\python\Anda\Stability_Java\src\main\resources\systems\RTFMS.xes,C:\projects\python\Anda\resources\models\RTFMS_40000_ABSENCE_1.0_3_inductive.pnml,0.41459041068084246,1.0,62
C:\projects\python\Anda\Stability_Java\src\main\resources\systems\BPIC2012.xes,C:\projects\python\Anda\resources\models\BPIC2012_20000_SUBSTITUTION_4.0_2_alpha.pnml,0.0011614401858304202,0.11456935465185947,470
C:\projects\python\Anda\Stability_Java\src\main\resources\systems\BPIC2012.xes,C:\projects\python\Anda\resources\models\BPIC2012_20000_SUBSTITUTION_4.0_2_heuristics.pnml,0.041922563552538095,0.9700839753709085,643
C:\projects\python\Anda\Stability_Java\src\main\resources\systems\BPIC2012.xes,C:\projects\python\Anda\resources\models\BPIC2012_20000_SUBSTITUTION_4.0_2_inductive.pnml,0.010171080924906817,1.0,816
C:\projects\python\Anda\Stability_Java\src\main\resources\systems\Sepsis.xes,C:\projects\python\Anda\resources\models\Sepsis_100000_SUBSTITUTION_10.0_2_alpha.pnml,0.0006780427166911407,0.1291195277914412,4658
C:\projects\python\Anda\Stability_Java\src\main\resources\systems\Sepsis.xes,C:\projects\python\Anda\resources\models\Sepsis_100000_SUBSTITUTION_10.0_2_heuristics.pnml,0.004901886097287034,0.8956272669996098,5071
C:\projects\python\Anda\Stability_Java\src\main\resources\systems\Sepsis.xes,C:\projects\python\Anda\resources\models\Sepsis_100000_SUBSTITUTION_10.0_2_inductive.pnml,0.0010045740651088986,1.0,4899
C:\projects\python\Anda\Stability_Java\src\main\resources\systems\RTFMS.xes,C:\projects\python\Anda\resources\models\RTFMS_20000_SUBSTITUTION_0.4_1_alpha.pnml,0.014705882352941124,0.5137424131560329,54
C:\projects\python\Anda\Stability_Java\src\main\resources\systems\RTFMS.xes,C:\projects\python\Anda\resources\models\RTFMS_20000_SUBSTITUTION_0.4_1_heuristics.pnml,0.10415819689818762,0.936081033746468,109
C:\projects\python\Anda\Stability_Java\src\main\resources\systems\RTFMS.xes,C:\projects\python\Anda\resources\models\RTFMS_20000_SUBSTITUTION_0.4_1_inductive.pnml,0.11288765134391954,0.999999374979166,155
C:\projects\python\Anda\Stability_Java\src\main\resources\systems\Sepsis.xes,C:\projects\python\Anda\resources\models\Sepsis_2000_ORDERING_2.0_5_alpha.pnml,0.35799319727891155,0.20559949260458232,23
C:\projects\python\Anda\Stability_Java\src\main\resources\systems\Sepsis.xes,C:\projects\python\Anda\resources\models\Sepsis_2000_ORDERING_2.0_5_heuristics.pnml,0.6331875559089554,0.9021257767588078,113
C:\projects\python\Anda\Stability_Java\src\main\resources\systems\Sepsis.xes,C:\projects\python\Anda\resources\models\Sepsis_2000_ORDERING_2.0_5_inductive.pnml,0.3065624845457693,1.0,93
C:\projects\python\Anda\Stability_Java\src\main\resources\systems\RTFMS.xes,C:\projects\python\Anda\resources\models\RTFMS_40000_ORDERING_0.2_2_alpha.pnml,0.28570560055628436,0.40116367724817903,23
C:\projects\python\Anda\Stability_Java\src\main\resources\systems\RTFMS.xes,C:\projects\python\Anda\resources\models\RTFMS_40000_ORDERING_0.2_2_heuristics.pnml,0.5771700746541275,0.9319256430986458,71
C:\projects\python\Anda\Stability_Java\src\main\resources\systems\RTFMS.xes,C:\projects\python\Anda\resources\models\RTFMS_40000_ORDERING_0.2_2_inductive.pnml,0.38140659245412456,1.0,44
C:\projects\python\Anda\Stability_Java\src\main\resources\systems\BPIC2012.xes,C:\projects\python\Anda\resources\models\BPIC2012_4000_INSERTION_0.1_5_alpha.pnml,0.10102207439137023,0.5138895394315857,36
C:\projects\python\Anda\Stability_Java\src\main\resources\systems\BPIC2012.xes,C:\projects\python\Anda\resources\models\BPIC2012_4000_INSERTION_0.1_5_heuristics.pnml,0.27259104476462526,0.9793070566167426,122
C:\projects\python\Anda\Stability_Java\src\main\resources\systems\BPIC2012.xes,C:\projects\python\Anda\resources\models\BPIC2012_4000_INSERTION_0.1_5_inductive.pnml,0.12915651586626098,0.9674857395696101,141
C:\projects\python\Anda\Stability_Java\src\main\resources\systems\RTFMS.xes,C:\projects\python\Anda\resources\models\RTFMS_2000_SUBSTITUTION_0.4_1_alpha.pnml,0.2607323115743424,0.5761013925454019,30
C:\projects\python\Anda\Stability_Java\src\main\resources\systems\RTFMS.xes,C:\projects\python\Anda\resources\models\RTFMS_2000_SUBSTITUTION_0.4_1_heuristics.pnml,0.5007553558115757,0.9312188041054533,70
C:\projects\python\Anda\Stability_Java\src\main\resources\systems\RTFMS.xes,C:\projects\python\Anda\resources\models\RTFMS_2000_SUBSTITUTION_0.4_1_inductive.pnml,0.30441382444455234,0.9999609506306433,77
C:\projects\python\Anda\Stability_Java\src\main\resources\systems\RTFMS.xes,C:\projects\python\Anda\resources\models\RTFMS_1000_ORDERING_0.4_1_alpha.pnml,0.5,0.5115194499116222,28
C:\projects\python\Anda\Stability_Java\src\main\resources\systems\RTFMS.xes,C:\projects\python\Anda\resources\models\RTFMS_1000_ORDERING_0.4_1_heuristics.pnml,0.6067151950180099,0.939432960140508,60
C:\projects\python\Anda\Stability_Java\src\main\resources\systems\RTFMS.xes,C:\projects\python\Anda\resources\models\RTFMS_1000_ORDERING_0.4_1_inductive.pnml,0.44945504840399164,0.9998490750236104,56
C:\projects\python\Anda\Stability_Java\src\main\resources\systems\RTFMS.xes,C:\projects\python\Anda\resources\models\RTFMS_20000_ORDERING_10.0_5_alpha.pnml,0.0,0.29038075449606515,22
C:\projects\python\Anda\Stability_Java\src\main\resources\systems\RTFMS.xes,C:\projects\python\Anda\resources\models\RTFMS_20000_ORDERING_10.0_5_heuristics.pnml,0.33851403973633687,0.9366175991058641,80
C:\projects\python\Anda\Stability_Java\src\main\resources\systems\RTFMS.xes,C:\projects\python\Anda\resources\models\RTFMS_20000_ORDERING_10.0_5_inductive.pnml,0.41577250014739275,0.9999992159586905,61
C:\projects\python\Anda\Stability_Java\src\main\resources\systems\RTFMS.xes,C:\projects\python\Anda\resources\models\RTFMS_10000_MIXED_4.0_2_alpha.pnml,0.00591715976331364,0.4215159564465827,110
C:\projects\python\Anda\Stability_Java\src\main\resources\systems\RTFMS.xes,C:\projects\python\Anda\resources\models\RTFMS_10000_MIXED_4.0_2_heuristics.pnml,0.06358488642084936,0.9450371626458769,201
C:\projects\python\Anda\Stability_Java\src\main\resources\systems\RTFMS.xes,C:\projects\python\Anda\resources\models\RTFMS_10000_MIXED_4.0_2_inductive.pnml,0.06078427474985415,1.0,241
C:\projects\python\Anda\Stability_Java\src\main\resources\systems\RTFMS.xes,C:\projects\python\Anda\resources\models\RTFMS_2000_ORDERING_1.0_2_alpha.pnml,0.16666666666666663,0.6042185685442673,25
C:\projects\python\Anda\Stability_Java\src\main\resources\systems\RTFMS.xes,C:\projects\python\Anda\resources\models\RTFMS_2000_ORDERING_1.0_2_heuristics.pnml,0.695163356109642,0.9326320816976398,70
C:\projects\python\Anda\Stability_Java\src\main\resources\systems\RTFMS.xes,C:\projects\python\Anda\resources\models\RTFMS_2000_ORDERING_1.0_2_inductive.pnml,0.37668257217502343,0.977351788892872,59
C:\projects\python\Anda\Stability_Java\src\main\resources\systems\Sepsis.xes,C:\projects\python\Anda\resources\models\Sepsis_100000_MIXED_1.0_1_alpha.pnml,0.012931034482758674,0.13057063045998968,250
C:\projects\python\Anda\Stability_Java\src\main\resources\systems\Sepsis.xes,C:\projects\python\Anda\resources\models\Sepsis_100000_MIXED_1.0_1_heuristics.pnml,0.0845038248059814,0.902521820881349,372
C:\projects\python\Anda\Stability_Java\src\main\resources\systems\Sepsis.xes,C:\projects\python\Anda\resources\models\Sepsis_100000_MIXED_1.0_1_inductive.pnml,0.01880654268043014,1.0,430
C:\projects\python\Anda\Stability_Java\src\main\resources\systems\BPIC2012.xes,C:\projects\python\Anda\resources\models\BPIC2012_20000_ABSENCE_0.1_1_alpha.pnml,0.032258064516129004,0.5510845409194427,36
C:\projects\python\Anda\Stability_Java\src\main\resources\systems\BPIC2012.xes,C:\projects\python\Anda\resources\models\BPIC2012_20000_ABSENCE_0.1_1_heuristics.pnml,0.2728614166237867,0.9793006450606855,122
C:\projects\python\Anda\Stability_Java\src\main\resources\systems\BPIC2012.xes,C:\projects\python\Anda\resources\models\BPIC2012_20000_ABSENCE_0.1_1_inductive.pnml,0.10064791104657622,0.9736062628801524,137
C:\projects\python\Anda\Stability_Java\src\main\resources\systems\Sepsis.xes,C:\projects\python\Anda\resources\models\Sepsis_1000_ORDERING_0.4_3_alpha.pnml,0.3965801139962001,0.24086618929881104,22
C:\projects\python\Anda\Stability_Java\src\main\resources\systems\Sepsis.xes,C:\projects\python\Anda\resources\models\Sepsis_1000_ORDERING_0.4_3_heuristics.pnml,0.6784117801735472,0.9099023866914524,98
C:\projects\python\Anda\Stability_Java\src\main\resources\systems\Sepsis.xes,C:\projects\python\Anda\resources\models\Sepsis_1000_ORDERING_0.4_3_inductive.pnml,0.25382928347459843,0.9999318710164926,91
C:\projects\python\Anda\Stability_Java\src\main\resources\systems\RTFMS.xes,C:\projects\python\Anda\resources\models\RTFMS_20000_ORDERING_2.0_2_alpha.pnml,0.16666666666666663,0.29496956923038675,23
C:\projects\python\Anda\Stability_Java\src\main\resources\systems\RTFMS.xes,C:\projects\python\Anda\resources\models\RTFMS_20000_ORDERING_2.0_2_heuristics.pnml,0.4159444787973513,0.9373167557200051,69
C:\projects\python\Anda\Stability_Java\src\main\resources\systems\RTFMS.xes,C:\projects\python\Anda\resources\models\RTFMS_20000_ORDERING_2.0_2_inductive.pnml,0.4540234886739277,1.0,41
C:\projects\python\Anda\Stability_Java\src\main\resources\systems\RTFMS.xes,C:\projects\python\Anda\resources\models\RTFMS_4000_INSERTION_10.0_2_alpha.pnml,0.002849002849002802,0.44775055291342886,210
C:\projects\python\Anda\Stability_Java\src\main\resources\systems\RTFMS.xes,C:\projects\python\Anda\resources\models\RTFMS_4000_INSERTION_10.0_2_heuristics.pnml,0.029760717741457055,0.9451413072717318,308
C:\projects\python\Anda\Stability_Java\src\main\resources\systems\RTFMS.xes,C:\projects\python\Anda\resources\models\RTFMS_4000_INSERTION_10.0_2_inductive.pnml,0.03720781204715984,0.9999943216823719,312
C:\projects\python\Anda\Stability_Java\src\main\resources\systems\BPIC2012.xes,C:\projects\python\Anda\resources\models\BPIC2012_20000_ORDERING_2.0_5_alpha.pnml,0.0,0.18344506379799175,39
C:\projects\python\Anda\Stability_Java\src\main\resources\systems\BPIC2012.xes,C:\projects\python\Anda\resources\models\BPIC2012_20000_ORDERING_2.0_5_heuristics.pnml,0.26691588461804516,0.9625475516074082,139
C:\projects\python\Anda\Stability_Java\src\main\resources\systems\BPIC2012.xes,C:\projects\python\Anda\resources\models\BPIC2012_20000_ORDERING_2.0_5_inductive.pnml,0.09967671885774798,0.9951818044372065,156
C:\projects\python\Anda\Stability_Java\src\main\resources\systems\RTFMS.xes,C:\projects\python\Anda\resources\models\RTFMS_40000_ABSENCE_1.0_5_alpha.pnml,0.6666400686229528,0.61203114371204,28
C:\projects\python\Anda\Stability_Java\src\main\resources\systems\RTFMS.xes,C:\projects\python\Anda\resources\models\RTFMS_40000_ABSENCE_1.0_5_heuristics.pnml,0.6717919365037832,0.9319246234098053,66
C:\projects\python\Anda\Stability_Java\src\main\resources\systems\RTFMS.xes,C:\projects\python\Anda\resources\models\RTFMS_40000_ABSENCE_1.0_5_inductive.pnml,0.4145916015660531,1.0,63
C:\projects\python\Anda\Stability_Java\src\main\resources\systems\BPIC2012.xes,C:\projects\python\Anda\resources\models\BPIC2012_20000_INSERTION_0.2_1_alpha.pnml,0.06192126897205075,0.5382009295377412,49
C:\projects\python\Anda\Stability_Java\src\main\resources\systems\BPIC2012.xes,C:\projects\python\Anda\resources\models\BPIC2012_20000_INSERTION_0.2_1_heuristics.pnml,0.23045100482814485,0.9798526870946707,142
C:\projects\python\Anda\Stability_Java\src\main\resources\systems\BPIC2012.xes,C:\projects\python\Anda\resources\models\BPIC2012_20000_INSERTION_0.2_1_inductive.pnml,0.10986500916281594,1.0,197
C:\projects\python\Anda\Stability_Java\src\main\resources\systems\BPIC2012.xes,C:\projects\python\Anda\resources\models\BPIC2012_20000_INSERTION_4.0_1_alpha.pnml,0.005267944371148081,0.14047873395055432,404
C:\projects\python\Anda\Stability_Java\src\main\resources\systems\BPIC2012.xes,C:\projects\python\Anda\resources\models\BPIC2012_20000_INSERTION_4.0_1_heuristics.pnml,0.047227640404765125,0.9751879279639493,573
C:\projects\python\Anda\Stability_Java\src\main\resources\systems\BPIC2012.xes,C:\projects\python\Anda\resources\models\BPIC2012_20000_INSERTION_4.0_1_inductive.pnml,0.014227255915658099,1.0,733
C:\projects\python\Anda\Stability_Java\src\main\resources\systems\Sepsis.xes,C:\projects\python\Anda\resources\models\Sepsis_40000_ABSENCE_2.0_3_alpha.pnml,0.4426422388436003,0.26588961197193384,22
C:\projects\python\Anda\Stability_Java\src\main\resources\systems\Sepsis.xes,C:\projects\python\Anda\resources\models\Sepsis_40000_ABSENCE_2.0_3_heuristics.pnml,0.7033112582781457,0.8976826566461001,107
C:\projects\python\Anda\Stability_Java\src\main\resources\systems\Sepsis.xes,C:\projects\python\Anda\resources\models\Sepsis_40000_ABSENCE_2.0_3_inductive.pnml,0.2475336831655084,1.0,95
C:\projects\python\Anda\Stability_Java\src\main\resources\systems\BPIC2012.xes,C:\projects\python\Anda\resources\models\BPIC2012_4000_SUBSTITUTION_0.1_2_alpha.pnml,0.11821041701372403,0.6363627361039257,35
C:\projects\python\Anda\Stability_Java\src\main\resources\systems\BPIC2012.xes,C:\projects\python\Anda\resources\models\BPIC2012_4000_SUBSTITUTION_0.1_2_heuristics.pnml,0.27282145749793985,0.9770239164280043,123
C:\projects\python\Anda\Stability_Java\src\main\resources\systems\BPIC2012.xes,C:\projects\python\Anda\resources\models\BPIC2012_4000_SUBSTITUTION_0.1_2_inductive.pnml,0.11209111417470863,0.9888408476276214,139
C:\projects\python\Anda\Stability_Java\src\main\resources\systems\Sepsis.xes,C:\projects\python\Anda\resources\models\Sepsis_100000_MIXED_4.0_4_alpha.pnml,0.003276897870016393,0.1291195277914412,971
C:\projects\python\Anda\Stability_Java\src\main\resources\systems\Sepsis.xes,C:\projects\python\Anda\resources\models\Sepsis_100000_MIXED_4.0_4_heuristics.pnml,0.023985577477007358,0.89515775821407,1138
C:\projects\python\Anda\Stability_Java\src\main\resources\systems\Sepsis.xes,C:\projects\python\Anda\resources\models\Sepsis_100000_MIXED_4.0_4_inductive.pnml,0.005104153555548163,1.0,1191
C:\projects\python\Anda\Stability_Java\src\main\resources\systems\BPIC2012.xes,C:\projects\python\Anda\resources\models\BPIC2012_2000_MIXED_10.0_4_alpha.pnml,0.008928571428571397,0.24713778135676773,88
C:\projects\python\Anda\Stability_Java\src\main\resources\systems\BPIC2012.xes,C:\projects\python\Anda\resources\models\BPIC2012_2000_MIXED_10.0_4_heuristics.pnml,0.16690864553712403,0.9796338098975279,173
C:\projects\python\Anda\Stability_Java\src\main\resources\systems\BPIC2012.xes,C:\projects\python\Anda\resources\models\BPIC2012_2000_MIXED_10.0_4_inductive.pnml,0.04843184707267356,0.9999866825175179,295
C:\projects\python\Anda\Stability_Java\src\main\resources\systems\RTFMS.xes,C:\projects\python\Anda\resources\models\RTFMS_1000_ORDERING_10.0_2_alpha.pnml,0.19999999999999996,0.4094031964236487,23
C:\projects\python\Anda\Stability_Java\src\main\resources\systems\RTFMS.xes,C:\projects\python\Anda\resources\models\RTFMS_1000_ORDERING_10.0_2_heuristics.pnml,0.5054519873373198,0.9367534666120698,71
C:\projects\python\Anda\Stability_Java\src\main\resources\systems\RTFMS.xes,C:\projects\python\Anda\resources\models\RTFMS_1000_ORDERING_10.0_2_inductive.pnml,0.392246891756065,0.999952713080267,43
C:\projects\python\Anda\Stability_Java\src\main\resources\systems\BPIC2012.xes,C:\projects\python\Anda\resources\models\BPIC2012_10000_MIXED_4.0_3_alpha.pnml,0.0046948356807511304,0.1228720083484105,139
C:\projects\python\Anda\Stability_Java\src\main\resources\systems\BPIC2012.xes,C:\projects\python\Anda\resources\models\BPIC2012_10000_MIXED_4.0_3_heuristics.pnml,0.11171343435537484,0.9748878398242656,287
C:\projects\python\Anda\Stability_Java\src\main\resources\systems\BPIC2012.xes,C:\projects\python\Anda\resources\models\BPIC2012_10000_MIXED_4.0_3_inductive.pnml,0.03828477283822396,1.0,314
C:\projects\python\Anda\Stability_Java\src\main\resources\systems\RTFMS.xes,C:\projects\python\Anda\resources\models\RTFMS_2000_INSERTION_1.0_4_alpha.pnml,0.0,0.36216050389624316,35
C:\projects\python\Anda\Stability_Java\src\main\resources\systems\RTFMS.xes,C:\projects\python\Anda\resources\models\RTFMS_2000_INSERTION_1.0_4_heuristics.pnml,0.32085510944741835,0.9461289656850226,85
C:\projects\python\Anda\Stability_Java\src\main\resources\systems\RTFMS.xes,C:\projects\python\Anda\resources\models\RTFMS_2000_INSERTION_1.0_4_inductive.pnml,0.2587775748477228,1.0,79
C:\projects\python\Anda\Stability_Java\src\main\resources\systems\BPIC2012.xes,C:\projects\python\Anda\resources\models\BPIC2012_2000_ORDERING_0.2_4_alpha.pnml,0.10035899920959457,0.4321660513275129,34
C:\projects\python\Anda\Stability_Java\src\main\resources\systems\BPIC2012.xes,C:\projects\python\Anda\resources\models\BPIC2012_2000_ORDERING_0.2_4_heuristics.pnml,0.2948961695871287,0.9822255027715899,105
C:\projects\python\Anda\Stability_Java\src\main\resources\systems\BPIC2012.xes,C:\projects\python\Anda\resources\models\BPIC2012_2000_ORDERING_0.2_4_inductive.pnml,0.11455196350392816,0.9777440759127225,131
C:\projects\python\Anda\Stability_Java\src\main\resources\systems\BPIC2012.xes,C:\projects\python\Anda\resources\models\BPIC2012_40000_ORDERING_4.0_3_alpha.pnml,0.0,0.17715189424302347,44
C:\projects\python\Anda\Stability_Java\src\main\resources\systems\BPIC2012.xes,C:\projects\python\Anda\resources\models\BPIC2012_40000_ORDERING_4.0_3_heuristics.pnml,0.3169381194077019,0.9748152994948194,161
C:\projects\python\Anda\Stability_Java\src\main\resources\systems\BPIC2012.xes,C:\projects\python\Anda\resources\models\BPIC2012_40000_ORDERING_4.0_3_inductive.pnml,0.0961760883769307,1.0,99
C:\projects\python\Anda\Stability_Java\src\main\resources\systems\BPIC2012.xes,C:\projects\python\Anda\resources\models\BPIC2012_1000_ORDERING_0.1_2_alpha.pnml,0.10502453133720147,0.5586479208127507,34
C:\projects\python\Anda\Stability_Java\src\main\resources\systems\BPIC2012.xes,C:\projects\python\Anda\resources\models\BPIC2012_1000_ORDERING_0.1_2_heuristics.pnml,0.31680960428053606,0.9836055030938811,110
C:\projects\python\Anda\Stability_Java\src\main\resources\systems\BPIC2012.xes,C:\projects\python\Anda\resources\models\BPIC2012_1000_ORDERING_0.1_2_inductive.pnml,0.11942584566005221,0.9924424132543646,133
C:\projects\python\Anda\Stability_Java\src\main\resources\systems\RTFMS.xes,C:\projects\python\Anda\resources\models\RTFMS_20000_MIXED_0.2_4_alpha.pnml,0.050000000000000044,0.4710687876276292,26
C:\projects\python\Anda\Stability_Java\src\main\resources\systems\RTFMS.xes,C:\projects\python\Anda\resources\models\RTFMS_20000_MIXED_0.2_4_heuristics.pnml,0.3512595926598473,0.9312145260802367,73
C:\projects\python\Anda\Stability_Java\src\main\resources\systems\RTFMS.xes,C:\projects\python\Anda\resources\models\RTFMS_20000_MIXED_0.2_4_inductive.pnml,0.24506448233191835,0.999998848984459,113
C:\projects\python\Anda\Stability_Java\src\main\resources\systems\BPIC2012.xes,C:\projects\python\Anda\resources\models\BPIC2012_40000_SUBSTITUTION_1.0_3_alpha.pnml,0.002673796791443861,0.16374688712666619,231
C:\projects\python\Anda\Stability_Java\src\main\resources\systems\BPIC2012.xes,C:\projects\python\Anda\resources\models\BPIC2012_40000_SUBSTITUTION_1.0_3_heuristics.pnml,0.07978731275186324,0.9776205290192364,375
C:\projects\python\Anda\Stability_Java\src\main\resources\systems\BPIC2012.xes,C:\projects\python\Anda\resources\models\BPIC2012_40000_SUBSTITUTION_1.0_3_inductive.pnml,0.020237170451166242,1.0,477
C:\projects\python\Anda\Stability_Java\src\main\resources\systems\Sepsis.xes,C:\projects\python\Anda\resources\models\Sepsis_2000_INSERTION_0.2_1_alpha.pnml,0.35350825718836454,0.21157877812947534,26
C:\projects\python\Anda\Stability_Java\src\main\resources\systems\Sepsis.xes,C:\projects\python\Anda\resources\models\Sepsis_2000_INSERTION_0.2_1_heuristics.pnml,0.6776368876080692,0.9167005003980819,116
C:\projects\python\Anda\Stability_Java\src\main\resources\systems\Sepsis.xes,C:\projects\python\Anda\resources\models\Sepsis_2000_INSERTION_0.2_1_inductive.pnml,0.1768592089991965,1.0,106
C:\projects\python\Anda\Stability_Java\src\main\resources\systems\RTFMS.xes,C:\projects\python\Anda\resources\models\RTFMS_1000_ABSENCE_0.4_1_alpha.pnml,0.6670924720994127,0.6551507410677081,28
C:\projects\python\Anda\Stability_Java\src\main\resources\systems\RTFMS.xes,C:\projects\python\Anda\resources\models\RTFMS_1000_ABSENCE_0.4_1_heuristics.pnml,0.8202574488478702,0.9349753415734445,55
C:\projects\python\Anda\Stability_Java\src\main\resources\systems\RTFMS.xes,C:\projects\python\Anda\resources\models\RTFMS_1000_ABSENCE_0.4_1_inductive.pnml,0.449453322654366,0.9998066811426073,51
C:\projects\python\Anda\Stability_Java\src\main\resources\systems\RTFMS.xes,C:\projects\python\Anda\resources\models\RTFMS_20000_ABSENCE_0.2_3_alpha.pnml,0.5,0.6297079081261633,27
C:\projects\python\Anda\Stability_Java\src\main\resources\systems\RTFMS.xes,C:\projects\python\Anda\resources\models\RTFMS_20000_ABSENCE_0.2_3_heuristics.pnml,0.6717019199834231,0.9332308906455538,63
C:\projects\python\Anda\Stability_Java\src\main\resources\systems\RTFMS.xes,C:\projects\python\Anda\resources\models\RTFMS_20000_ABSENCE_0.2_3_inductive.pnml,0.4838523894789444,0.9999990793872033,41
C:\projects\python\Anda\Stability_Java\src\main\resources\systems\RTFMS.xes,C:\projects\python\Anda\resources\models\RTFMS_4000_INSERTION_1.0_2_alpha.pnml,0.04446517931440441,0.6429596632033376,41
C:\projects\python\Anda\Stability_Java\src\main\resources\systems\RTFMS.xes,C:\projects\python\Anda\resources\models\RTFMS_4000_INSERTION_1.0_2_heuristics.pnml,0.1845690485354884,0.9431018841656464,98
C:\projects\python\Anda\Stability_Java\src\main\resources\systems\RTFMS.xes,C:\projects\python\Anda\resources\models\RTFMS_4000_INSERTION_1.0_2_inductive.pnml,0.2033421241397726,0.9999888352129115,117
C:\projects\python\Anda\Stability_Java\src\main\resources\systems\Sepsis.xes,C:\projects\python\Anda\resources\models\Sepsis_1000_INSERTION_0.1_4_alpha.pnml,0.3499301480860576,0.24104736592894777,24
C:\projects\python\Anda\Stability_Java\src\main\resources\systems\Sepsis.xes,C:\projects\python\Anda\resources\models\Sepsis_1000_INSERTION_0.1_4_heuristics.pnml,0.6740164062908198,0.9099023866914524,99
C:\projects\python\Anda\Stability_Java\src\main\resources\systems\Sepsis.xes,C:\projects\python\Anda\resources\models\Sepsis_1000_INSERTION_0.1_4_inductive.pnml,0.2332130735722494,0.9999345465814194,95
C:\projects\python\Anda\Stability_Java\src\main\resources\systems\RTFMS.xes,C:\projects\python\Anda\resources\models\RTFMS_40000_ABSENCE_0.1_3_alpha.pnml,0.6666400686229528,0.61203114371204,28
C:\projects\python\Anda\Stability_Java\src\main\resources\systems\RTFMS.xes,C:\projects\python\Anda\resources\models\RTFMS_40000_ABSENCE_0.1_3_heuristics.pnml,0.6718059752911985,0.93206372659853,69
C:\projects\python\Anda\Stability_Java\src\main\resources\systems\RTFMS.xes,C:\projects\python\Anda\resources\models\RTFMS_40000_ABSENCE_0.1_3_inductive.pnml,0.4399848800770628,1.0,62
C:\projects\python\Anda\Stability_Java\src\main\resources\systems\RTFMS.xes,C:\projects\python\Anda\resources\models\RTFMS_20000_INSERTION_1.0_1_alpha.pnml,0.011076093246754182,0.4819567205813967,97
C:\projects\python\Anda\Stability_Java\src\main\resources\systems\RTFMS.xes,C:\projects\python\Anda\resources\models\RTFMS_20000_INSERTION_1.0_1_heuristics.pnml,0.07585157844378754,0.9455440626305764,170
C:\projects\python\Anda\Stability_Java\src\main\resources\systems\RTFMS.xes,C:\projects\python\Anda\resources\models\RTFMS_20000_INSERTION_1.0_1_inductive.pnml,0.07703923616929309,0.9999994472673728,210
C:\projects\python\Anda\Stability_Java\src\main\resources\systems\BPIC2012.xes,C:\projects\python\Anda\resources\models\BPIC2012_10000_SUBSTITUTION_0.1_5_alpha.pnml,0.08616761189528044,0.5986986644524839,42
C:\projects\python\Anda\Stability_Java\src\main\resources\systems\BPIC2012.xes,C:\projects\python\Anda\resources\models\BPIC2012_10000_SUBSTITUTION_0.1_5_heuristics.pnml,0.25625964542250423,0.9796148582922832,127
C:\projects\python\Anda\Stability_Java\src\main\resources\systems\BPIC2012.xes,C:\projects\python\Anda\resources\models\BPIC2012_10000_SUBSTITUTION_0.1_5_inductive.pnml,0.11773221298902126,0.9939715777223157,172
C:\projects\python\Anda\Stability_Java\src\main\resources\systems\RTFMS.xes,C:\projects\python\Anda\resources\models\RTFMS_20000_SUBSTITUTION_0.1_3_alpha.pnml,0.052631578947368474,0.47353004244505226,29
C:\projects\python\Anda\Stability_Java\src\main\resources\systems\RTFMS.xes,C:\projects\python\Anda\resources\models\RTFMS_20000_SUBSTITUTION_0.1_3_heuristics.pnml,0.26924413595209873,0.9275974814789103,75
C:\projects\python\Anda\Stability_Java\src\main\resources\systems\RTFMS.xes,C:\projects\python\Anda\resources\models\RTFMS_20000_SUBSTITUTION_0.1_3_inductive.pnml,0.2324262758973218,0.9999993738545452,110
C:\projects\python\Anda\Stability_Java\src\main\resources\systems\Sepsis.xes,C:\projects\python\Anda\resources\models\Sepsis_20000_SUBSTITUTION_10.0_3_alpha.pnml,0.003129890453834161,0.12900059228901284,1015
C:\projects\python\Anda\Stability_Java\src\main\resources\systems\Sepsis.xes,C:\projects\python\Anda\resources\models\Sepsis_20000_SUBSTITUTION_10.0_3_heuristics.pnml,0.021839760906716243,0.9020157268293256,1190
C:\projects\python\Anda\Stability_Java\src\main\resources\systems\Sepsis.xes,C:\projects\python\Anda\resources\models\Sepsis_20000_SUBSTITUTION_10.0_3_inductive.pnml,0.00483785362682132,1.0,1230
C:\projects\python\Anda\Stability_Java\src\main\resources\systems\BPIC2012.xes,C:\projects\python\Anda\resources\models\BPIC2012_100000_MIXED_0.1_4_alpha.pnml,0.012820512820512775,0.2818708516085072,60
C:\projects\python\Anda\Stability_Java\src\main\resources\systems\BPIC2012.xes,C:\projects\python\Anda\resources\models\BPIC2012_100000_MIXED_0.1_4_heuristics.pnml,0.19619781637457245,0.9738733684364743,161
C:\projects\python\Anda\Stability_Java\src\main\resources\systems\BPIC2012.xes,C:\projects\python\Anda\resources\models\BPIC2012_100000_MIXED_0.1_4_inductive.pnml,0.07172322569881828,0.9883410827691873,275
C:\projects\python\Anda\Stability_Java\src\main\resources\systems\RTFMS.xes,C:\projects\python\Anda\resources\models\RTFMS_20000_MIXED_1.0_1_alpha.pnml,0.011235955056179803,0.38022268195042386,75
C:\projects\python\Anda\Stability_Java\src\main\resources\systems\RTFMS.xes,C:\projects\python\Anda\resources\models\RTFMS_20000_MIXED_1.0_1_heuristics.pnml,0.08435642918900244,0.9464000216156183,139
C:\projects\python\Anda\Stability_Java\src\main\resources\systems\RTFMS.xes,C:\projects\python\Anda\resources\models\RTFMS_20000_MIXED_1.0_1_inductive.pnml,0.0889901358601013,0.9999994157135657,170
C:\projects\python\Anda\Stability_Java\src\main\resources\systems\RTFMS.xes,C:\projects\python\Anda\resources\models\RTFMS_40000_MIXED_1.0_2_alpha.pnml,0.00591715976331364,0.4215159564465827,110
C:\projects\python\Anda\Stability_Java\src\main\resources\systems\RTFMS.xes,C:\projects\python\Anda\resources\models\RTFMS_40000_MIXED_1.0_2_heuristics.pnml,0.04755324379537218,0.9456445821680308,195
C:\projects\python\Anda\Stability_Java\src\main\resources\systems\RTFMS.xes,C:\projects\python\Anda\resources\models\RTFMS_40000_MIXED_1.0_2_inductive.pnml,0.06078427474985415,1.0,241
C:\projects\python\Anda\Stability_Java\src\main\resources\systems\Sepsis.xes,C:\projects\python\Anda\resources\models\Sepsis_20000_MIXED_1.0_5_alpha.pnml,0.0760531830334562,0.12846712848674136,75
C:\projects\python\Anda\Stability_Java\src\main\resources\systems\Sepsis.xes,C:\projects\python\Anda\resources\models\Sepsis_20000_MIXED_1.0_5_heuristics.pnml,0.2603685694438769,0.8949325407598694,171
C:\projects\python\Anda\Stability_Java\src\main\resources\systems\Sepsis.xes,C:\projects\python\Anda\resources\models\Sepsis_20000_MIXED_1.0_5_inductive.pnml,0.06128207252896345,1.0,240
C:\projects\python\Anda\Stability_Java\src\main\resources\systems\BPIC2012.xes,C:\projects\python\Anda\resources\models\BPIC2012_2000_SUBSTITUTION_10.0_4_alpha.pnml,0.004950495049504955,0.22904400954864723,132
C:\projects\python\Anda\Stability_Java\src\main\resources\systems\BPIC2012.xes,C:\projects\python\Anda\resources\models\BPIC2012_2000_SUBSTITUTION_10.0_4_heuristics.pnml,0.1212172447597123,0.9715589936120386,242
C:\projects\python\Anda\Stability_Java\src\main\resources\systems\BPIC2012.xes,C:\projects\python\Anda\resources\models\BPIC2012_2000_SUBSTITUTION_10.0_4_inductive.pnml,0.032654885567725556,1.0,344
C:\projects\python\Anda\Stability_Java\src\main\resources\systems\RTFMS.xes,C:\projects\python\Anda\resources\models\RTFMS_2000_MIXED_1.0_1_alpha.pnml,0.07692307692307687,0.5892703098584162,28
C:\projects\python\Anda\Stability_Java\src\main\resources\systems\RTFMS.xes,C:\projects\python\Anda\resources\models\RTFMS_2000_MIXED_1.0_1_heuristics.pnml,0.4545563997314219,0.9326686588256515,73
C:\projects\python\Anda\Stability_Java\src\main\resources\systems\RTFMS.xes,C:\projects\python\Anda\resources\models\RTFMS_2000_MIXED_1.0_1_inductive.pnml,0.2833892781728211,0.999994154520857,61
C:\projects\python\Anda\Stability_Java\src\main\resources\systems\Sepsis.xes,C:\projects\python\Anda\resources\models\Sepsis_40000_ABSENCE_1.0_3_alpha.pnml,0.4426422388436003,0.26588961197193384,22
C:\projects\python\Anda\Stability_Java\src\main\resources\systems\Sepsis.xes,C:\projects\python\Anda\resources\models\Sepsis_40000_ABSENCE_1.0_3_heuristics.pnml,0.7033112582781457,0.89721291069021,107
C:\projects\python\Anda\Stability_Java\src\main\resources\systems\Sepsis.xes,C:\projects\python\Anda\resources\models\Sepsis_40000_ABSENCE_1.0_3_inductive.pnml,0.2475336831655084,1.0,95
C:\projects\python\Anda\Stability_Java\src\main\resources\systems\RTFMS.xes,C:\projects\python\Anda\resources\models\RTFMS_40000_SUBSTITUTION_2.0_5_alpha.pnml,0.0016393442622950616,0.4219422562192069,380
C:\projects\python\Anda\Stability_Java\src\main\resources\systems\RTFMS.xes,C:\projects\python\Anda\resources\models\RTFMS_40000_SUBSTITUTION_2.0_5_heuristics.pnml,0.016084112915264903,0.9364909835230772,474
C:\projects\python\Anda\Stability_Java\src\main\resources\systems\RTFMS.xes,C:\projects\python\Anda\resources\models\RTFMS_40000_SUBSTITUTION_2.0_5_inductive.pnml,0.019177899884397998,0.9999994140833275,498
C:\projects\python\Anda\Stability_Java\src\main\resources\systems\BPIC2012.xes,C:\projects\python\Anda\resources\models\BPIC2012_2000_MIXED_10.0_5_alpha.pnml,0.009803921568627416,0.23314858569310326,89
C:\projects\python\Anda\Stability_Java\src\main\resources\systems\BPIC2012.xes,C:\projects\python\Anda\resources\models\BPIC2012_2000_MIXED_10.0_5_heuristics.pnml,0.15917308929081164,0.9758024454344012,191
C:\projects\python\Anda\Stability_Java\src\main\resources\systems\BPIC2012.xes,C:\projects\python\Anda\resources\models\BPIC2012_2000_MIXED_10.0_5_inductive.pnml,0.0424172675098925,0.9999766117690159,305
C:\projects\python\Anda\Stability_Java\src\main\resources\systems\BPIC2012.xes,C:\projects\python\Anda\resources\models\BPIC2012_2000_ABSENCE_2.0_1_alpha.pnml,0.032258064516129004,0.5436803133724853,36
C:\projects\python\Anda\Stability_Java\src\main\resources\systems\BPIC2012.xes,C:\projects\python\Anda\resources\models\BPIC2012_2000_ABSENCE_2.0_1_heuristics.pnml,0.2948961695871287,0.9822255027715899,106
C:\projects\python\Anda\Stability_Java\src\main\resources\systems\BPIC2012.xes,C:\projects\python\Anda\resources\models\BPIC2012_2000_ABSENCE_2.0_1_inductive.pnml,0.10926068969551894,0.9774418212091229,133
C:\projects\python\Anda\Stability_Java\src\main\resources\systems\BPIC2012.xes,C:\projects\python\Anda\resources\models\BPIC2012_10000_SUBSTITUTION_4.0_1_alpha.pnml,0.0024752475247524774,0.1871278158394301,235
C:\projects\python\Anda\Stability_Java\src\main\resources\systems\BPIC2012.xes,C:\projects\python\Anda\resources\models\BPIC2012_10000_SUBSTITUTION_4.0_1_heuristics.pnml,0.0770867957883431,0.9767621302149448,377
C:\projects\python\Anda\Stability_Java\src\main\resources\systems\BPIC2012.xes,C:\projects\python\Anda\resources\models\BPIC2012_10000_SUBSTITUTION_4.0_1_inductive.pnml,0.018458986692870938,1.0,552
C:\projects\python\Anda\Stability_Java\src\main\resources\systems\RTFMS.xes,C:\projects\python\Anda\resources\models\RTFMS_100000_MIXED_2.0_3_alpha.pnml,0.001293661060802087,0.4216872016185212,472
C:\projects\python\Anda\Stability_Java\src\main\resources\systems\RTFMS.xes,C:\projects\python\Anda\resources\models\RTFMS_100000_MIXED_2.0_3_heuristics.pnml,0.011190830850894562,0.9453034698412963,556
C:\projects\python\Anda\Stability_Java\src\main\resources\systems\RTFMS.xes,C:\projects\python\Anda\resources\models\RTFMS_100000_MIXED_2.0_3_inductive.pnml,0.015091330558905103,1.0,603
C:\projects\python\Anda\Stability_Java\src\main\resources\systems\BPIC2012.xes,C:\projects\python\Anda\resources\models\BPIC2012_10000_MIXED_2.0_2_alpha.pnml,0.008547008547008517,0.19947560452536278,85
C:\projects\python\Anda\Stability_Java\src\main\resources\systems\BPIC2012.xes,C:\projects\python\Anda\resources\models\BPIC2012_10000_MIXED_2.0_2_heuristics.pnml,0.1591521445739581,0.9826042725374646,205
C:\projects\python\Anda\Stability_Java\src\main\resources\systems\BPIC2012.xes,C:\projects\python\Anda\resources\models\BPIC2012_10000_MIXED_2.0_2_inductive.pnml,0.046668897027463574,1.0,278
C:\projects\python\Anda\Stability_Java\src\main\resources\systems\BPIC2012.xes,C:\projects\python\Anda\resources\models\BPIC2012_100000_ABSENCE_0.4_1_alpha.pnml,0.032258064516129004,0.5523738655305817,37
C:\projects\python\Anda\Stability_Java\src\main\resources\systems\BPIC2012.xes,C:\projects\python\Anda\resources\models\BPIC2012_100000_ABSENCE_0.4_1_heuristics.pnml,0.30215763334245227,0.9716766434083572,134
C:\projects\python\Anda\Stability_Java\src\main\resources\systems\BPIC2012.xes,C:\projects\python\Anda\resources\models\BPIC2012_100000_ABSENCE_0.4_1_inductive.pnml,0.12539673786201255,1.0,105
C:\projects\python\Anda\Stability_Java\src\main\resources\systems\Sepsis.xes,C:\projects\python\Anda\resources\models\Sepsis_1000_MIXED_4.0_3_alpha.pnml,0.18374046879412598,0.21518021316266134,37
C:\projects\python\Anda\Stability_Java\src\main\resources\systems\Sepsis.xes,C:\projects\python\Anda\resources\models\Sepsis_1000_MIXED_4.0_3_heuristics.pnml,0.5150111785372086,0.9099023866914524,107
C:\projects\python\Anda\Stability_Java\src\main\resources\systems\Sepsis.xes,C:\projects\python\Anda\resources\models\Sepsis_1000_MIXED_4.0_3_inductive.pnml,0.12642665700833033,0.9999867026581386,130
C:\projects\python\Anda\Stability_Java\src\main\resources\systems\Sepsis.xes,C:\projects\python\Anda\resources\models\Sepsis_10000_ORDERING_4.0_3_alpha.pnml,0.4095163806552262,0.1556446375960141,23
C:\projects\python\Anda\Stability_Java\src\main\resources\systems\Sepsis.xes,C:\projects\python\Anda\resources\models\Sepsis_10000_ORDERING_4.0_3_heuristics.pnml,0.5955310504933256,0.8763428967547789,122
C:\projects\python\Anda\Stability_Java\src\main\resources\systems\Sepsis.xes,C:\projects\python\Anda\resources\models\Sepsis_10000_ORDERING_4.0_3_inductive.pnml,0.22741679873217113,1.0,94
C:\projects\python\Anda\Stability_Java\src\main\resources\systems\BPIC2012.xes,C:\projects\python\Anda\resources\models\BPIC2012_40000_SUBSTITUTION_10.0_2_alpha.pnml,0.0002546473134708016,0.09507895396440802,2124
C:\projects\python\Anda\Stability_Java\src\main\resources\systems\BPIC2012.xes,C:\projects\python\Anda\resources\models\BPIC2012_40000_SUBSTITUTION_10.0_2_heuristics.pnml,0.009498604720255877,0.9820146201157349,2521
C:\projects\python\Anda\Stability_Java\src\main\resources\systems\BPIC2012.xes,C:\projects\python\Anda\resources\models\BPIC2012_40000_SUBSTITUTION_10.0_2_inductive.pnml,0.002483882638968815,1.0,2491
C:\projects\python\Anda\Stability_Java\src\main\resources\systems\RTFMS.xes,C:\projects\python\Anda\resources\models\RTFMS_40000_MIXED_0.2_1_alpha.pnml,0.04347820430254423,0.4405642227077049,45
C:\projects\python\Anda\Stability_Java\src\main\resources\systems\RTFMS.xes,C:\projects\python\Anda\resources\models\RTFMS_40000_MIXED_0.2_1_heuristics.pnml,0.1650091045415596,0.9458520633488632,109
C:\projects\python\Anda\Stability_Java\src\main\resources\systems\RTFMS.xes,C:\projects\python\Anda\resources\models\RTFMS_40000_MIXED_0.2_1_inductive.pnml,0.14318844455943558,0.9999997875070282,138
C:\projects\python\Anda\Stability_Java\src\main\resources\systems\Sepsis.xes,C:\projects\python\Anda\resources\models\Sepsis_100000_INSERTION_4.0_1_alpha.pnml,0.001657000828500399,0.1291195277914412,1895
C:\projects\python\Anda\Stability_Java\src\main\resources\systems\Sepsis.xes,C:\projects\python\Anda\resources\models\Sepsis_100000_INSERTION_4.0_1_heuristics.pnml,0.012797321163481867,0.8960030241414314,2129
C:\projects\python\Anda\Stability_Java\src\main\resources\systems\Sepsis.xes,C:\projects\python\Anda\resources\models\Sepsis_100000_INSERTION_4.0_1_inductive.pnml,0.0028561838074787627,1.0,2109
C:\projects\python\Anda\Stability_Java\src\main\resources\systems\BPIC2012.xes,C:\projects\python\Anda\resources\models\BPIC2012_40000_MIXED_4.0_3_alpha.pnml,0.001280409731113985,0.10322681570818332,451
C:\projects\python\Anda\Stability_Java\src\main\resources\systems\BPIC2012.xes,C:\projects\python\Anda\resources\models\BPIC2012_40000_MIXED_4.0_3_heuristics.pnml,0.040818033822933475,0.9760290221200747,669
C:\projects\python\Anda\Stability_Java\src\main\resources\systems\BPIC2012.xes,C:\projects\python\Anda\resources\models\BPIC2012_40000_MIXED_4.0_3_inductive.pnml,0.01148528321205422,1.0,785
C:\projects\python\Anda\Stability_Java\src\main\resources\systems\Sepsis.xes,C:\projects\python\Anda\resources\models\Sepsis_100000_SUBSTITUTION_2.0_2_alpha.pnml,0.0033003300330033403,0.12902044288153924,970
C:\projects\python\Anda\Stability_Java\src\main\resources\systems\Sepsis.xes,C:\projects\python\Anda\resources\models\Sepsis_100000_SUBSTITUTION_2.0_2_heuristics.pnml,0.022661841719198716,0.898386101740106,1134
C:\projects\python\Anda\Stability_Java\src\main\resources\systems\Sepsis.xes,C:\projects\python\Anda\resources\models\Sepsis_100000_SUBSTITUTION_2.0_2_inductive.pnml,0.00516666380511277,1.0,1184
C:\projects\python\Anda\Stability_Java\src\main\resources\systems\Sepsis.xes,C:\projects\python\Anda\resources\models\Sepsis_20000_INSERTION_0.2_5_alpha.pnml,0.07278874016834547,0.1293572241455539,49
C:\projects\python\Anda\Stability_Java\src\main\resources\systems\Sepsis.xes,C:\projects\python\Anda\resources\models\Sepsis_20000_INSERTION_0.2_5_heuristics.pnml,0.4211917903295105,0.8972182045002358,140
C:\projects\python\Anda\Stability_Java\src\main\resources\systems\Sepsis.xes,C:\projects\python\Anda\resources\models\Sepsis_20000_INSERTION_0.2_5_inductive.pnml,0.22417735566624508,1.0,174
C:\projects\python\Anda\Stability_Java\src\main\resources\systems\RTFMS.xes,C:\projects\python\Anda\resources\models\RTFMS_40000_ABSENCE_10.0_5_alpha.pnml,0.6666400686229528,0.6229417973056632,29
C:\projects\python\Anda\Stability_Java\src\main\resources\systems\RTFMS.xes,C:\projects\python\Anda\resources\models\RTFMS_40000_ABSENCE_10.0_5_heuristics.pnml,0.6715810652332187,0.932179993062066,70
C:\projects\python\Anda\Stability_Java\src\main\resources\systems\RTFMS.xes,C:\projects\python\Anda\resources\models\RTFMS_40000_ABSENCE_10.0_5_inductive.pnml,0.4145916015660531,1.0,63
C:\projects\python\Anda\Stability_Java\src\main\resources\systems\RTFMS.xes,C:\projects\python\Anda\resources\models\RTFMS_10000_ABSENCE_4.0_1_alpha.pnml,0.5,0.5263955245044593,33
C:\projects\python\Anda\Stability_Java\src\main\resources\systems\RTFMS.xes,C:\projects\python\Anda\resources\models\RTFMS_10000_ABSENCE_4.0_1_heuristics.pnml,0.6717019199834231,0.9328526186567132,64
C:\projects\python\Anda\Stability_Java\src\main\resources\systems\RTFMS.xes,C:\projects\python\Anda\resources\models\RTFMS_10000_ABSENCE_4.0_1_inductive.pnml,0.37554792702748174,0.9999911864716747,41
C:\projects\python\Anda\Stability_Java\src\main\resources\systems\BPIC2012.xes,C:\projects\python\Anda\resources\models\BPIC2012_40000_ABSENCE_10.0_4_alpha.pnml,0.032258064516129004,0.563414538505251,38
C:\projects\python\Anda\Stability_Java\src\main\resources\systems\BPIC2012.xes,C:\projects\python\Anda\resources\models\BPIC2012_40000_ABSENCE_10.0_4_heuristics.pnml,0.30562733684982524,0.9716745107762335,133
C:\projects\python\Anda\Stability_Java\src\main\resources\systems\BPIC2012.xes,C:\projects\python\Anda\resources\models\BPIC2012_40000_ABSENCE_10.0_4_inductive.pnml,0.11522612886179029,0.991310313183283,111
C:\projects\python\Anda\Stability_Java\src\main\resources\systems\RTFMS.xes,C:\projects\python\Anda\resources\models\RTFMS_40000_SUBSTITUTION_10.0_4_alpha.pnml,0.0003129890453834605,0.422482580355136,1923
C:\projects\python\Anda\Stability_Java\src\main\resources\systems\RTFMS.xes,C:\projects\python\Anda\resources\models\RTFMS_40000_SUBSTITUTION_10.0_4_heuristics.pnml,0.0031506895512760646,0.9362751242685134,2154
C:\projects\python\Anda\Stability_Java\src\main\resources\systems\RTFMS.xes,C:\projects\python\Anda\resources\models\RTFMS_40000_SUBSTITUTION_10.0_4_inductive.pnml,0.0039372825316488225,1.0,2080
C:\projects\python\Anda\Stability_Java\src\main\resources\systems\RTFMS.xes,C:\projects\python\Anda\resources\models\RTFMS_40000_ORDERING_4.0_2_alpha.pnml,0.125,0.32845973283478724,21
C:\projects\python\Anda\Stability_Java\src\main\resources\systems\RTFMS.xes,C:\projects\python\Anda\resources\models\RTFMS_40000_ORDERING_4.0_2_heuristics.pnml,0.4057284595093955,0.9311290600074267,76
C:\projects\python\Anda\Stability_Java\src\main\resources\systems\RTFMS.xes,C:\projects\python\Anda\resources\models\RTFMS_40000_ORDERING_4.0_2_inductive.pnml,0.4475763763285323,1.0,70
C:\projects\python\Anda\Stability_Java\src\main\resources\systems\Sepsis.xes,C:\projects\python\Anda\resources\models\Sepsis_4000_SUBSTITUTION_0.4_1_alpha.pnml,0.17532758427595474,0.18841797609385252,33
C:\projects\python\Anda\Stability_Java\src\main\resources\systems\Sepsis.xes,C:\projects\python\Anda\resources\models\Sepsis_4000_SUBSTITUTION_0.4_1_heuristics.pnml,0.5847154307606997,0.8945615359840644,127
C:\projects\python\Anda\Stability_Java\src\main\resources\systems\Sepsis.xes,C:\projects\python\Anda\resources\models\Sepsis_4000_SUBSTITUTION_0.4_1_inductive.pnml,0.1474554376947892,1.0,142
C:\projects\python\Anda\Stability_Java\src\main\resources\systems\RTFMS.xes,C:\projects\python\Anda\resources\models\RTFMS_100000_SUBSTITUTION_10.0_5_alpha.pnml,0.00013027618551331166,0.422482580355136,4614
C:\projects\python\Anda\Stability_Java\src\main\resources\systems\RTFMS.xes,C:\projects\python\Anda\resources\models\RTFMS_100000_SUBSTITUTION_10.0_5_heuristics.pnml,0.0013107982582313271,0.9358732792026987,5095
C:\projects\python\Anda\Stability_Java\src\main\resources\systems\RTFMS.xes,C:\projects\python\Anda\resources\models\RTFMS_100000_SUBSTITUTION_10.0_5_inductive.pnml,0.0015572824007400454,1.0,4777
C:\projects\python\Anda\Stability_Java\src\main\resources\systems\BPIC2012.xes,C:\projects\python\Anda\resources\models\BPIC2012_2000_SUBSTITUTION_2.0_5_alpha.pnml,0.012987012987012991,0.40667807892348534,58
C:\projects\python\Anda\Stability_Java\src\main\resources\systems\BPIC2012.xes,C:\projects\python\Anda\resources\models\BPIC2012_2000_SUBSTITUTION_2.0_5_heuristics.pnml,0.217129504676297,0.9829600878744448,135
C:\projects\python\Anda\Stability_Java\src\main\resources\systems\BPIC2012.xes,C:\projects\python\Anda\resources\models\BPIC2012_2000_SUBSTITUTION_2.0_5_inductive.pnml,0.07067909857216581,0.9999533055095146,228
C:\projects\python\Anda\Stability_Java\src\main\resources\systems\BPIC2012.xes,C:\projects\python\Anda\resources\models\BPIC2012_1000_ABSENCE_0.1_2_alpha.pnml,0.032258064516129004,0.5187001528195528,34
C:\projects\python\Anda\Stability_Java\src\main\resources\systems\BPIC2012.xes,C:\projects\python\Anda\resources\models\BPIC2012_1000_ABSENCE_0.1_2_heuristics.pnml,0.31359728640007933,0.9836055030938811,111
C:\projects\python\Anda\Stability_Java\src\main\resources\systems\BPIC2012.xes,C:\projects\python\Anda\resources\models\BPIC2012_1000_ABSENCE_0.1_2_inductive.pnml,0.11899905818319745,0.9924366182679252,134
C:\projects\python\Anda\Stability_Java\src\main\resources\systems\Sepsis.xes,C:\projects\python\Anda\resources\models\Sepsis_1000_SUBSTITUTION_10.0_3_alpha.pnml,0.06556038196438829,0.16279577039844167,76
C:\projects\python\Anda\Stability_Java\src\main\resources\systems\Sepsis.xes,C:\projects\python\Anda\resources\models\Sepsis_1000_SUBSTITUTION_10.0_3_heuristics.pnml,0.234009360374415,0.900051465986218,179
C:\projects\python\Anda\Stability_Java\src\main\resources\systems\Sepsis.xes,C:\projects\python\Anda\resources\models\Sepsis_1000_SUBSTITUTION_10.0_3_inductive.pnml,0.058718454025123656,1.0,196
C:\projects\python\Anda\Stability_Java\src\main\resources\systems\BPIC2012.xes,C:\projects\python\Anda\resources\models\BPIC2012_10000_MIXED_1.0_1_alpha.pnml,0.0,0.2858017273701934,61
C:\projects\python\Anda\Stability_Java\src\main\resources\systems\BPIC2012.xes,C:\projects\python\Anda\resources\models\BPIC2012_10000_MIXED_1.0_1_heuristics.pnml,0.19999387902601173,0.9788718566065175,165
C:\projects\python\Anda\Stability_Java\src\main\resources\systems\BPIC2012.xes,C:\projects\python\Anda\resources\models\BPIC2012_10000_MIXED_1.0_1_inductive.pnml,0.056819568830562384,1.0,256
C:\projects\python\Anda\Stability_Java\src\main\resources\systems\BPIC2012.xes,C:\projects\python\Anda\resources\models\BPIC2012_40000_INSERTION_0.2_3_alpha.pnml,0.01098901098901095,0.2921789074928471,71
C:\projects\python\Anda\Stability_Java\src\main\resources\systems\BPIC2012.xes,C:\projects\python\Anda\resources\models\BPIC2012_40000_INSERTION_0.2_3_heuristics.pnml,0.24129424488782647,0.9792036395435308,183
C:\projects\python\Anda\Stability_Java\src\main\resources\systems\BPIC2012.xes,C:\projects\python\Anda\resources\models\BPIC2012_40000_INSERTION_0.2_3_inductive.pnml,0.05732184038595145,1.0,314
C:\projects\python\Anda\Stability_Java\src\main\resources\systems\Sepsis.xes,C:\projects\python\Anda\resources\models\Sepsis_10000_ABSENCE_4.0_1_alpha.pnml,0.44411590774689536,0.2779679284861129,23
C:\projects\python\Anda\Stability_Java\src\main\resources\systems\Sepsis.xes,C:\projects\python\Anda\resources\models\Sepsis_10000_ABSENCE_4.0_1_heuristics.pnml,0.7388924893785556,0.8864484583576564,113
C:\projects\python\Anda\Stability_Java\src\main\resources\systems\Sepsis.xes,C:\projects\python\Anda\resources\models\Sepsis_10000_ABSENCE_4.0_1_inductive.pnml,0.2475336831655084,1.0,95
C:\projects\python\Anda\Stability_Java\src\main\resources\systems\RTFMS.xes,C:\projects\python\Anda\resources\models\RTFMS_10000_SUBSTITUTION_4.0_3_alpha.pnml,0.0031055900621117516,0.42300303902041825,212
C:\projects\python\Anda\Stability_Java\src\main\resources\systems\RTFMS.xes,C:\projects\python\Anda\resources\models\RTFMS_10000_SUBSTITUTION_4.0_3_heuristics.pnml,0.02324550351871446,0.9358463042724794,302
C:\projects\python\Anda\Stability_Java\src\main\resources\systems\RTFMS.xes,C:\projects\python\Anda\resources\models\RTFMS_10000_SUBSTITUTION_4.0_3_inductive.pnml,0.03224683598319933,1.0,327
C:\projects\python\Anda\Stability_Java\src\main\resources\systems\BPIC2012.xes,C:\projects\python\Anda\resources\models\BPIC2012_4000_SUBSTITUTION_0.2_4_alpha.pnml,0.08713038111552962,0.5756176366878568,39
C:\projects\python\Anda\Stability_Java\src\main\resources\systems\BPIC2012.xes,C:\projects\python\Anda\resources\models\BPIC2012_4000_SUBSTITUTION_0.2_4_heuristics.pnml,0.2621829236300789,0.9773964849016974,130
C:\projects\python\Anda\Stability_Java\src\main\resources\systems\BPIC2012.xes,C:\projects\python\Anda\resources\models\BPIC2012_4000_SUBSTITUTION_0.2_4_inductive.pnml,0.10379855646154534,0.9792633594305644,164
C:\projects\python\Anda\Stability_Java\src\main\resources\systems\Sepsis.xes,C:\projects\python\Anda\resources\models\Sepsis_20000_ABSENCE_2.0_3_alpha.pnml,0.4426422388436003,0.26588961197193384,22
C:\projects\python\Anda\Stability_Java\src\main\resources\systems\Sepsis.xes,C:\projects\python\Anda\resources\models\Sepsis_20000_ABSENCE_2.0_3_heuristics.pnml,0.7044386711624564,0.8969441018992028,107
C:\projects\python\Anda\Stability_Java\src\main\resources\systems\Sepsis.xes,C:\projects\python\Anda\resources\models\Sepsis_20000_ABSENCE_2.0_3_inductive.pnml,0.2475336831655084,1.0,95
C:\projects\python\Anda\Stability_Java\src\main\resources\systems\BPIC2012.xes,C:\projects\python\Anda\resources\models\BPIC2012_40000_ABSENCE_1.0_4_alpha.pnml,0.032258064516129004,0.5563406368294225,38
C:\projects\python\Anda\Stability_Java\src\main\resources\systems\BPIC2012.xes,C:\projects\python\Anda\resources\models\BPIC2012_40000_ABSENCE_1.0_4_heuristics.pnml,0.36471013284419984,0.9785070618306854,129
C:\projects\python\Anda\Stability_Java\src\main\resources\systems\BPIC2012.xes,C:\projects\python\Anda\resources\models\BPIC2012_40000_ABSENCE_1.0_4_inductive.pnml,0.09283415952338425,0.9999979705197701,121
C:\projects\python\Anda\Stability_Java\src\main\resources\systems\BPIC2012.xes,C:\projects\python\Anda\resources\models\BPIC2012_1000_ORDERING_0.2_1_alpha.pnml,0.0,0.47463088191095665,35
C:\projects\python\Anda\Stability_Java\src\main\resources\systems\BPIC2012.xes,C:\projects\python\Anda\resources\models\BPIC2012_1000_ORDERING_0.2_1_heuristics.pnml,0.31359728640007933,0.9840447784341055,114
C:\projects\python\Anda\Stability_Java\src\main\resources\systems\BPIC2012.xes,C:\projects\python\Anda\resources\models\BPIC2012_1000_ORDERING_0.2_1_inductive.pnml,0.11914813687751347,0.9926111435239973,136
C:\projects\python\Anda\Stability_Java\src\main\resources\systems\RTFMS.xes,C:\projects\python\Anda\resources\models\RTFMS_4000_ORDERING_10.0_2_alpha.pnml,0.19999999999999996,0.2938311812905806,26
C:\projects\python\Anda\Stability_Java\src\main\resources\systems\RTFMS.xes,C:\projects\python\Anda\resources\models\RTFMS_4000_ORDERING_10.0_2_heuristics.pnml,0.4159444787973513,0.9363260306004401,74
C:\projects\python\Anda\Stability_Java\src\main\resources\systems\RTFMS.xes,C:\projects\python\Anda\resources\models\RTFMS_4000_ORDERING_10.0_2_inductive.pnml,0.4252308838085902,0.9999735367316179,32
C:\projects\python\Anda\Stability_Java\src\main\resources\systems\RTFMS.xes,C:\projects\python\Anda\resources\models\RTFMS_20000_INSERTION_4.0_4_alpha.pnml,0.0014513788098693414,0.42294010469465126,405
C:\projects\python\Anda\Stability_Java\src\main\resources\systems\RTFMS.xes,C:\projects\python\Anda\resources\models\RTFMS_20000_INSERTION_4.0_4_heuristics.pnml,0.014912358626260724,0.9451527932401869,508
C:\projects\python\Anda\Stability_Java\src\main\resources\systems\RTFMS.xes,C:\projects\python\Anda\resources\models\RTFMS_20000_INSERTION_4.0_4_inductive.pnml,0.019748341778640488,0.999999643456073,527
C:\projects\python\Anda\Stability_Java\src\main\resources\systems\RTFMS.xes,C:\projects\python\Anda\resources\models\RTFMS_10000_ABSENCE_0.4_1_alpha.pnml,0.5,0.5263955245044593,33
C:\projects\python\Anda\Stability_Java\src\main\resources\systems\RTFMS.xes,C:\projects\python\Anda\resources\models\RTFMS_10000_ABSENCE_0.4_1_heuristics.pnml,0.6717019199834231,0.9328469639318271,64
C:\projects\python\Anda\Stability_Java\src\main\resources\systems\RTFMS.xes,C:\projects\python\Anda\resources\models\RTFMS_10000_ABSENCE_0.4_1_inductive.pnml,0.37554792702748174,0.9999911864716747,41
C:\projects\python\Anda\Stability_Java\src\main\resources\systems\RTFMS.xes,C:\projects\python\Anda\resources\models\RTFMS_10000_INSERTION_4.0_3_alpha.pnml,0.003058103975535187,0.42471388187818476,202
C:\projects\python\Anda\Stability_Java\src\main\resources\systems\RTFMS.xes,C:\projects\python\Anda\resources\models\RTFMS_10000_INSERTION_4.0_3_heuristics.pnml,0.03511667071773328,0.9452726324233964,285
C:\projects\python\Anda\Stability_Java\src\main\resources\systems\RTFMS.xes,C:\projects\python\Anda\resources\models\RTFMS_10000_INSERTION_4.0_3_inductive.pnml,0.038117396981490526,0.9999909613267426,308
C:\projects\python\Anda\Stability_Java\src\main\resources\systems\BPIC2012.xes,C:\projects\python\Anda\resources\models\BPIC2012_40000_SUBSTITUTION_0.2_1_alpha.pnml,0.008928571428571397,0.413581585926467,83
C:\projects\python\Anda\Stability_Java\src\main\resources\systems\BPIC2012.xes,C:\projects\python\Anda\resources\models\BPIC2012_40000_SUBSTITUTION_0.2_1_heuristics.pnml,0.19633461513835582,0.9742395376709878,176
C:\projects\python\Anda\Stability_Java\src\main\resources\systems\BPIC2012.xes,C:\projects\python\Anda\resources\models\BPIC2012_40000_SUBSTITUTION_0.2_1_inductive.pnml,0.041041030385687294,0.9933982747397856,274
C:\projects\python\Anda\Stability_Java\src\main\resources\systems\BPIC2012.xes,C:\projects\python\Anda\resources\models\BPIC2012_1000_MIXED_0.4_3_alpha.pnml,0.02941176470588236,0.5100489109305218,38
C:\projects\python\Anda\Stability_Java\src\main\resources\systems\BPIC2012.xes,C:\projects\python\Anda\resources\models\BPIC2012_1000_MIXED_0.4_3_heuristics.pnml,0.30134331569594,0.9840447784341055,115
C:\projects\python\Anda\Stability_Java\src\main\resources\systems\BPIC2012.xes,C:\projects\python\Anda\resources\models\BPIC2012_1000_MIXED_0.4_3_inductive.pnml,0.11370747805866266,0.9925220074886858,137
C:\projects\python\Anda\Stability_Java\src\main\resources\systems\Sepsis.xes,C:\projects\python\Anda\resources\models\Sepsis_40000_SUBSTITUTION_0.1_5_alpha.pnml,0.17370646647978338,0.2070498805179985,35
C:\projects\python\Anda\Stability_Java\src\main\resources\systems\Sepsis.xes,C:\projects\python\Anda\resources\models\Sepsis_40000_SUBSTITUTION_0.1_5_heuristics.pnml,0.4528945591527773,0.9000777795672529,123
C:\projects\python\Anda\Stability_Java\src\main\resources\systems\Sepsis.xes,C:\projects\python\Anda\resources\models\Sepsis_40000_SUBSTITUTION_0.1_5_inductive.pnml,0.12773381810943174,1.0,141
C:\projects\python\Anda\Stability_Java\src\main\resources\systems\BPIC2012.xes,C:\projects\python\Anda\resources\models\BPIC2012_4000_SUBSTITUTION_0.1_1_alpha.pnml,0.11159418453911674,0.5778531698189454,35
C:\projects\python\Anda\Stability_Java\src\main\resources\systems\BPIC2012.xes,C:\projects\python\Anda\resources\models\BPIC2012_4000_SUBSTITUTION_0.1_1_heuristics.pnml,0.2705472908073183,0.9793070566167426,122
C:\projects\python\Anda\Stability_Java\src\main\resources\systems\BPIC2012.xes,C:\projects\python\Anda\resources\models\BPIC2012_4000_SUBSTITUTION_0.1_1_inductive.pnml,0.12907101171921076,0.9671740112742657,136
C:\projects\python\Anda\Stability_Java\src\main\resources\systems\BPIC2012.xes,C:\projects\python\Anda\resources\models\BPIC2012_1000_ABSENCE_0.2_5_alpha.pnml,0.032258064516129004,0.5187001528195528,34
C:\projects\python\Anda\Stability_Java\src\main\resources\systems\BPIC2012.xes,C:\projects\python\Anda\resources\models\BPIC2012_1000_ABSENCE_0.2_5_heuristics.pnml,0.31359728640007933,0.9836055030938811,111
C:\projects\python\Anda\Stability_Java\src\main\resources\systems\BPIC2012.xes,C:\projects\python\Anda\resources\models\BPIC2012_1000_ABSENCE_0.2_5_inductive.pnml,0.11899905818319745,0.9924366182679252,134
C:\projects\python\Anda\Stability_Java\src\main\resources\systems\Sepsis.xes,C:\projects\python\Anda\resources\models\Sepsis_20000_INSERTION_1.0_4_alpha.pnml,0.029146179156345875,0.14836846400462628,116
C:\projects\python\Anda\Stability_Java\src\main\resources\systems\Sepsis.xes,C:\projects\python\Anda\resources\models\Sepsis_20000_INSERTION_1.0_4_heuristics.pnml,0.17160799551244343,0.8943766171425647,225
C:\projects\python\Anda\Stability_Java\src\main\resources\systems\Sepsis.xes,C:\projects\python\Anda\resources\models\Sepsis_20000_INSERTION_1.0_4_inductive.pnml,0.04347011765643527,1.0,286
C:\projects\python\Anda\Stability_Java\src\main\resources\systems\RTFMS.xes,C:\projects\python\Anda\resources\models\RTFMS_4000_SUBSTITUTION_0.2_1_alpha.pnml,0.125,0.5006342595378637,33
C:\projects\python\Anda\Stability_Java\src\main\resources\systems\RTFMS.xes,C:\projects\python\Anda\resources\models\RTFMS_4000_SUBSTITUTION_0.2_1_heuristics.pnml,0.4734175677877771,0.9301040723283364,72
C:\projects\python\Anda\Stability_Java\src\main\resources\systems\RTFMS.xes,C:\projects\python\Anda\resources\models\RTFMS_4000_SUBSTITUTION_0.2_1_inductive.pnml,0.2925421480268674,0.9999944675788015,60
C:\projects\python\Anda\Stability_Java\src\main\resources\systems\Sepsis.xes,C:\projects\python\Anda\resources\models\Sepsis_4000_ORDERING_10.0_1_alpha.pnml,0.2675500063702383,0.15421520232178498,26
C:\projects\python\Anda\Stability_Java\src\main\resources\systems\Sepsis.xes,C:\projects\python\Anda\resources\models\Sepsis_4000_ORDERING_10.0_1_heuristics.pnml,0.6046743464776252,0.8966615032615153,124
C:\projects\python\Anda\Stability_Java\src\main\resources\systems\Sepsis.xes,C:\projects\python\Anda\resources\models\Sepsis_4000_ORDERING_10.0_1_inductive.pnml,0.26181892470017065,1.0,100
C:\projects\python\Anda\Stability_Java\src\main\resources\systems\RTFMS.xes,C:\projects\python\Anda\resources\models\RTFMS_100000_INSERTION_0.2_5_alpha.pnml,0.01688532781833285,0.5310498961868997,114
C:\projects\python\Anda\Stability_Java\src\main\resources\systems\RTFMS.xes,C:\projects\python\Anda\resources\models\RTFMS_100000_INSERTION_0.2_5_heuristics.pnml,0.06714108446639189,0.9481166705839449,189
C:\projects\python\Anda\Stability_Java\src\main\resources\systems\RTFMS.xes,C:\projects\python\Anda\resources\models\RTFMS_100000_INSERTION_0.2_5_inductive.pnml,0.07186774149473973,1.0,217
C:\projects\python\Anda\Stability_Java\src\main\resources\systems\BPIC2012.xes,C:\projects\python\Anda\resources\models\BPIC2012_1000_ABSENCE_10.0_2_alpha.pnml,0.032258064516129004,0.5543221449941215,37
C:\projects\python\Anda\Stability_Java\src\main\resources\systems\BPIC2012.xes,C:\projects\python\Anda\resources\models\BPIC2012_1000_ABSENCE_10.0_2_heuristics.pnml,0.36862650996746316,0.9841895490740893,116
C:\projects\python\Anda\Stability_Java\src\main\resources\systems\BPIC2012.xes,C:\projects\python\Anda\resources\models\BPIC2012_1000_ABSENCE_10.0_2_inductive.pnml,0.10270386509477869,0.9964087591078477,139
C:\projects\python\Anda\Stability_Java\src\main\resources\systems\BPIC2012.xes,C:\projects\python\Anda\resources\models\BPIC2012_100000_ABSENCE_2.0_4_alpha.pnml,0.032258064516129004,0.563414538505251,38
C:\projects\python\Anda\Stability_Java\src\main\resources\systems\BPIC2012.xes,C:\projects\python\Anda\resources\models\BPIC2012_100000_ABSENCE_2.0_4_heuristics.pnml,0.30215763334245227,0.9716766434083572,134
C:\projects\python\Anda\Stability_Java\src\main\resources\systems\BPIC2012.xes,C:\projects\python\Anda\resources\models\BPIC2012_100000_ABSENCE_2.0_4_inductive.pnml,0.11555249331607864,0.9910439085742351,111
C:\projects\python\Anda\Stability_Java\src\main\resources\systems\RTFMS.xes,C:\projects\python\Anda\resources\models\RTFMS_10000_INSERTION_2.0_2_alpha.pnml,0.005617977528089901,0.515184669289229,117
C:\projects\python\Anda\Stability_Java\src\main\resources\systems\RTFMS.xes,C:\projects\python\Anda\resources\models\RTFMS_10000_INSERTION_2.0_2_heuristics.pnml,0.05776210139951121,0.9454808887334613,184
C:\projects\python\Anda\Stability_Java\src\main\resources\systems\RTFMS.xes,C:\projects\python\Anda\resources\models\RTFMS_10000_INSERTION_2.0_2_inductive.pnml,0.07449448659402813,0.9999825120215803,214
C:\projects\python\Anda\Stability_Java\src\main\resources\systems\BPIC2012.xes,C:\projects\python\Anda\resources\models\BPIC2012_2000_ORDERING_4.0_4_alpha.pnml,0.033333333333333326,0.3170276509081517,34
C:\projects\python\Anda\Stability_Java\src\main\resources\systems\BPIC2012.xes,C:\projects\python\Anda\resources\models\BPIC2012_2000_ORDERING_4.0_4_heuristics.pnml,0.33690119502703453,0.9832745565162829,114
C:\projects\python\Anda\Stability_Java\src\main\resources\systems\BPIC2012.xes,C:\projects\python\Anda\resources\models\BPIC2012_2000_ORDERING_4.0_4_inductive.pnml,0.13045717156086578,0.9937276692695847,129
C:\projects\python\Anda\Stability_Java\src\main\resources\systems\RTFMS.xes,C:\projects\python\Anda\resources\models\RTFMS_1000_MIXED_2.0_3_alpha.pnml,0.18191296557236714,0.6195022205980031,26
C:\projects\python\Anda\Stability_Java\src\main\resources\systems\RTFMS.xes,C:\projects\python\Anda\resources\models\RTFMS_1000_MIXED_2.0_3_heuristics.pnml,0.6966252323072224,0.9335083446359145,65
C:\projects\python\Anda\Stability_Java\src\main\resources\systems\RTFMS.xes,C:\projects\python\Anda\resources\models\RTFMS_1000_MIXED_2.0_3_inductive.pnml,0.31606895850525274,0.9999597563999074,76
C:\projects\python\Anda\Stability_Java\src\main\resources\systems\BPIC2012.xes,C:\projects\python\Anda\resources\models\BPIC2012_4000_ABSENCE_2.0_2_alpha.pnml,0.032258064516129004,0.5424698256645475,36
C:\projects\python\Anda\Stability_Java\src\main\resources\systems\BPIC2012.xes,C:\projects\python\Anda\resources\models\BPIC2012_4000_ABSENCE_2.0_2_heuristics.pnml,0.30734432257164823,0.9799849323684009,129
C:\projects\python\Anda\Stability_Java\src\main\resources\systems\BPIC2012.xes,C:\projects\python\Anda\resources\models\BPIC2012_4000_ABSENCE_2.0_2_inductive.pnml,0.10511342906253851,0.9797332446906993,144
C:\projects\python\Anda\Stability_Java\src\main\resources\systems\RTFMS.xes,C:\projects\python\Anda\resources\models\RTFMS_100000_SUBSTITUTION_0.2_5_alpha.pnml,0.011493576377211268,0.47694459913004233,114
C:\projects\python\Anda\Stability_Java\src\main\resources\systems\RTFMS.xes,C:\projects\python\Anda\resources\models\RTFMS_100000_SUBSTITUTION_0.2_5_heuristics.pnml,0.05688667439782191,0.9390144272202365,190
C:\projects\python\Anda\Stability_Java\src\main\resources\systems\RTFMS.xes,C:\projects\python\Anda\resources\models\RTFMS_100000_SUBSTITUTION_0.2_5_inductive.pnml,0.061370315360464,0.9999997069270526,232
C:\projects\python\Anda\Stability_Java\src\main\resources\systems\RTFMS.xes,C:\projects\python\Anda\resources\models\RTFMS_20000_ABSENCE_4.0_5_alpha.pnml,0.5,0.6297079081261633,27
C:\projects\python\Anda\Stability_Java\src\main\resources\systems\RTFMS.xes,C:\projects\python\Anda\resources\models\RTFMS_20000_ABSENCE_4.0_5_heuristics.pnml,0.6717019199834231,0.9332308906455538,63
C:\projects\python\Anda\Stability_Java\src\main\resources\systems\RTFMS.xes,C:\projects\python\Anda\resources\models\RTFMS_20000_ABSENCE_4.0_5_inductive.pnml,0.4838523894789444,0.9999990793872033,41
C:\projects\python\Anda\Stability_Java\src\main\resources\systems\BPIC2012.xes,C:\projects\python\Anda\resources\models\BPIC2012_20000_ABSENCE_0.2_3_alpha.pnml,0.032258064516129004,0.5552113061952955,37
C:\projects\python\Anda\Stability_Java\src\main\resources\systems\BPIC2012.xes,C:\projects\python\Anda\resources\models\BPIC2012_20000_ABSENCE_0.2_3_heuristics.pnml,0.2728614166237867,0.976906173718564,123
C:\projects\python\Anda\Stability_Java\src\main\resources\systems\BPIC2012.xes,C:\projects\python\Anda\resources\models\BPIC2012_20000_ABSENCE_0.2_3_inductive.pnml,0.09643304162362631,0.9737805792991241,141
C:\projects\python\Anda\Stability_Java\src\main\resources\systems\BPIC2012.xes,C:\projects\python\Anda\resources\models\BPIC2012_10000_MIXED_0.4_1_alpha.pnml,0.0,0.33268140038395955,48
C:\projects\python\Anda\Stability_Java\src\main\resources\systems\BPIC2012.xes,C:\projects\python\Anda\resources\models\BPIC2012_10000_MIXED_0.4_1_heuristics.pnml,0.23134694580049264,0.9807494204012908,143
C:\projects\python\Anda\Stability_Java\src\main\resources\systems\BPIC2012.xes,C:\projects\python\Anda\resources\models\BPIC2012_10000_MIXED_0.4_1_inductive.pnml,0.07222541364770019,1.0,227
C:\projects\python\Anda\Stability_Java\src\main\resources\systems\Sepsis.xes,C:\projects\python\Anda\resources\models\Sepsis_2000_SUBSTITUTION_4.0_4_alpha.pnml,0.07567645956953117,0.14783076294542652,58
C:\projects\python\Anda\Stability_Java\src\main\resources\systems\Sepsis.xes,C:\projects\python\Anda\resources\models\Sepsis_2000_SUBSTITUTION_4.0_4_heuristics.pnml,0.3432473935181444,0.9148295712987056,154
C:\projects\python\Anda\Stability_Java\src\main\resources\systems\Sepsis.xes,C:\projects\python\Anda\resources\models\Sepsis_2000_SUBSTITUTION_4.0_4_inductive.pnml,0.07850792833996956,1.0,213
C:\projects\python\Anda\Stability_Java\src\main\resources\systems\BPIC2012.xes,C:\projects\python\Anda\resources\models\BPIC2012_1000_MIXED_1.0_5_alpha.pnml,0.027027027027026973,0.5263442997778434,39
C:\projects\python\Anda\Stability_Java\src\main\resources\systems\BPIC2012.xes,C:\projects\python\Anda\resources\models\BPIC2012_1000_MIXED_1.0_5_heuristics.pnml,0.29698222824535747,0.9836759379755312,118
C:\projects\python\Anda\Stability_Java\src\main\resources\systems\BPIC2012.xes,C:\projects\python\Anda\resources\models\BPIC2012_1000_MIXED_1.0_5_inductive.pnml,0.15677045200453044,0.9999684112880295,173
C:\projects\python\Anda\Stability_Java\src\main\resources\systems\BPIC2012.xes,C:\projects\python\Anda\resources\models\BPIC2012_2000_ABSENCE_2.0_3_alpha.pnml,0.032258064516129004,0.5552113061952955,37
C:\projects\python\Anda\Stability_Java\src\main\resources\systems\BPIC2012.xes,C:\projects\python\Anda\resources\models\BPIC2012_2000_ABSENCE_2.0_3_heuristics.pnml,0.2948961695871287,0.9822255027715899,106
C:\projects\python\Anda\Stability_Java\src\main\resources\systems\BPIC2012.xes,C:\projects\python\Anda\resources\models\BPIC2012_2000_ABSENCE_2.0_3_inductive.pnml,0.0970495583204607,0.9777735401059386,141
C:\projects\python\Anda\Stability_Java\src\main\resources\systems\BPIC2012.xes,C:\projects\python\Anda\resources\models\BPIC2012_40000_ORDERING_0.4_2_alpha.pnml,0.0,0.2316529553312709,43
C:\projects\python\Anda\Stability_Java\src\main\resources\systems\BPIC2012.xes,C:\projects\python\Anda\resources\models\BPIC2012_40000_ORDERING_0.4_2_heuristics.pnml,0.3420807419592442,0.9778704495676986,138
C:\projects\python\Anda\Stability_Java\src\main\resources\systems\BPIC2012.xes,C:\projects\python\Anda\resources\models\BPIC2012_40000_ORDERING_0.4_2_inductive.pnml,0.08946415563444787,0.9646947710368585,153
C:\projects\python\Anda\Stability_Java\src\main\resources\systems\RTFMS.xes,C:\projects\python\Anda\resources\models\RTFMS_20000_INSERTION_0.4_3_alpha.pnml,0.03750431520724551,0.5784511611587806,58
C:\projects\python\Anda\Stability_Java\src\main\resources\systems\RTFMS.xes,C:\projects\python\Anda\resources\models\RTFMS_20000_INSERTION_0.4_3_heuristics.pnml,0.1452074882737857,0.9464752732055812,109
C:\projects\python\Anda\Stability_Java\src\main\resources\systems\RTFMS.xes,C:\projects\python\Anda\resources\models\RTFMS_20000_INSERTION_0.4_3_inductive.pnml,0.13752521488711833,1.0,117
C:\projects\python\Anda\Stability_Java\src\main\resources\systems\Sepsis.xes,C:\projects\python\Anda\resources\models\Sepsis_20000_ABSENCE_10.0_3_alpha.pnml,0.4897388059701493,0.2478320647764068,22
C:\projects\python\Anda\Stability_Java\src\main\resources\systems\Sepsis.xes,C:\projects\python\Anda\resources\models\Sepsis_20000_ABSENCE_10.0_3_heuristics.pnml,0.6862627073301231,0.8864247525002243,114
C:\projects\python\Anda\Stability_Java\src\main\resources\systems\Sepsis.xes,C:\projects\python\Anda\resources\models\Sepsis_20000_ABSENCE_10.0_3_inductive.pnml,0.2475336831655084,1.0,95
C:\projects\python\Anda\Stability_Java\src\main\resources\systems\RTFMS.xes,C:\projects\python\Anda\resources\models\RTFMS_100000_ORDERING_1.0_4_alpha.pnml,0.0,0.27733557270715037,22
C:\projects\python\Anda\Stability_Java\src\main\resources\systems\RTFMS.xes,C:\projects\python\Anda\resources\models\RTFMS_100000_ORDERING_1.0_4_heuristics.pnml,0.4221400321850367,0.9342006462519402,82
C:\projects\python\Anda\Stability_Java\src\main\resources\systems\RTFMS.xes,C:\projects\python\Anda\resources\models\RTFMS_100000_ORDERING_1.0_4_inductive.pnml,0.4145891404108252,1.0,71
C:\projects\python\Anda\Stability_Java\src\main\resources\systems\BPIC2012.xes,C:\projects\python\Anda\resources\models\BPIC2012_40000_ABSENCE_0.4_5_alpha.pnml,0.032258064516129004,0.5587697330479056,38
C:\projects\python\Anda\Stability_Java\src\main\resources\systems\BPIC2012.xes,C:\projects\python\Anda\resources\models\BPIC2012_40000_ABSENCE_0.4_5_heuristics.pnml,0.3668347468341694,0.9792209563660986,130
C:\projects\python\Anda\Stability_Java\src\main\resources\systems\BPIC2012.xes,C:\projects\python\Anda\resources\models\BPIC2012_40000_ABSENCE_0.4_5_inductive.pnml,0.09496977238284998,0.9933840854783562,146
C:\projects\python\Anda\Stability_Java\src\main\resources\systems\Sepsis.xes,C:\projects\python\Anda\resources\models\Sepsis_4000_ABSENCE_0.2_5_alpha.pnml,0.4426422388436003,0.26588961197193384,22
C:\projects\python\Anda\Stability_Java\src\main\resources\systems\Sepsis.xes,C:\projects\python\Anda\resources\models\Sepsis_4000_ABSENCE_0.2_5_heuristics.pnml,0.7811300424270995,0.8945615359840644,117
C:\projects\python\Anda\Stability_Java\src\main\resources\systems\Sepsis.xes,C:\projects\python\Anda\resources\models\Sepsis_4000_ABSENCE_0.2_5_inductive.pnml,0.28344408941511645,1.0,89
C:\projects\python\Anda\Stability_Java\src\main\resources\systems\RTFMS.xes,C:\projects\python\Anda\resources\models\RTFMS_100000_MIXED_10.0_5_alpha.pnml,0.0002518257365903276,0.4221865386838927,2312
C:\projects\python\Anda\Stability_Java\src\main\resources\systems\RTFMS.xes,C:\projects\python\Anda\resources\models\RTFMS_100000_MIXED_10.0_5_heuristics.pnml,0.002677080227324713,0.9453625664766697,2560
C:\projects\python\Anda\Stability_Java\src\main\resources\systems\RTFMS.xes,C:\projects\python\Anda\resources\models\RTFMS_100000_MIXED_10.0_5_inductive.pnml,0.00301673971760541,1.0,2476
C:\projects\python\Anda\Stability_Java\src\main\resources\systems\RTFMS.xes,C:\projects\python\Anda\resources\models\RTFMS_2000_ORDERING_10.0_2_alpha.pnml,0.25,0.2988521034175638,26
C:\projects\python\Anda\Stability_Java\src\main\resources\systems\RTFMS.xes,C:\projects\python\Anda\resources\models\RTFMS_2000_ORDERING_10.0_2_heuristics.pnml,0.4159444787973513,0.9367980354133472,85
C:\projects\python\Anda\Stability_Java\src\main\resources\systems\RTFMS.xes,C:\projects\python\Anda\resources\models\RTFMS_2000_ORDERING_10.0_2_inductive.pnml,0.4203928191922385,0.9999567178099061,34
C:\projects\python\Anda\Stability_Java\src\main\resources\systems\BPIC2012.xes,C:\projects\python\Anda\resources\models\BPIC2012_100000_SUBSTITUTION_4.0_4_alpha.pnml,0.0002637826431021173,0.10615434411676244,2050
C:\projects\python\Anda\Stability_Java\src\main\resources\systems\BPIC2012.xes,C:\projects\python\Anda\resources\models\BPIC2012_100000_SUBSTITUTION_4.0_4_heuristics.pnml,0.009283440033313384,0.978867395587953,2452
C:\projects\python\Anda\Stability_Java\src\main\resources\systems\BPIC2012.xes,C:\projects\python\Anda\resources\models\BPIC2012_100000_SUBSTITUTION_4.0_4_inductive.pnml,0.0026295606682139594,1.0,2416
C:\projects\python\Anda\Stability_Java\src\main\resources\systems\Sepsis.xes,C:\projects\python\Anda\resources\models\Sepsis_20000_SUBSTITUTION_0.4_5_alpha.pnml,0.07796722220445074,0.16684207571045223,58
C:\projects\python\Anda\Stability_Java\src\main\resources\systems\Sepsis.xes,C:\projects\python\Anda\resources\models\Sepsis_20000_SUBSTITUTION_0.4_5_heuristics.pnml,0.286201940352138,0.8931332124916521,158
C:\projects\python\Anda\Stability_Java\src\main\resources\systems\Sepsis.xes,C:\projects\python\Anda\resources\models\Sepsis_20000_SUBSTITUTION_0.4_5_inductive.pnml,0.08571411731885281,1.0,222
C:\projects\python\Anda\Stability_Java\src\main\resources\systems\Sepsis.xes,C:\projects\python\Anda\resources\models\Sepsis_40000_ORDERING_4.0_1_alpha.pnml,0.3846153846153846,0.1480378433189221,25
C:\projects\python\Anda\Stability_Java\src\main\resources\systems\Sepsis.xes,C:\projects\python\Anda\resources\models\Sepsis_40000_ORDERING_4.0_1_heuristics.pnml,0.5519338739862758,0.8896100175512272,124
C:\projects\python\Anda\Stability_Java\src\main\resources\systems\Sepsis.xes,C:\projects\python\Anda\resources\models\Sepsis_40000_ORDERING_4.0_1_inductive.pnml,0.23286153253177155,1.0,90
C:\projects\python\Anda\Stability_Java\src\main\resources\systems\RTFMS.xes,C:\projects\python\Anda\resources\models\RTFMS_10000_ABSENCE_0.4_4_alpha.pnml,0.5,0.5263955245044593,33
C:\projects\python\Anda\Stability_Java\src\main\resources\systems\RTFMS.xes,C:\projects\python\Anda\resources\models\RTFMS_10000_ABSENCE_0.4_4_heuristics.pnml,0.6713810207259989,0.9327117027037443,67
C:\projects\python\Anda\Stability_Java\src\main\resources\systems\RTFMS.xes,C:\projects\python\Anda\resources\models\RTFMS_10000_ABSENCE_0.4_4_inductive.pnml,0.37554792702748174,0.9999911864716747,41
C:\projects\python\Anda\Stability_Java\src\main\resources\systems\BPIC2012.xes,C:\projects\python\Anda\resources\models\BPIC2012_20000_MIXED_2.0_2_alpha.pnml,0.005050505050505083,0.19124743584453302,136
C:\projects\python\Anda\Stability_Java\src\main\resources\systems\BPIC2012.xes,C:\projects\python\Anda\resources\models\BPIC2012_20000_MIXED_2.0_2_heuristics.pnml,0.11785438008940863,0.9807278461589312,272
C:\projects\python\Anda\Stability_Java\src\main\resources\systems\BPIC2012.xes,C:\projects\python\Anda\resources\models\BPIC2012_20000_MIXED_2.0_2_inductive.pnml,0.030690219202532343,1.0,332
C:\projects\python\Anda\Stability_Java\src\main\resources\systems\Sepsis.xes,C:\projects\python\Anda\resources\models\Sepsis_2000_ABSENCE_1.0_1_alpha.pnml,0.4426050420168067,0.23947726385374474,22
C:\projects\python\Anda\Stability_Java\src\main\resources\systems\Sepsis.xes,C:\projects\python\Anda\resources\models\Sepsis_2000_ABSENCE_1.0_1_heuristics.pnml,0.7073244187447296,0.9138685353783417,111
C:\projects\python\Anda\Stability_Java\src\main\resources\systems\Sepsis.xes,C:\projects\python\Anda\resources\models\Sepsis_2000_ABSENCE_1.0_1_inductive.pnml,0.2475336831655084,1.0,95
C:\projects\python\Anda\Stability_Java\src\main\resources\systems\RTFMS.xes,C:\projects\python\Anda\resources\models\RTFMS_20000_SUBSTITUTION_1.0_3_alpha.pnml,0.006172839506172867,0.47496478051607505,115
C:\projects\python\Anda\Stability_Java\src\main\resources\systems\RTFMS.xes,C:\projects\python\Anda\resources\models\RTFMS_20000_SUBSTITUTION_1.0_3_heuristics.pnml,0.04380587425901061,0.936032356397149,184
C:\projects\python\Anda\Stability_Java\src\main\resources\systems\RTFMS.xes,C:\projects\python\Anda\resources\models\RTFMS_20000_SUBSTITUTION_1.0_3_inductive.pnml,0.058103460616480196,0.999999830372744,224
C:\projects\python\Anda\Stability_Java\src\main\resources\systems\Sepsis.xes,C:\projects\python\Anda\resources\models\Sepsis_1000_ORDERING_2.0_2_alpha.pnml,0.33163427843262183,0.21247844841591212,26
C:\projects\python\Anda\Stability_Java\src\main\resources\systems\Sepsis.xes,C:\projects\python\Anda\resources\models\Sepsis_1000_ORDERING_2.0_2_heuristics.pnml,0.6429105407425866,0.9099023866914524,99
C:\projects\python\Anda\Stability_Java\src\main\resources\systems\Sepsis.xes,C:\projects\python\Anda\resources\models\Sepsis_1000_ORDERING_2.0_2_inductive.pnml,0.2537023577637585,0.9999304494949277,89
C:\projects\python\Anda\Stability_Java\src\main\resources\systems\RTFMS.xes,C:\projects\python\Anda\resources\models\RTFMS_100000_MIXED_4.0_4_alpha.pnml,0.0006535947712418277,0.4222478964188532,900
C:\projects\python\Anda\Stability_Java\src\main\resources\systems\RTFMS.xes,C:\projects\python\Anda\resources\models\RTFMS_100000_MIXED_4.0_4_heuristics.pnml,0.008165885610066148,0.9453873330490656,1026
C:\projects\python\Anda\Stability_Java\src\main\resources\systems\RTFMS.xes,C:\projects\python\Anda\resources\models\RTFMS_100000_MIXED_4.0_4_inductive.pnml,0.007788653888010755,1.0,1044
C:\projects\python\Anda\Stability_Java\src\main\resources\systems\BPIC2012.xes,C:\projects\python\Anda\resources\models\BPIC2012_2000_SUBSTITUTION_0.1_2_alpha.pnml,0.11258491412368843,0.6066357758906761,33
C:\projects\python\Anda\Stability_Java\src\main\resources\systems\BPIC2012.xes,C:\projects\python\Anda\resources\models\BPIC2012_2000_SUBSTITUTION_0.1_2_heuristics.pnml,0.29748148088602355,0.9822255027715899,104
C:\projects\python\Anda\Stability_Java\src\main\resources\systems\BPIC2012.xes,C:\projects\python\Anda\resources\models\BPIC2012_2000_SUBSTITUTION_0.1_2_inductive.pnml,0.11600180120652981,0.9674338233816042,137
C:\projects\python\Anda\Stability_Java\src\main\resources\systems\BPIC2012.xes,C:\projects\python\Anda\resources\models\BPIC2012_10000_MIXED_10.0_2_alpha.pnml,0.002293577981651418,0.09674860926998557,267
C:\projects\python\Anda\Stability_Java\src\main\resources\systems\BPIC2012.xes,C:\projects\python\Anda\resources\models\BPIC2012_10000_MIXED_10.0_2_heuristics.pnml,0.06843192398125386,0.9756157307941716,431
C:\projects\python\Anda\Stability_Java\src\main\resources\systems\BPIC2012.xes,C:\projects\python\Anda\resources\models\BPIC2012_10000_MIXED_10.0_2_inductive.pnml,0.016836031443069444,1.0,549
C:\projects\python\Anda\Stability_Java\src\main\resources\systems\RTFMS.xes,C:\projects\python\Anda\resources\models\RTFMS_100000_SUBSTITUTION_1.0_1_alpha.pnml,0.0012135922330097637,0.4208575928091651,507
C:\projects\python\Anda\Stability_Java\src\main\resources\systems\RTFMS.xes,C:\projects\python\Anda\resources\models\RTFMS_100000_SUBSTITUTION_1.0_1_heuristics.pnml,0.012842405748395347,0.9362335878122447,617
C:\projects\python\Anda\Stability_Java\src\main\resources\systems\RTFMS.xes,C:\projects\python\Anda\resources\models\RTFMS_100000_SUBSTITUTION_1.0_1_inductive.pnml,0.015044395404787636,1.0,635
C:\projects\python\Anda\Stability_Java\src\main\resources\systems\RTFMS.xes,C:\projects\python\Anda\resources\models\RTFMS_20000_SUBSTITUTION_0.1_4_alpha.pnml,0.05882352941176472,0.4925782278889637,33
C:\projects\python\Anda\Stability_Java\src\main\resources\systems\RTFMS.xes,C:\projects\python\Anda\resources\models\RTFMS_20000_SUBSTITUTION_0.1_4_heuristics.pnml,0.23940688095522222,0.936398468263082,85
C:\projects\python\Anda\Stability_Java\src\main\resources\systems\RTFMS.xes,C:\projects\python\Anda\resources\models\RTFMS_20000_SUBSTITUTION_0.1_4_inductive.pnml,0.2757425804994744,0.9999994971680505,89
C:\projects\python\Anda\Stability_Java\src\main\resources\systems\RTFMS.xes,C:\projects\python\Anda\resources\models\RTFMS_1000_ORDERING_1.0_4_alpha.pnml,0.25,0.5981302562624825,27
C:\projects\python\Anda\Stability_Java\src\main\resources\systems\RTFMS.xes,C:\projects\python\Anda\resources\models\RTFMS_1000_ORDERING_1.0_4_heuristics.pnml,0.6713897718936668,0.9333226203084879,58
C:\projects\python\Anda\Stability_Java\src\main\resources\systems\RTFMS.xes,C:\projects\python\Anda\resources\models\RTFMS_1000_ORDERING_1.0_4_inductive.pnml,0.48262367808315343,0.9998555228378442,51
C:\projects\python\Anda\Stability_Java\src\main\resources\systems\RTFMS.xes,C:\projects\python\Anda\resources\models\RTFMS_2000_SUBSTITUTION_4.0_2_alpha.pnml,0.024096202141403955,0.4825277186868599,60
C:\projects\python\Anda\Stability_Java\src\main\resources\systems\RTFMS.xes,C:\projects\python\Anda\resources\models\RTFMS_2000_SUBSTITUTION_4.0_2_heuristics.pnml,0.11250909333580672,0.9368001481400532,124
C:\projects\python\Anda\Stability_Java\src\main\resources\systems\RTFMS.xes,C:\projects\python\Anda\resources\models\RTFMS_2000_SUBSTITUTION_4.0_2_inductive.pnml,0.10232646923382849,0.9999809779513082,147
C:\projects\python\Anda\Stability_Java\src\main\resources\systems\Sepsis.xes,C:\projects\python\Anda\resources\models\Sepsis_2000_SUBSTITUTION_10.0_4_alpha.pnml,0.03575274079874702,0.14540314358290513,115
C:\projects\python\Anda\Stability_Java\src\main\resources\systems\Sepsis.xes,C:\projects\python\Anda\resources\models\Sepsis_2000_SUBSTITUTION_10.0_4_heuristics.pnml,0.17064220183486234,0.9075328683673267,218
C:\projects\python\Anda\Stability_Java\src\main\resources\systems\Sepsis.xes,C:\projects\python\Anda\resources\models\Sepsis_2000_SUBSTITUTION_10.0_4_inductive.pnml,0.04387835857892608,1.0,288
C:\projects\python\Anda\Stability_Java\src\main\resources\systems\RTFMS.xes,C:\projects\python\Anda\resources\models\RTFMS_2000_INSERTION_0.1_3_alpha.pnml,0.6276433588171615,0.6729637440661458,27
C:\projects\python\Anda\Stability_Java\src\main\resources\systems\RTFMS.xes,C:\projects\python\Anda\resources\models\RTFMS_2000_INSERTION_0.1_3_heuristics.pnml,0.8198903689844932,0.9352917290388906,66
C:\projects\python\Anda\Stability_Java\src\main\resources\systems\RTFMS.xes,C:\projects\python\Anda\resources\models\RTFMS_2000_INSERTION_0.1_3_inductive.pnml,0.6293526019595117,0.9999211411832334,62
C:\projects\python\Anda\Stability_Java\src\main\resources\systems\Sepsis.xes,C:\projects\python\Anda\resources\models\Sepsis_10000_ORDERING_0.1_5_alpha.pnml,0.4426422388436003,0.26588961197193384,22
C:\projects\python\Anda\Stability_Java\src\main\resources\systems\Sepsis.xes,C:\projects\python\Anda\resources\models\Sepsis_10000_ORDERING_0.1_5_heuristics.pnml,0.7044386711624564,0.897762694969453,107
C:\projects\python\Anda\Stability_Java\src\main\resources\systems\Sepsis.xes,C:\projects\python\Anda\resources\models\Sepsis_10000_ORDERING_0.1_5_inductive.pnml,0.301076686137666,1.0,93
C:\projects\python\Anda\Stability_Java\src\main\resources\systems\Sepsis.xes,C:\projects\python\Anda\resources\models\Sepsis_100000_SUBSTITUTION_4.0_1_alpha.pnml,0.001683029453015461,0.12909571964249378,1878
C:\projects\python\Anda\Stability_Java\src\main\resources\systems\Sepsis.xes,C:\projects\python\Anda\resources\models\Sepsis_100000_SUBSTITUTION_4.0_1_heuristics.pnml,0.011713487887677565,0.8949840383182571,2123
C:\projects\python\Anda\Stability_Java\src\main\resources\systems\Sepsis.xes,C:\projects\python\Anda\resources\models\Sepsis_100000_SUBSTITUTION_4.0_1_inductive.pnml,0.0027947015829511423,1.0,2101
C:\projects\python\Anda\Stability_Java\src\main\resources\systems\Sepsis.xes,C:\projects\python\Anda\resources\models\Sepsis_40000_ABSENCE_0.1_4_alpha.pnml,0.4426422388436003,0.26588961197193384,22
C:\projects\python\Anda\Stability_Java\src\main\resources\systems\Sepsis.xes,C:\projects\python\Anda\resources\models\Sepsis_40000_ABSENCE_0.1_4_heuristics.pnml,0.7033112582781457,0.89721291069021,107
C:\projects\python\Anda\Stability_Java\src\main\resources\systems\Sepsis.xes,C:\projects\python\Anda\resources\models\Sepsis_40000_ABSENCE_0.1_4_inductive.pnml,0.2475336831655084,1.0,95
C:\projects\python\Anda\Stability_Java\src\main\resources\systems\Sepsis.xes,C:\projects\python\Anda\resources\models\Sepsis_40000_SUBSTITUTION_10.0_2_alpha.pnml,0.0016939582156973998,0.1291195277914412,1869
C:\projects\python\Anda\Stability_Java\src\main\resources\systems\Sepsis.xes,C:\projects\python\Anda\resources\models\Sepsis_40000_SUBSTITUTION_10.0_2_heuristics.pnml,0.012066212445803193,0.8949840383182571,2089
C:\projects\python\Anda\Stability_Java\src\main\resources\systems\Sepsis.xes,C:\projects\python\Anda\resources\models\Sepsis_40000_SUBSTITUTION_10.0_2_inductive.pnml,0.002747471745444874,1.0,2096
C:\projects\python\Anda\Stability_Java\src\main\resources\systems\Sepsis.xes,C:\projects\python\Anda\resources\models\Sepsis_1000_ORDERING_10.0_1_alpha.pnml,0.40901455767077266,0.23224245823765532,23
C:\projects\python\Anda\Stability_Java\src\main\resources\systems\Sepsis.xes,C:\projects\python\Anda\resources\models\Sepsis_1000_ORDERING_10.0_1_heuristics.pnml,0.6978085935523053,0.909291842845718,100
C:\projects\python\Anda\Stability_Java\src\main\resources\systems\Sepsis.xes,C:\projects\python\Anda\resources\models\Sepsis_1000_ORDERING_10.0_1_inductive.pnml,0.2896587183408009,0.9999343747655818,95
C:\projects\python\Anda\Stability_Java\src\main\resources\systems\BPIC2012.xes,C:\projects\python\Anda\resources\models\BPIC2012_2000_ORDERING_1.0_2_alpha.pnml,0.03125,0.4187735137619223,32
C:\projects\python\Anda\Stability_Java\src\main\resources\systems\BPIC2012.xes,C:\projects\python\Anda\resources\models\BPIC2012_2000_ORDERING_1.0_2_heuristics.pnml,0.29235540726656994,0.9827026113945148,110
C:\projects\python\Anda\Stability_Java\src\main\resources\systems\BPIC2012.xes,C:\projects\python\Anda\resources\models\BPIC2012_2000_ORDERING_1.0_2_inductive.pnml,0.0972516864187144,0.9733454930105976,139
C:\projects\python\Anda\Stability_Java\src\main\resources\systems\BPIC2012.xes,C:\projects\python\Anda\resources\models\BPIC2012_40000_ORDERING_4.0_4_alpha.pnml,0.0,0.22814297934014222,50
C:\projects\python\Anda\Stability_Java\src\main\resources\systems\BPIC2012.xes,C:\projects\python\Anda\resources\models\BPIC2012_40000_ORDERING_4.0_4_heuristics.pnml,0.32616608022950744,0.9749488195467908,159
C:\projects\python\Anda\Stability_Java\src\main\resources\systems\BPIC2012.xes,C:\projects\python\Anda\resources\models\BPIC2012_40000_ORDERING_4.0_4_inductive.pnml,0.09021627256781517,1.0,122
C:\projects\python\Anda\Stability_Java\src\main\resources\systems\Sepsis.xes,C:\projects\python\Anda\resources\models\Sepsis_40000_ORDERING_0.1_3_alpha.pnml,0.4426050420168067,0.2204762280244958,22
C:\projects\python\Anda\Stability_Java\src\main\resources\systems\Sepsis.xes,C:\projects\python\Anda\resources\models\Sepsis_40000_ORDERING_0.1_3_heuristics.pnml,0.7033112582781457,0.9005055576687526,110
C:\projects\python\Anda\Stability_Java\src\main\resources\systems\Sepsis.xes,C:\projects\python\Anda\resources\models\Sepsis_40000_ORDERING_0.1_3_inductive.pnml,0.2539858088325174,1.0,93
C:\projects\python\Anda\Stability_Java\src\main\resources\systems\BPIC2012.xes,C:\projects\python\Anda\resources\models\BPIC2012_100000_MIXED_1.0_1_alpha.pnml,0.0022371364653244186,0.11043944597662853,259
C:\projects\python\Anda\Stability_Java\src\main\resources\systems\BPIC2012.xes,C:\projects\python\Anda\resources\models\BPIC2012_100000_MIXED_1.0_1_heuristics.pnml,0.06194324699258891,0.9725232434739588,421
C:\projects\python\Anda\Stability_Java\src\main\resources\systems\BPIC2012.xes,C:\projects\python\Anda\resources\models\BPIC2012_100000_MIXED_1.0_1_inductive.pnml,0.01816285548534191,1.0,524
C:\projects\python\Anda\Stability_Java\src\main\resources\systems\Sepsis.xes,C:\projects\python\Anda\resources\models\Sepsis_2000_INSERTION_0.1_2_alpha.pnml,0.4447352866672296,0.22941815522755504,22
C:\projects\python\Anda\Stability_Java\src\main\resources\systems\Sepsis.xes,C:\projects\python\Anda\resources\models\Sepsis_2000_INSERTION_0.1_2_heuristics.pnml,0.6650996828273674,0.9032809084797411,112
C:\projects\python\Anda\Stability_Java\src\main\resources\systems\Sepsis.xes,C:\projects\python\Anda\resources\models\Sepsis_2000_INSERTION_0.1_2_inductive.pnml,0.25762075419340746,1.0,89
C:\projects\python\Anda\Stability_Java\src\main\resources\systems\Sepsis.xes,C:\projects\python\Anda\resources\models\Sepsis_100000_MIXED_2.0_5_alpha.pnml,0.006369426751592355,0.12904822615965877,511
C:\projects\python\Anda\Stability_Java\src\main\resources\systems\Sepsis.xes,C:\projects\python\Anda\resources\models\Sepsis_100000_MIXED_2.0_5_heuristics.pnml,0.04119971945540635,0.9021663333214514,651
C:\projects\python\Anda\Stability_Java\src\main\resources\systems\Sepsis.xes,C:\projects\python\Anda\resources\models\Sepsis_100000_MIXED_2.0_5_inductive.pnml,0.009808474662377109,1.0,714
C:\projects\python\Anda\Stability_Java\src\main\resources\systems\BPIC2012.xes,C:\projects\python\Anda\resources\models\BPIC2012_1000_SUBSTITUTION_1.0_4_alpha.pnml,0.09190582461897179,0.5277092544276651,39
C:\projects\python\Anda\Stability_Java\src\main\resources\systems\BPIC2012.xes,C:\projects\python\Anda\resources\models\BPIC2012_1000_SUBSTITUTION_1.0_4_heuristics.pnml,0.3018228457870227,0.9839240182309407,119
C:\projects\python\Anda\Stability_Java\src\main\resources\systems\BPIC2012.xes,C:\projects\python\Anda\resources\models\BPIC2012_1000_SUBSTITUTION_1.0_4_inductive.pnml,0.08863319311131135,0.9999723314826676,171
C:\projects\python\Anda\Stability_Java\src\main\resources\systems\Sepsis.xes,C:\projects\python\Anda\resources\models\Sepsis_10000_ORDERING_10.0_1_alpha.pnml,0.33348154735437974,0.15936392252166454,26
C:\projects\python\Anda\Stability_Java\src\main\resources\systems\Sepsis.xes,C:\projects\python\Anda\resources\models\Sepsis_10000_ORDERING_10.0_1_heuristics.pnml,0.5765721733463669,0.8911097676762894,124
C:\projects\python\Anda\Stability_Java\src\main\resources\systems\Sepsis.xes,C:\projects\python\Anda\resources\models\Sepsis_10000_ORDERING_10.0_1_inductive.pnml,0.23182157322532504,1.0,103
C:\projects\python\Anda\Stability_Java\src\main\resources\systems\BPIC2012.xes,C:\projects\python\Anda\resources\models\BPIC2012_1000_INSERTION_1.0_2_alpha.pnml,0.0,0.546015531255009,41
C:\projects\python\Anda\Stability_Java\src\main\resources\systems\BPIC2012.xes,C:\projects\python\Anda\resources\models\BPIC2012_1000_INSERTION_1.0_2_heuristics.pnml,0.2727755504471846,0.9840447784341055,119
C:\projects\python\Anda\Stability_Java\src\main\resources\systems\BPIC2012.xes,C:\projects\python\Anda\resources\models\BPIC2012_1000_INSERTION_1.0_2_inductive.pnml,0.09291191288451695,0.9940765933694927,147
C:\projects\python\Anda\Stability_Java\src\main\resources\systems\Sepsis.xes,C:\projects\python\Anda\resources\models\Sepsis_2000_SUBSTITUTION_0.2_2_alpha.pnml,0.38981481481481484,0.21966837475239692,27
C:\projects\python\Anda\Stability_Java\src\main\resources\systems\Sepsis.xes,C:\projects\python\Anda\resources\models\Sepsis_2000_SUBSTITUTION_0.2_2_heuristics.pnml,0.6337290879654613,0.9064834949327436,115
C:\projects\python\Anda\Stability_Java\src\main\resources\systems\Sepsis.xes,C:\projects\python\Anda\resources\models\Sepsis_2000_SUBSTITUTION_0.2_2_inductive.pnml,0.21634727421474076,1.0,113
C:\projects\python\Anda\Stability_Java\src\main\resources\systems\RTFMS.xes,C:\projects\python\Anda\resources\models\RTFMS_1000_ABSENCE_0.2_5_alpha.pnml,0.6670924720994127,0.6452197745607429,27
C:\projects\python\Anda\Stability_Java\src\main\resources\systems\RTFMS.xes,C:\projects\python\Anda\resources\models\RTFMS_1000_ABSENCE_0.2_5_heuristics.pnml,0.8202574488478702,0.9349827064513636,58
C:\projects\python\Anda\Stability_Java\src\main\resources\systems\RTFMS.xes,C:\projects\python\Anda\resources\models\RTFMS_1000_ABSENCE_0.2_5_inductive.pnml,0.5953037662622959,0.9998128087740992,50
C:\projects\python\Anda\Stability_Java\src\main\resources\systems\BPIC2012.xes,C:\projects\python\Anda\resources\models\BPIC2012_2000_INSERTION_1.0_3_alpha.pnml,0.018867924528301883,0.4421510064219548,41
C:\projects\python\Anda\Stability_Java\src\main\resources\systems\BPIC2012.xes,C:\projects\python\Anda\resources\models\BPIC2012_2000_INSERTION_1.0_3_heuristics.pnml,0.2719368184356721,0.9851440119560049,124
C:\projects\python\Anda\Stability_Java\src\main\resources\systems\BPIC2012.xes,C:\projects\python\Anda\resources\models\BPIC2012_2000_INSERTION_1.0_3_inductive.pnml,0.08606043896162896,0.9999659727274067,169
C:\projects\python\Anda\Stability_Java\src\main\resources\systems\Sepsis.xes,C:\projects\python\Anda\resources\models\Sepsis_4000_ORDERING_10.0_4_alpha.pnml,0.3575685339690108,0.1449078747211603,24
C:\projects\python\Anda\Stability_Java\src\main\resources\systems\Sepsis.xes,C:\projects\python\Anda\resources\models\Sepsis_4000_ORDERING_10.0_4_heuristics.pnml,0.560459940652819,0.8970777194202866,125
C:\projects\python\Anda\Stability_Java\src\main\resources\systems\Sepsis.xes,C:\projects\python\Anda\resources\models\Sepsis_4000_ORDERING_10.0_4_inductive.pnml,0.20036965857157307,1.0,97
C:\projects\python\Anda\Stability_Java\src\main\resources\systems\Sepsis.xes,C:\projects\python\Anda\resources\models\Sepsis_100000_INSERTION_2.0_2_alpha.pnml,0.0034129692832765013,0.12892927308447932,941
C:\projects\python\Anda\Stability_Java\src\main\resources\systems\Sepsis.xes,C:\projects\python\Anda\resources\models\Sepsis_100000_INSERTION_2.0_2_heuristics.pnml,0.023561227862395673,0.9023286689743877,1120
C:\projects\python\Anda\Stability_Java\src\main\resources\systems\Sepsis.xes,C:\projects\python\Anda\resources\models\Sepsis_100000_INSERTION_2.0_2_inductive.pnml,0.006025620417675404,1.0,1144
C:\projects\python\Anda\Stability_Java\src\main\resources\systems\Sepsis.xes,C:\projects\python\Anda\resources\models\Sepsis_2000_MIXED_1.0_1_alpha.pnml,0.25853718349580035,0.2158198963938308,29
C:\projects\python\Anda\Stability_Java\src\main\resources\systems\Sepsis.xes,C:\projects\python\Anda\resources\models\Sepsis_2000_MIXED_1.0_1_heuristics.pnml,0.6106921836808987,0.9161014451358651,119
C:\projects\python\Anda\Stability_Java\src\main\resources\systems\Sepsis.xes,C:\projects\python\Anda\resources\models\Sepsis_2000_MIXED_1.0_1_inductive.pnml,0.17031975194043414,1.0,113
C:\projects\python\Anda\Stability_Java\src\main\resources\systems\BPIC2012.xes,C:\projects\python\Anda\resources\models\BPIC2012_40000_SUBSTITUTION_0.1_4_alpha.pnml,0.01538461538461533,0.42812103844172344,47
C:\projects\python\Anda\Stability_Java\src\main\resources\systems\BPIC2012.xes,C:\projects\python\Anda\resources\models\BPIC2012_40000_SUBSTITUTION_0.1_4_heuristics.pnml,0.2932203139536601,0.9774539627215397,147
C:\projects\python\Anda\Stability_Java\src\main\resources\systems\BPIC2012.xes,C:\projects\python\Anda\resources\models\BPIC2012_40000_SUBSTITUTION_0.1_4_inductive.pnml,0.0717556587787338,0.9858333176030838,201
C:\projects\python\Anda\Stability_Java\src\main\resources\systems\Sepsis.xes,C:\projects\python\Anda\resources\models\Sepsis_40000_MIXED_10.0_3_alpha.pnml,0.0032414910858995505,0.1291195277914412,987
C:\projects\python\Anda\Stability_Java\src\main\resources\systems\Sepsis.xes,C:\projects\python\Anda\resources\models\Sepsis_40000_MIXED_10.0_3_heuristics.pnml,0.02204641021647713,0.89579998266902,1146
C:\projects\python\Anda\Stability_Java\src\main\resources\systems\Sepsis.xes,C:\projects\python\Anda\resources\models\Sepsis_40000_MIXED_10.0_3_inductive.pnml,0.005215508158241011,1.0,1213
C:\projects\python\Anda\Stability_Java\src\main\resources\systems\BPIC2012.xes,C:\projects\python\Anda\resources\models\BPIC2012_10000_INSERTION_2.0_5_alpha.pnml,0.018128259581273287,0.2670389843637655,127
C:\projects\python\Anda\Stability_Java\src\main\resources\systems\BPIC2012.xes,C:\projects\python\Anda\resources\models\BPIC2012_10000_INSERTION_2.0_5_heuristics.pnml,0.136023213786594,0.9740206603888966,250
C:\projects\python\Anda\Stability_Java\src\main\resources\systems\BPIC2012.xes,C:\projects\python\Anda\resources\models\BPIC2012_10000_INSERTION_2.0_5_inductive.pnml,0.04239348964359546,1.0,356
C:\projects\python\Anda\Stability_Java\src\main\resources\systems\Sepsis.xes,C:\projects\python\Anda\resources\models\Sepsis_1000_MIXED_10.0_3_alpha.pnml,0.09911580148317167,0.15572548585170243,49
C:\projects\python\Anda\Stability_Java\src\main\resources\systems\Sepsis.xes,C:\projects\python\Anda\resources\models\Sepsis_1000_MIXED_10.0_3_heuristics.pnml,0.38694969502989307,0.9002078911381196,128
C:\projects\python\Anda\Stability_Java\src\main\resources\systems\Sepsis.xes,C:\projects\python\Anda\resources\models\Sepsis_1000_MIXED_10.0_3_inductive.pnml,0.13120076982899753,0.9999864950639459,172
C:\projects\python\Anda\Stability_Java\src\main\resources\systems\Sepsis.xes,C:\projects\python\Anda\resources\models\Sepsis_4000_MIXED_4.0_2_alpha.pnml,0.07159863945578226,0.1209773942159143,77
C:\projects\python\Anda\Stability_Java\src\main\resources\systems\Sepsis.xes,C:\projects\python\Anda\resources\models\Sepsis_4000_MIXED_4.0_2_heuristics.pnml,0.2914028740830067,0.8920892136818771,181
C:\projects\python\Anda\Stability_Java\src\main\resources\systems\Sepsis.xes,C:\projects\python\Anda\resources\models\Sepsis_4000_MIXED_4.0_2_inductive.pnml,0.0661742849343323,1.0,235
C:\projects\python\Anda\Stability_Java\src\main\resources\systems\BPIC2012.xes,C:\projects\python\Anda\resources\models\BPIC2012_1000_MIXED_1.0_1_alpha.pnml,0.0923149314681524,0.5586479208127507,37
C:\projects\python\Anda\Stability_Java\src\main\resources\systems\BPIC2012.xes,C:\projects\python\Anda\resources\models\BPIC2012_1000_MIXED_1.0_1_heuristics.pnml,0.30185818545758825,0.9836055030938811,113
C:\projects\python\Anda\Stability_Java\src\main\resources\systems\BPIC2012.xes,C:\projects\python\Anda\resources\models\BPIC2012_1000_MIXED_1.0_1_inductive.pnml,0.1051824271552958,0.9999524581319075,166
C:\projects\python\Anda\Stability_Java\src\main\resources\systems\BPIC2012.xes,C:\projects\python\Anda\resources\models\BPIC2012_10000_MIXED_1.0_5_alpha.pnml,0.014925373134328401,0.36275171574631543,70
C:\projects\python\Anda\Stability_Java\src\main\resources\systems\BPIC2012.xes,C:\projects\python\Anda\resources\models\BPIC2012_10000_MIXED_1.0_5_heuristics.pnml,0.2170519332754005,0.9721164296107165,173
C:\projects\python\Anda\Stability_Java\src\main\resources\systems\BPIC2012.xes,C:\projects\python\Anda\resources\models\BPIC2012_10000_MIXED_1.0_5_inductive.pnml,0.060456188634955055,1.0,265
C:\projects\python\Anda\Stability_Java\src\main\resources\systems\RTFMS.xes,C:\projects\python\Anda\resources\models\RTFMS_2000_INSERTION_0.2_5_alpha.pnml,0.28579138208868304,0.5497453664316683,28
C:\projects\python\Anda\Stability_Java\src\main\resources\systems\RTFMS.xes,C:\projects\python\Anda\resources\models\RTFMS_2000_INSERTION_0.2_5_heuristics.pnml,0.6479032204836147,0.9370628684698412,70
C:\projects\python\Anda\Stability_Java\src\main\resources\systems\RTFMS.xes,C:\projects\python\Anda\resources\models\RTFMS_2000_INSERTION_0.2_5_inductive.pnml,0.4026719959198817,0.9999275477769389,71
C:\projects\python\Anda\Stability_Java\src\main\resources\systems\BPIC2012.xes,C:\projects\python\Anda\resources\models\BPIC2012_10000_ORDERING_2.0_5_alpha.pnml,0.04761904761904767,0.2559789649371681,38
C:\projects\python\Anda\Stability_Java\src\main\resources\systems\BPIC2012.xes,C:\projects\python\Anda\resources\models\BPIC2012_10000_ORDERING_2.0_5_heuristics.pnml,0.2618543278252743,0.9756741796004867,131
C:\projects\python\Anda\Stability_Java\src\main\resources\systems\BPIC2012.xes,C:\projects\python\Anda\resources\models\BPIC2012_10000_ORDERING_2.0_5_inductive.pnml,0.10451254698375023,0.999082662616734,119
C:\projects\python\Anda\Stability_Java\src\main\resources\systems\RTFMS.xes,C:\projects\python\Anda\resources\models\RTFMS_20000_SUBSTITUTION_0.2_4_alpha.pnml,0.02777777777777779,0.5146656883089709,37
C:\projects\python\Anda\Stability_Java\src\main\resources\systems\RTFMS.xes,C:\projects\python\Anda\resources\models\RTFMS_20000_SUBSTITUTION_0.2_4_heuristics.pnml,0.17319815088680435,0.936398468263082,93
C:\projects\python\Anda\Stability_Java\src\main\resources\systems\RTFMS.xes,C:\projects\python\Anda\resources\models\RTFMS_20000_SUBSTITUTION_0.2_4_inductive.pnml,0.2112901042556694,0.99999951859557,103
C:\projects\python\Anda\Stability_Java\src\main\resources\systems\Sepsis.xes,C:\projects\python\Anda\resources\models\Sepsis_2000_ABSENCE_0.4_3_alpha.pnml,0.4426050420168067,0.23947726385374474,22
C:\projects\python\Anda\Stability_Java\src\main\resources\systems\Sepsis.xes,C:\projects\python\Anda\resources\models\Sepsis_2000_ABSENCE_0.4_3_heuristics.pnml,0.7071262071262071,0.9123815408475243,111
C:\projects\python\Anda\Stability_Java\src\main\resources\systems\Sepsis.xes,C:\projects\python\Anda\resources\models\Sepsis_2000_ABSENCE_0.4_3_inductive.pnml,0.2475336831655084,1.0,95
C:\projects\python\Anda\Stability_Java\src\main\resources\systems\RTFMS.xes,C:\projects\python\Anda\resources\models\RTFMS_20000_INSERTION_1.0_2_alpha.pnml,0.005617977528089901,0.5153541006940505,116
C:\projects\python\Anda\Stability_Java\src\main\resources\systems\RTFMS.xes,C:\projects\python\Anda\resources\models\RTFMS_20000_INSERTION_1.0_2_heuristics.pnml,0.05778677027322443,0.9413978623930376,181
C:\projects\python\Anda\Stability_Java\src\main\resources\systems\RTFMS.xes,C:\projects\python\Anda\resources\models\RTFMS_20000_INSERTION_1.0_2_inductive.pnml,0.07445405378005254,1.0,185
C:\projects\python\Anda\Stability_Java\src\main\resources\systems\BPIC2012.xes,C:\projects\python\Anda\resources\models\BPIC2012_4000_INSERTION_0.4_5_alpha.pnml,0.02777777777777779,0.47114193193783543,41
C:\projects\python\Anda\Stability_Java\src\main\resources\systems\BPIC2012.xes,C:\projects\python\Anda\resources\models\BPIC2012_4000_INSERTION_0.4_5_heuristics.pnml,0.2641157703024277,0.9806648558801303,133
C:\projects\python\Anda\Stability_Java\src\main\resources\systems\BPIC2012.xes,C:\projects\python\Anda\resources\models\BPIC2012_4000_INSERTION_0.4_5_inductive.pnml,0.10421997619784473,0.9956093478729473,154
C:\projects\python\Anda\Stability_Java\src\main\resources\systems\Sepsis.xes,C:\projects\python\Anda\resources\models\Sepsis_2000_INSERTION_2.0_4_alpha.pnml,0.1389989434759641,0.24846431532373525,55
C:\projects\python\Anda\Stability_Java\src\main\resources\systems\Sepsis.xes,C:\projects\python\Anda\resources\models\Sepsis_2000_INSERTION_2.0_4_heuristics.pnml,0.41401071781131016,0.8999200313988154,140
C:\projects\python\Anda\Stability_Java\src\main\resources\systems\Sepsis.xes,C:\projects\python\Anda\resources\models\Sepsis_2000_INSERTION_2.0_4_inductive.pnml,0.09809250828977689,1.0,147
C:\projects\python\Anda\Stability_Java\src\main\resources\systems\Sepsis.xes,C:\projects\python\Anda\resources\models\Sepsis_10000_ABSENCE_4.0_4_alpha.pnml,0.4439746300211417,0.2468446509069529,22
C:\projects\python\Anda\Stability_Java\src\main\resources\systems\Sepsis.xes,C:\projects\python\Anda\resources\models\Sepsis_10000_ABSENCE_4.0_4_heuristics.pnml,0.6869518644975564,0.8864484583576564,114
C:\projects\python\Anda\Stability_Java\src\main\resources\systems\Sepsis.xes,C:\projects\python\Anda\resources\models\Sepsis_10000_ABSENCE_4.0_4_inductive.pnml,0.2475336831655084,1.0,95
C:\projects\python\Anda\Stability_Java\src\main\resources\systems\Sepsis.xes,C:\projects\python\Anda\resources\models\Sepsis_100000_ABSENCE_0.2_2_alpha.pnml,0.44411590774689536,0.25309060879378503,22
C:\projects\python\Anda\Stability_Java\src\main\resources\systems\Sepsis.xes,C:\projects\python\Anda\resources\models\Sepsis_100000_ABSENCE_0.2_2_heuristics.pnml,0.6657959354265712,0.8972414060726303,108
C:\projects\python\Anda\Stability_Java\src\main\resources\systems\Sepsis.xes,C:\projects\python\Anda\resources\models\Sepsis_100000_ABSENCE_0.2_2_inductive.pnml,0.2475336831655084,1.0,95
C:\projects\python\Anda\Stability_Java\src\main\resources\systems\Sepsis.xes,C:\projects\python\Anda\resources\models\Sepsis_10000_ABSENCE_0.4_5_alpha.pnml,0.4426422388436003,0.26588961197193384,22
C:\projects\python\Anda\Stability_Java\src\main\resources\systems\Sepsis.xes,C:\projects\python\Anda\resources\models\Sepsis_10000_ABSENCE_0.4_5_heuristics.pnml,0.7033112582781457,0.8982043958034452,107
C:\projects\python\Anda\Stability_Java\src\main\resources\systems\Sepsis.xes,C:\projects\python\Anda\resources\models\Sepsis_10000_ABSENCE_0.4_5_inductive.pnml,0.2475336831655084,1.0,95
C:\projects\python\Anda\Stability_Java\src\main\resources\systems\Sepsis.xes,C:\projects\python\Anda\resources\models\Sepsis_1000_MIXED_4.0_1_alpha.pnml,0.15252709779564,0.15156535683676747,32
C:\projects\python\Anda\Stability_Java\src\main\resources\systems\Sepsis.xes,C:\projects\python\Anda\resources\models\Sepsis_1000_MIXED_4.0_1_heuristics.pnml,0.48151469855505735,0.9146103092328145,112
C:\projects\python\Anda\Stability_Java\src\main\resources\systems\Sepsis.xes,C:\projects\python\Anda\resources\models\Sepsis_1000_MIXED_4.0_1_inductive.pnml,0.13933371027353725,0.9999867632070102,119
C:\projects\python\Anda\Stability_Java\src\main\resources\systems\BPIC2012.xes,C:\projects\python\Anda\resources\models\BPIC2012_20000_ORDERING_1.0_5_alpha.pnml,0.04761904761904767,0.2559789649371681,38
C:\projects\python\Anda\Stability_Java\src\main\resources\systems\BPIC2012.xes,C:\projects\python\Anda\resources\models\BPIC2012_20000_ORDERING_1.0_5_heuristics.pnml,0.2618543278252743,0.9756744235036843,134
C:\projects\python\Anda\Stability_Java\src\main\resources\systems\BPIC2012.xes,C:\projects\python\Anda\resources\models\BPIC2012_20000_ORDERING_1.0_5_inductive.pnml,0.10451254698375023,0.999082662616734,119
C:\projects\python\Anda\Stability_Java\src\main\resources\systems\Sepsis.xes,C:\projects\python\Anda\resources\models\Sepsis_40000_INSERTION_10.0_2_alpha.pnml,0.0017045454545454586,0.12909571964249378,1863
C:\projects\python\Anda\Stability_Java\src\main\resources\systems\Sepsis.xes,C:\projects\python\Anda\resources\models\Sepsis_40000_INSERTION_10.0_2_heuristics.pnml,0.012322326936442862,0.9023286689743877,2095
C:\projects\python\Anda\Stability_Java\src\main\resources\systems\Sepsis.xes,C:\projects\python\Anda\resources\models\Sepsis_40000_INSERTION_10.0_2_inductive.pnml,0.0029611233294226658,1.0,2079
C:\projects\python\Anda\Stability_Java\src\main\resources\systems\Sepsis.xes,C:\projects\python\Anda\resources\models\Sepsis_2000_MIXED_0.2_5_alpha.pnml,0.3150366221456269,0.17540441592219835,20
C:\projects\python\Anda\Stability_Java\src\main\resources\systems\Sepsis.xes,C:\projects\python\Anda\resources\models\Sepsis_2000_MIXED_0.2_5_heuristics.pnml,0.7073244187447296,0.9131904865175944,111
C:\projects\python\Anda\Stability_Java\src\main\resources\systems\Sepsis.xes,C:\projects\python\Anda\resources\models\Sepsis_2000_MIXED_0.2_5_inductive.pnml,0.24436454465520818,1.0,99
C:\projects\python\Anda\Stability_Java\src\main\resources\systems\BPIC2012.xes,C:\projects\python\Anda\resources\models\BPIC2012_4000_INSERTION_0.4_1_alpha.pnml,0.08529559684553867,0.520783703634843,40
C:\projects\python\Anda\Stability_Java\src\main\resources\systems\BPIC2012.xes,C:\projects\python\Anda\resources\models\BPIC2012_4000_INSERTION_0.4_1_heuristics.pnml,0.25289221853151334,0.9798589242710677,131
C:\projects\python\Anda\Stability_Java\src\main\resources\systems\BPIC2012.xes,C:\projects\python\Anda\resources\models\BPIC2012_4000_INSERTION_0.4_1_inductive.pnml,0.15787965659855208,0.9999729973775046,183
C:\projects\python\Anda\Stability_Java\src\main\resources\systems\Sepsis.xes,C:\projects\python\Anda\resources\models\Sepsis_1000_MIXED_1.0_4_alpha.pnml,0.23938451465051558,0.17621204297375564,27
C:\projects\python\Anda\Stability_Java\src\main\resources\systems\Sepsis.xes,C:\projects\python\Anda\resources\models\Sepsis_1000_MIXED_1.0_4_heuristics.pnml,0.5839482142048797,0.9099023866914524,103
C:\projects\python\Anda\Stability_Java\src\main\resources\systems\Sepsis.xes,C:\projects\python\Anda\resources\models\Sepsis_1000_MIXED_1.0_4_inductive.pnml,0.19016886603527738,0.9999518546652719,125
C:\projects\python\Anda\Stability_Java\src\main\resources\systems\Sepsis.xes,C:\projects\python\Anda\resources\models\Sepsis_4000_SUBSTITUTION_0.1_5_alpha.pnml,0.37301699716713876,0.26588961197193384,25
C:\projects\python\Anda\Stability_Java\src\main\resources\systems\Sepsis.xes,C:\projects\python\Anda\resources\models\Sepsis_4000_SUBSTITUTION_0.1_5_heuristics.pnml,0.7206585896241069,0.8946487278340816,120
C:\projects\python\Anda\Stability_Java\src\main\resources\systems\Sepsis.xes,C:\projects\python\Anda\resources\models\Sepsis_4000_SUBSTITUTION_0.1_5_inductive.pnml,0.1949272514642033,1.0,113
C:\projects\python\Anda\Stability_Java\src\main\resources\systems\Sepsis.xes,C:\projects\python\Anda\resources\models\Sepsis_1000_ABSENCE_0.1_4_alpha.pnml,0.39660523149027804,0.24104736592894777,23
C:\projects\python\Anda\Stability_Java\src\main\resources\systems\Sepsis.xes,C:\projects\python\Anda\resources\models\Sepsis_1000_ABSENCE_0.1_4_heuristics.pnml,0.6784117801735472,0.9099023866914524,98
C:\projects\python\Anda\Stability_Java\src\main\resources\systems\Sepsis.xes,C:\projects\python\Anda\resources\models\Sepsis_1000_ABSENCE_0.1_4_inductive.pnml,0.2538721126432769,0.9999416039449582,92
C:\projects\python\Anda\Stability_Java\src\main\resources\systems\Sepsis.xes,C:\projects\python\Anda\resources\models\Sepsis_100000_ORDERING_10.0_1_alpha.pnml,0.5,0.11313460279971332,26
C:\projects\python\Anda\Stability_Java\src\main\resources\systems\Sepsis.xes,C:\projects\python\Anda\resources\models\Sepsis_100000_ORDERING_10.0_1_heuristics.pnml,0.47426963280621814,0.8911033011219515,132
C:\projects\python\Anda\Stability_Java\src\main\resources\systems\Sepsis.xes,C:\projects\python\Anda\resources\models\Sepsis_100000_ORDERING_10.0_1_inductive.pnml,0.21634834691894256,1.0,93
C:\projects\python\Anda\Stability_Java\src\main\resources\systems\BPIC2012.xes,C:\projects\python\Anda\resources\models\BPIC2012_4000_MIXED_0.4_3_alpha.pnml,0.0,0.4855171651278376,45
C:\projects\python\Anda\Stability_Java\src\main\resources\systems\BPIC2012.xes,C:\projects\python\Anda\resources\models\BPIC2012_4000_MIXED_0.4_3_heuristics.pnml,0.24994174483058929,0.9804701192039236,136
C:\projects\python\Anda\Stability_Java\src\main\resources\systems\BPIC2012.xes,C:\projects\python\Anda\resources\models\BPIC2012_4000_MIXED_0.4_3_inductive.pnml,0.10396556764003262,0.9999732535619702,171
C:\projects\python\Anda\Stability_Java\src\main\resources\systems\Sepsis.xes,C:\projects\python\Anda\resources\models\Sepsis_1000_SUBSTITUTION_0.1_3_alpha.pnml,0.3499301480860576,0.24104736592894777,24
C:\projects\python\Anda\Stability_Java\src\main\resources\systems\Sepsis.xes,C:\projects\python\Anda\resources\models\Sepsis_1000_SUBSTITUTION_0.1_3_heuristics.pnml,0.6522398624734553,0.9099023866914524,99
C:\projects\python\Anda\Stability_Java\src\main\resources\systems\Sepsis.xes,C:\projects\python\Anda\resources\models\Sepsis_1000_SUBSTITUTION_0.1_3_inductive.pnml,0.2365278387623121,0.9999327493967577,94
C:\projects\python\Anda\Stability_Java\src\main\resources\systems\RTFMS.xes,C:\projects\python\Anda\resources\models\RTFMS_1000_ABSENCE_10.0_4_alpha.pnml,0.5,0.650273975006214,30
C:\projects\python\Anda\Stability_Java\src\main\resources\systems\RTFMS.xes,C:\projects\python\Anda\resources\models\RTFMS_1000_ABSENCE_10.0_4_heuristics.pnml,0.6975083372228763,0.9339230239392576,66
C:\projects\python\Anda\Stability_Java\src\main\resources\systems\RTFMS.xes,C:\projects\python\Anda\resources\models\RTFMS_1000_ABSENCE_10.0_4_inductive.pnml,0.43006613519566383,0.9998171491462535,53
C:\projects\python\Anda\Stability_Java\src\main\resources\systems\BPIC2012.xes,C:\projects\python\Anda\resources\models\BPIC2012_1000_ABSENCE_2.0_3_alpha.pnml,0.032258064516129004,0.5233141509015405,35
C:\projects\python\Anda\Stability_Java\src\main\resources\systems\BPIC2012.xes,C:\projects\python\Anda\resources\models\BPIC2012_1000_ABSENCE_2.0_3_heuristics.pnml,0.31359728640007933,0.9836055030938811,112
C:\projects\python\Anda\Stability_Java\src\main\resources\systems\BPIC2012.xes,C:\projects\python\Anda\resources\models\BPIC2012_1000_ABSENCE_2.0_3_inductive.pnml,0.10714510599850346,0.9964087172036872,137
C:\projects\python\Anda\Stability_Java\src\main\resources\systems\RTFMS.xes,C:\projects\python\Anda\resources\models\RTFMS_40000_ORDERING_2.0_2_alpha.pnml,0.1428571428571429,0.3142801091713922,22
C:\projects\python\Anda\Stability_Java\src\main\resources\systems\RTFMS.xes,C:\projects\python\Anda\resources\models\RTFMS_40000_ORDERING_2.0_2_heuristics.pnml,0.40572924211496675,0.9364235795332718,73
C:\projects\python\Anda\Stability_Java\src\main\resources\systems\RTFMS.xes,C:\projects\python\Anda\resources\models\RTFMS_40000_ORDERING_2.0_2_inductive.pnml,0.41459033128873835,1.0,71
C:\projects\python\Anda\Stability_Java\src\main\resources\systems\BPIC2012.xes,C:\projects\python\Anda\resources\models\BPIC2012_100000_MIXED_4.0_3_alpha.pnml,0.0005319148936170359,0.09476444568980358,1024
C:\projects\python\Anda\Stability_Java\src\main\resources\systems\BPIC2012.xes,C:\projects\python\Anda\resources\models\BPIC2012_100000_MIXED_4.0_3_heuristics.pnml,0.018416458429104776,0.9725725197581849,1303
C:\projects\python\Anda\Stability_Java\src\main\resources\systems\BPIC2012.xes,C:\projects\python\Anda\resources\models\BPIC2012_100000_MIXED_4.0_3_inductive.pnml,0.004892853370394912,1.0,1373
C:\projects\python\Anda\Stability_Java\src\main\resources\systems\BPIC2012.xes,C:\projects\python\Anda\resources\models\BPIC2012_10000_MIXED_0.4_4_alpha.pnml,0.024390243902439046,0.4845229750998985,43
C:\projects\python\Anda\Stability_Java\src\main\resources\systems\BPIC2012.xes,C:\projects\python\Anda\resources\models\BPIC2012_10000_MIXED_0.4_4_heuristics.pnml,0.25212051279311753,0.9778102940442948,135
C:\projects\python\Anda\Stability_Java\src\main\resources\systems\BPIC2012.xes,C:\projects\python\Anda\resources\models\BPIC2012_10000_MIXED_0.4_4_inductive.pnml,0.07108116870914594,0.9968775059430963,171
C:\projects\python\Anda\Stability_Java\src\main\resources\systems\Sepsis.xes,C:\projects\python\Anda\resources\models\Sepsis_40000_INSERTION_2.0_3_alpha.pnml,0.008462623413258097,0.1291195277914412,380
C:\projects\python\Anda\Stability_Java\src\main\resources\systems\Sepsis.xes,C:\projects\python\Anda\resources\models\Sepsis_40000_INSERTION_2.0_3_heuristics.pnml,0.05859795293403591,0.8985560473448978,508
C:\projects\python\Anda\Stability_Java\src\main\resources\systems\Sepsis.xes,C:\projects\python\Anda\resources\models\Sepsis_40000_INSERTION_2.0_3_inductive.pnml,0.013928075410917118,1.0,573
C:\projects\python\Anda\Stability_Java\src\main\resources\systems\RTFMS.xes,C:\projects\python\Anda\resources\models\RTFMS_1000_SUBSTITUTION_10.0_3_alpha.pnml,0.01449275362318836,0.4772923989051118,58
C:\projects\python\Anda\Stability_Java\src\main\resources\systems\RTFMS.xes,C:\projects\python\Anda\resources\models\RTFMS_1000_SUBSTITUTION_10.0_3_heuristics.pnml,0.10077262288374067,0.9354382247979209,140
C:\projects\python\Anda\Stability_Java\src\main\resources\systems\RTFMS.xes,C:\projects\python\Anda\resources\models\RTFMS_1000_SUBSTITUTION_10.0_3_inductive.pnml,0.11610713748784218,0.9999519913885899,147
C:\projects\python\Anda\Stability_Java\src\main\resources\systems\Sepsis.xes,C:\projects\python\Anda\resources\models\Sepsis_20000_ORDERING_0.4_2_alpha.pnml,0.2917928018836192,0.21099073782403283,25
C:\projects\python\Anda\Stability_Java\src\main\resources\systems\Sepsis.xes,C:\projects\python\Anda\resources\models\Sepsis_20000_ORDERING_0.4_2_heuristics.pnml,0.6647887323943662,0.9006715528024558,111
C:\projects\python\Anda\Stability_Java\src\main\resources\systems\Sepsis.xes,C:\projects\python\Anda\resources\models\Sepsis_20000_ORDERING_0.4_2_inductive.pnml,0.2519007730098892,1.0,92
C:\projects\python\Anda\Stability_Java\src\main\resources\systems\RTFMS.xes,C:\projects\python\Anda\resources\models\RTFMS_4000_MIXED_2.0_3_alpha.pnml,0.032258064516129004,0.40847242195962763,35
C:\projects\python\Anda\Stability_Java\src\main\resources\systems\RTFMS.xes,C:\projects\python\Anda\resources\models\RTFMS_4000_MIXED_2.0_3_heuristics.pnml,0.20739970575395417,0.9387751992880067,98
C:\projects\python\Anda\Stability_Java\src\main\resources\systems\RTFMS.xes,C:\projects\python\Anda\resources\models\RTFMS_4000_MIXED_2.0_3_inductive.pnml,0.18231721308338456,0.9998522842779135,79
C:\projects\python\Anda\Stability_Java\src\main\resources\systems\RTFMS.xes,C:\projects\python\Anda\resources\models\RTFMS_10000_INSERTION_1.0_4_alpha.pnml,0.0253150023333506,0.5414445816871447,66
C:\projects\python\Anda\Stability_Java\src\main\resources\systems\RTFMS.xes,C:\projects\python\Anda\resources\models\RTFMS_10000_INSERTION_1.0_4_heuristics.pnml,0.10234020595088489,0.9464688667526693,125
C:\projects\python\Anda\Stability_Java\src\main\resources\systems\RTFMS.xes,C:\projects\python\Anda\resources\models\RTFMS_10000_INSERTION_1.0_4_inductive.pnml,0.11027464575126911,0.999998663436912,175
C:\projects\python\Anda\Stability_Java\src\main\resources\systems\Sepsis.xes,C:\projects\python\Anda\resources\models\Sepsis_4000_MIXED_0.4_4_alpha.pnml,0.22371118249961752,0.2226212562216497,30
C:\projects\python\Anda\Stability_Java\src\main\resources\systems\Sepsis.xes,C:\projects\python\Anda\resources\models\Sepsis_4000_MIXED_0.4_4_heuristics.pnml,0.6333060333060333,0.880791031833593,126
C:\projects\python\Anda\Stability_Java\src\main\resources\systems\Sepsis.xes,C:\projects\python\Anda\resources\models\Sepsis_4000_MIXED_0.4_4_inductive.pnml,0.21051993227344834,1.0,137
C:\projects\python\Anda\Stability_Java\src\main\resources\systems\Sepsis.xes,C:\projects\python\Anda\resources\models\Sepsis_10000_ORDERING_10.0_3_alpha.pnml,0.38656947205654957,0.151846272657654,25
C:\projects\python\Anda\Stability_Java\src\main\resources\systems\Sepsis.xes,C:\projects\python\Anda\resources\models\Sepsis_10000_ORDERING_10.0_3_heuristics.pnml,0.5776701670384679,0.8763138227793899,126
C:\projects\python\Anda\Stability_Java\src\main\resources\systems\Sepsis.xes,C:\projects\python\Anda\resources\models\Sepsis_10000_ORDERING_10.0_3_inductive.pnml,0.27527523720788727,1.0,95
C:\projects\python\Anda\Stability_Java\src\main\resources\systems\Sepsis.xes,C:\projects\python\Anda\resources\models\Sepsis_10000_MIXED_10.0_5_alpha.pnml,0.013015184381778733,0.1296132373984784,252
C:\projects\python\Anda\Stability_Java\src\main\resources\systems\Sepsis.xes,C:\projects\python\Anda\resources\models\Sepsis_10000_MIXED_10.0_5_heuristics.pnml,0.08654575096800488,0.8848972325739758,384
C:\projects\python\Anda\Stability_Java\src\main\resources\systems\Sepsis.xes,C:\projects\python\Anda\resources\models\Sepsis_10000_MIXED_10.0_5_inductive.pnml,0.018840835656737,1.0,449
C:\projects\python\Anda\Stability_Java\src\main\resources\systems\RTFMS.xes,C:\projects\python\Anda\resources\models\RTFMS_2000_ABSENCE_0.1_1_alpha.pnml,0.6670924720994127,0.6450617325520204,27
C:\projects\python\Anda\Stability_Java\src\main\resources\systems\RTFMS.xes,C:\projects\python\Anda\resources\models\RTFMS_2000_ABSENCE_0.1_1_heuristics.pnml,0.8198903689844932,0.9270871734819699,66
C:\projects\python\Anda\Stability_Java\src\main\resources\systems\RTFMS.xes,C:\projects\python\Anda\resources\models\RTFMS_2000_ABSENCE_0.1_1_inductive.pnml,0.5931059286118363,0.9999074627006657,57
C:\projects\python\Anda\Stability_Java\src\main\resources\systems\RTFMS.xes,C:\projects\python\Anda\resources\models\RTFMS_2000_ABSENCE_0.2_1_alpha.pnml,0.6670924720994127,0.6550280906317284,28
C:\projects\python\Anda\Stability_Java\src\main\resources\systems\RTFMS.xes,C:\projects\python\Anda\resources\models\RTFMS_2000_ABSENCE_0.2_1_heuristics.pnml,0.8198903689844932,0.9326630317220035,66
C:\projects\python\Anda\Stability_Java\src\main\resources\systems\RTFMS.xes,C:\projects\python\Anda\resources\models\RTFMS_2000_ABSENCE_0.2_1_inductive.pnml,0.44910688178957814,0.9999008245461516,58
C:\projects\python\Anda\Stability_Java\src\main\resources\systems\RTFMS.xes,C:\projects\python\Anda\resources\models\RTFMS_10000_SUBSTITUTION_0.4_3_alpha.pnml,0.033333333333333326,0.5396538823501736,33
C:\projects\python\Anda\Stability_Java\src\main\resources\systems\RTFMS.xes,C:\projects\python\Anda\resources\models\RTFMS_10000_SUBSTITUTION_0.4_3_heuristics.pnml,0.1973750655271751,0.9370627363178379,95
C:\projects\python\Anda\Stability_Java\src\main\resources\systems\RTFMS.xes,C:\projects\python\Anda\resources\models\RTFMS_10000_SUBSTITUTION_0.4_3_inductive.pnml,0.1973399138644344,0.9999887243260961,114
C:\projects\python\Anda\Stability_Java\src\main\resources\systems\BPIC2012.xes,C:\projects\python\Anda\resources\models\BPIC2012_1000_SUBSTITUTION_10.0_2_alpha.pnml,0.0,0.43958920673567514,89
C:\projects\python\Anda\Stability_Java\src\main\resources\systems\BPIC2012.xes,C:\projects\python\Anda\resources\models\BPIC2012_1000_SUBSTITUTION_10.0_2_heuristics.pnml,0.1910119246281904,0.9842584553769067,183
C:\projects\python\Anda\Stability_Java\src\main\resources\systems\BPIC2012.xes,C:\projects\python\Anda\resources\models\BPIC2012_1000_SUBSTITUTION_10.0_2_inductive.pnml,0.04614823915841071,0.999957236570032,324
C:\projects\python\Anda\Stability_Java\src\main\resources\systems\Sepsis.xes,C:\projects\python\Anda\resources\models\Sepsis_100000_SUBSTITUTION_2.0_3_alpha.pnml,0.003129890453834161,0.12900059228901284,1015
C:\projects\python\Anda\Stability_Java\src\main\resources\systems\Sepsis.xes,C:\projects\python\Anda\resources\models\Sepsis_100000_SUBSTITUTION_2.0_3_heuristics.pnml,0.022976541299462694,0.8973605176757189,1183
C:\projects\python\Anda\Stability_Java\src\main\resources\systems\Sepsis.xes,C:\projects\python\Anda\resources\models\Sepsis_100000_SUBSTITUTION_2.0_3_inductive.pnml,0.00483785362682132,1.0,1230
C:\projects\python\Anda\Stability_Java\src\main\resources\systems\Sepsis.xes,C:\projects\python\Anda\resources\models\Sepsis_10000_INSERTION_1.0_2_alpha.pnml,0.05476169654569307,0.14368539596663998,66
C:\projects\python\Anda\Stability_Java\src\main\resources\systems\Sepsis.xes,C:\projects\python\Anda\resources\models\Sepsis_10000_INSERTION_1.0_2_heuristics.pnml,0.32047318531388125,0.8945709861804938,170
C:\projects\python\Anda\Stability_Java\src\main\resources\systems\Sepsis.xes,C:\projects\python\Anda\resources\models\Sepsis_10000_INSERTION_1.0_2_inductive.pnml,0.06893294070067235,1.0,218
C:\projects\python\Anda\Stability_Java\src\main\resources\systems\RTFMS.xes,C:\projects\python\Anda\resources\models\RTFMS_4000_ABSENCE_0.2_3_alpha.pnml,0.6670924720994127,0.6135835932886831,29
C:\projects\python\Anda\Stability_Java\src\main\resources\systems\RTFMS.xes,C:\projects\python\Anda\resources\models\RTFMS_4000_ABSENCE_0.2_3_heuristics.pnml,0.8032205418060375,0.9316603365683159,70
C:\projects\python\Anda\Stability_Java\src\main\resources\systems\RTFMS.xes,C:\projects\python\Anda\resources\models\RTFMS_4000_ABSENCE_0.2_3_inductive.pnml,0.5351072659691718,0.9999561744065304,46
C:\projects\python\Anda\Stability_Java\src\main\resources\systems\Sepsis.xes,C:\projects\python\Anda\resources\models\Sepsis_1000_INSERTION_10.0_1_alpha.pnml,0.05309306352493803,0.14371581888165585,73
C:\projects\python\Anda\Stability_Java\src\main\resources\systems\Sepsis.xes,C:\projects\python\Anda\resources\models\Sepsis_1000_INSERTION_10.0_1_heuristics.pnml,0.26468053674750713,0.9032806919458354,171
C:\projects\python\Anda\Stability_Java\src\main\resources\systems\Sepsis.xes,C:\projects\python\Anda\resources\models\Sepsis_1000_INSERTION_10.0_1_inductive.pnml,0.06585364013010442,0.9999472817133168,225
C:\projects\python\Anda\Stability_Java\src\main\resources\systems\Sepsis.xes,C:\projects\python\Anda\resources\models\Sepsis_1000_ABSENCE_10.0_1_alpha.pnml,0.3578868541085166,0.22875254011956253,23
C:\projects\python\Anda\Stability_Java\src\main\resources\systems\Sepsis.xes,C:\projects\python\Anda\resources\models\Sepsis_1000_ABSENCE_10.0_1_heuristics.pnml,0.7829159935379645,0.9062495763868716,97
C:\projects\python\Anda\Stability_Java\src\main\resources\systems\Sepsis.xes,C:\projects\python\Anda\resources\models\Sepsis_1000_ABSENCE_10.0_1_inductive.pnml,0.24877984810819442,0.9999809254949834,97
C:\projects\python\Anda\Stability_Java\src\main\resources\systems\Sepsis.xes,C:\projects\python\Anda\resources\models\Sepsis_20000_INSERTION_1.0_2_alpha.pnml,0.03568811373296199,0.14156746466579762,106
C:\projects\python\Anda\Stability_Java\src\main\resources\systems\Sepsis.xes,C:\projects\python\Anda\resources\models\Sepsis_20000_INSERTION_1.0_2_heuristics.pnml,0.1897598713398403,0.9005936959191665,220
C:\projects\python\Anda\Stability_Java\src\main\resources\systems\Sepsis.xes,C:\projects\python\Anda\resources\models\Sepsis_20000_INSERTION_1.0_2_inductive.pnml,0.042767529845333496,1.0,279
C:\projects\python\Anda\Stability_Java\src\main\resources\systems\Sepsis.xes,C:\projects\python\Anda\resources\models\Sepsis_20000_ABSENCE_4.0_5_alpha.pnml,0.4426422388436003,0.26588961197193384,22
C:\projects\python\Anda\Stability_Java\src\main\resources\systems\Sepsis.xes,C:\projects\python\Anda\resources\models\Sepsis_20000_ABSENCE_4.0_5_heuristics.pnml,0.7044386711624564,0.8969441018992028,107
C:\projects\python\Anda\Stability_Java\src\main\resources\systems\Sepsis.xes,C:\projects\python\Anda\resources\models\Sepsis_20000_ABSENCE_4.0_5_inductive.pnml,0.2475336831655084,1.0,95
C:\projects\python\Anda\Stability_Java\src\main\resources\systems\RTFMS.xes,C:\projects\python\Anda\resources\models\RTFMS_40000_ORDERING_0.4_3_alpha.pnml,0.3333388749056547,0.31249495826001933,22
C:\projects\python\Anda\Stability_Java\src\main\resources\systems\RTFMS.xes,C:\projects\python\Anda\resources\models\RTFMS_40000_ORDERING_0.4_3_heuristics.pnml,0.4503293738316254,0.9368051432185188,75
C:\projects\python\Anda\Stability_Java\src\main\resources\systems\RTFMS.xes,C:\projects\python\Anda\resources\models\RTFMS_40000_ORDERING_0.4_3_inductive.pnml,0.41459033128873835,1.0,71
C:\projects\python\Anda\Stability_Java\src\main\resources\systems\RTFMS.xes,C:\projects\python\Anda\resources\models\RTFMS_100000_INSERTION_10.0_1_alpha.pnml,0.00012498437695285247,0.422482580355136,4550
C:\projects\python\Anda\Stability_Java\src\main\resources\systems\RTFMS.xes,C:\projects\python\Anda\resources\models\RTFMS_100000_INSERTION_10.0_1_heuristics.pnml,0.0013875528679270221,0.9457460410441059,4871
C:\projects\python\Anda\Stability_Java\src\main\resources\systems\RTFMS.xes,C:\projects\python\Anda\resources\models\RTFMS_100000_INSERTION_10.0_1_inductive.pnml,0.001875261051299426,1.0,4716
C:\projects\python\Anda\Stability_Java\src\main\resources\systems\BPIC2012.xes,C:\projects\python\Anda\resources\models\BPIC2012_100000_SUBSTITUTION_10.0_5_alpha.pnml,0.00010702054794520244,0.09507895396440802,5014
C:\projects\python\Anda\Stability_Java\src\main\resources\systems\BPIC2012.xes,C:\projects\python\Anda\resources\models\BPIC2012_100000_SUBSTITUTION_10.0_5_heuristics.pnml,0.003804111861767989,0.9827005497437482,5711
C:\projects\python\Anda\Stability_Java\src\main\resources\systems\BPIC2012.xes,C:\projects\python\Anda\resources\models\BPIC2012_100000_SUBSTITUTION_10.0_5_inductive.pnml,0.0010653119866143035,1.0,5381
C:\projects\python\Anda\Stability_Java\src\main\resources\systems\Sepsis.xes,C:\projects\python\Anda\resources\models\Sepsis_100000_MIXED_0.1_5_alpha.pnml,0.1498327283080646,0.1753837995678842,43
C:\projects\python\Anda\Stability_Java\src\main\resources\systems\Sepsis.xes,C:\projects\python\Anda\resources\models\Sepsis_100000_MIXED_0.1_5_heuristics.pnml,0.42972754248718636,0.9005055576687526,132
C:\projects\python\Anda\Stability_Java\src\main\resources\systems\Sepsis.xes,C:\projects\python\Anda\resources\models\Sepsis_100000_MIXED_0.1_5_inductive.pnml,0.10804121136434597,1.0,160
C:\projects\python\Anda\Stability_Java\src\main\resources\systems\BPIC2012.xes,C:\projects\python\Anda\resources\models\BPIC2012_1000_ABSENCE_0.2_2_alpha.pnml,0.032258064516129004,0.5187001528195528,34
C:\projects\python\Anda\Stability_Java\src\main\resources\systems\BPIC2012.xes,C:\projects\python\Anda\resources\models\BPIC2012_1000_ABSENCE_0.2_2_heuristics.pnml,0.31359728640007933,0.9836055030938811,111
C:\projects\python\Anda\Stability_Java\src\main\resources\systems\BPIC2012.xes,C:\projects\python\Anda\resources\models\BPIC2012_1000_ABSENCE_0.2_2_inductive.pnml,0.11899905818319745,0.9924424132543646,134
C:\projects\python\Anda\Stability_Java\src\main\resources\systems\BPIC2012.xes,C:\projects\python\Anda\resources\models\BPIC2012_40000_ABSENCE_10.0_5_alpha.pnml,0.032258064516129004,0.563414538505251,38
C:\projects\python\Anda\Stability_Java\src\main\resources\systems\BPIC2012.xes,C:\projects\python\Anda\resources\models\BPIC2012_40000_ABSENCE_10.0_5_heuristics.pnml,0.35740329872555243,0.9733854580778787,139
C:\projects\python\Anda\Stability_Java\src\main\resources\systems\BPIC2012.xes,C:\projects\python\Anda\resources\models\BPIC2012_40000_ABSENCE_10.0_5_inductive.pnml,0.11522612886179029,0.991310313183283,111
C:\projects\python\Anda\Stability_Java\src\main\resources\systems\RTFMS.xes,C:\projects\python\Anda\resources\models\RTFMS_20000_SUBSTITUTION_2.0_1_alpha.pnml,0.0029850746268657025,0.44775055291342886,215
C:\projects\python\Anda\Stability_Java\src\main\resources\systems\RTFMS.xes,C:\projects\python\Anda\resources\models\RTFMS_20000_SUBSTITUTION_2.0_1_heuristics.pnml,0.02721800324776691,0.9360766912372527,300
C:\projects\python\Anda\Stability_Java\src\main\resources\systems\RTFMS.xes,C:\projects\python\Anda\resources\models\RTFMS_20000_SUBSTITUTION_2.0_1_inductive.pnml,0.03480030908989873,0.9999994562242386,330
C:\projects\python\Anda\Stability_Java\src\main\resources\systems\BPIC2012.xes,C:\projects\python\Anda\resources\models\BPIC2012_4000_SUBSTITUTION_4.0_4_alpha.pnml,0.0060606060606061,0.23375842221625925,112
C:\projects\python\Anda\Stability_Java\src\main\resources\systems\BPIC2012.xes,C:\projects\python\Anda\resources\models\BPIC2012_4000_SUBSTITUTION_4.0_4_heuristics.pnml,0.14015272662738065,0.974774832965057,234
C:\projects\python\Anda\Stability_Java\src\main\resources\systems\BPIC2012.xes,C:\projects\python\Anda\resources\models\BPIC2012_4000_SUBSTITUTION_4.0_4_inductive.pnml,0.03814237219136796,1.0,306
C:\projects\python\Anda\Stability_Java\src\main\resources\systems\RTFMS.xes,C:\projects\python\Anda\resources\models\RTFMS_100000_INSERTION_2.0_3_alpha.pnml,0.00060606060606061,0.4202929149254516,957
C:\projects\python\Anda\Stability_Java\src\main\resources\systems\RTFMS.xes,C:\projects\python\Anda\resources\models\RTFMS_100000_INSERTION_2.0_3_heuristics.pnml,0.0074520267196063195,0.9454103380273704,1071
C:\projects\python\Anda\Stability_Java\src\main\resources\systems\RTFMS.xes,C:\projects\python\Anda\resources\models\RTFMS_100000_INSERTION_2.0_3_inductive.pnml,0.00909922235258176,1.0,1095
C:\projects\python\Anda\Stability_Java\src\main\resources\systems\Sepsis.xes,C:\projects\python\Anda\resources\models\Sepsis_10000_ABSENCE_0.2_4_alpha.pnml,0.4426422388436003,0.26588961197193384,22
C:\projects\python\Anda\Stability_Java\src\main\resources\systems\Sepsis.xes,C:\projects\python\Anda\resources\models\Sepsis_10000_ABSENCE_0.2_4_heuristics.pnml,0.720158465866682,0.895241978721937,107
C:\projects\python\Anda\Stability_Java\src\main\resources\systems\Sepsis.xes,C:\projects\python\Anda\resources\models\Sepsis_10000_ABSENCE_0.2_4_inductive.pnml,0.2475336831655084,1.0,95
C:\projects\python\Anda\Stability_Java\src\main\resources\systems\RTFMS.xes,C:\projects\python\Anda\resources\models\RTFMS_2000_ORDERING_0.2_5_alpha.pnml,0.33333333333333337,0.5982210847254493,27
C:\projects\python\Anda\Stability_Java\src\main\resources\systems\RTFMS.xes,C:\projects\python\Anda\resources\models\RTFMS_2000_ORDERING_0.2_5_heuristics.pnml,0.695163356109642,0.9270871734819699,69
C:\projects\python\Anda\Stability_Java\src\main\resources\systems\RTFMS.xes,C:\projects\python\Anda\resources\models\RTFMS_2000_ORDERING_0.2_5_inductive.pnml,0.5317378178177079,0.9999299839800816,53
C:\projects\python\Anda\Stability_Java\src\main\resources\systems\RTFMS.xes,C:\projects\python\Anda\resources\models\RTFMS_2000_INSERTION_10.0_1_alpha.pnml,0.01386048145205665,0.48583177858233684,95
C:\projects\python\Anda\Stability_Java\src\main\resources\systems\RTFMS.xes,C:\projects\python\Anda\resources\models\RTFMS_2000_INSERTION_10.0_1_heuristics.pnml,0.08976292739874647,0.9447490897821573,184
C:\projects\python\Anda\Stability_Java\src\main\resources\systems\RTFMS.xes,C:\projects\python\Anda\resources\models\RTFMS_2000_INSERTION_10.0_1_inductive.pnml,0.0770216807177645,0.9999827430715776,209
C:\projects\python\Anda\Stability_Java\src\main\resources\systems\RTFMS.xes,C:\projects\python\Anda\resources\models\RTFMS_40000_ABSENCE_4.0_1_alpha.pnml,0.6666400686229528,0.6115494585310366,28
C:\projects\python\Anda\Stability_Java\src\main\resources\systems\RTFMS.xes,C:\projects\python\Anda\resources\models\RTFMS_40000_ABSENCE_4.0_1_heuristics.pnml,0.6718059752911985,0.9268088636282212,69
C:\projects\python\Anda\Stability_Java\src\main\resources\systems\RTFMS.xes,C:\projects\python\Anda\resources\models\RTFMS_40000_ABSENCE_4.0_1_inductive.pnml,0.4145916015660531,1.0,63
C:\projects\python\Anda\Stability_Java\src\main\resources\systems\BPIC2012.xes,C:\projects\python\Anda\resources\models\BPIC2012_4000_MIXED_1.0_3_alpha.pnml,0.0,0.3975249948109543,54
C:\projects\python\Anda\Stability_Java\src\main\resources\systems\BPIC2012.xes,C:\projects\python\Anda\resources\models\BPIC2012_4000_MIXED_1.0_3_heuristics.pnml,0.24060332719569855,0.9774344526172476,145
C:\projects\python\Anda\Stability_Java\src\main\resources\systems\BPIC2012.xes,C:\projects\python\Anda\resources\models\BPIC2012_4000_MIXED_1.0_3_inductive.pnml,0.06745177959219906,0.999976016017522,212
C:\projects\python\Anda\Stability_Java\src\main\resources\systems\RTFMS.xes,C:\projects\python\Anda\resources\models\RTFMS_100000_MIXED_10.0_4_alpha.pnml,0.00025713551041395277,0.4213210185633402,2293
C:\projects\python\Anda\Stability_Java\src\main\resources\systems\RTFMS.xes,C:\projects\python\Anda\resources\models\RTFMS_100000_MIXED_10.0_4_heuristics.pnml,0.002669255072828336,0.9454116610079748,2553
C:\projects\python\Anda\Stability_Java\src\main\resources\systems\RTFMS.xes,C:\projects\python\Anda\resources\models\RTFMS_100000_MIXED_10.0_4_inductive.pnml,0.0030466244802027642,1.0,2448
C:\projects\python\Anda\Stability_Java\src\main\resources\systems\BPIC2012.xes,C:\projects\python\Anda\resources\models\BPIC2012_20000_ORDERING_4.0_3_alpha.pnml,0.0,0.1526889197209263,35
C:\projects\python\Anda\Stability_Java\src\main\resources\systems\BPIC2012.xes,C:\projects\python\Anda\resources\models\BPIC2012_20000_ORDERING_4.0_3_heuristics.pnml,0.32608362583940687,0.9742317870214818,150
C:\projects\python\Anda\Stability_Java\src\main\resources\systems\BPIC2012.xes,C:\projects\python\Anda\resources\models\BPIC2012_20000_ORDERING_4.0_3_inductive.pnml,0.08974014246663653,0.9994084510321287,118
C:\projects\python\Anda\Stability_Java\src\main\resources\systems\Sepsis.xes,C:\projects\python\Anda\resources\models\Sepsis_10000_MIXED_2.0_2_alpha.pnml,0.06330827067669176,0.1209773942159143,88
C:\projects\python\Anda\Stability_Java\src\main\resources\systems\Sepsis.xes,C:\projects\python\Anda\resources\models\Sepsis_10000_MIXED_2.0_2_heuristics.pnml,0.23801430625852116,0.8967622707187806,180
C:\projects\python\Anda\Stability_Java\src\main\resources\systems\Sepsis.xes,C:\projects\python\Anda\resources\models\Sepsis_10000_MIXED_2.0_2_inductive.pnml,0.055823509995624576,1.0,249
C:\projects\python\Anda\Stability_Java\src\main\resources\systems\Sepsis.xes,C:\projects\python\Anda\resources\models\Sepsis_2000_INSERTION_2.0_3_alpha.pnml,0.09389544322978682,0.1415074017777997,44
C:\projects\python\Anda\Stability_Java\src\main\resources\systems\Sepsis.xes,C:\projects\python\Anda\resources\models\Sepsis_2000_INSERTION_2.0_3_heuristics.pnml,0.40634080196293665,0.912937793799335,144
C:\projects\python\Anda\Stability_Java\src\main\resources\systems\Sepsis.xes,C:\projects\python\Anda\resources\models\Sepsis_2000_INSERTION_2.0_3_inductive.pnml,0.10832913347120465,1.0,155
C:\projects\python\Anda\Stability_Java\src\main\resources\systems\RTFMS.xes,C:\projects\python\Anda\resources\models\RTFMS_100000_ORDERING_0.4_5_alpha.pnml,0.11111111111111116,0.31790573197213706,20
C:\projects\python\Anda\Stability_Java\src\main\resources\systems\RTFMS.xes,C:\projects\python\Anda\resources\models\RTFMS_100000_ORDERING_0.4_5_heuristics.pnml,0.5050730968302197,0.9342109920160389,83
C:\projects\python\Anda\Stability_Java\src\main\resources\systems\RTFMS.xes,C:\projects\python\Anda\resources\models\RTFMS_100000_ORDERING_0.4_5_inductive.pnml,0.46649321435150914,1.0,56
C:\projects\python\Anda\Stability_Java\src\main\resources\systems\RTFMS.xes,C:\projects\python\Anda\resources\models\RTFMS_20000_MIXED_10.0_1_alpha.pnml,0.001210653753026647,0.4191283254664195,517
C:\projects\python\Anda\Stability_Java\src\main\resources\systems\RTFMS.xes,C:\projects\python\Anda\resources\models\RTFMS_20000_MIXED_10.0_1_heuristics.pnml,0.010534423767497136,0.945273335363536,631
C:\projects\python\Anda\Stability_Java\src\main\resources\systems\RTFMS.xes,C:\projects\python\Anda\resources\models\RTFMS_20000_MIXED_10.0_1_inductive.pnml,0.013730232677779508,1.0,655
C:\projects\python\Anda\Stability_Java\src\main\resources\systems\Sepsis.xes,C:\projects\python\Anda\resources\models\Sepsis_1000_SUBSTITUTION_4.0_1_alpha.pnml,0.11581348200709585,0.17231275285047498,45
C:\projects\python\Anda\Stability_Java\src\main\resources\systems\Sepsis.xes,C:\projects\python\Anda\resources\models\Sepsis_1000_SUBSTITUTION_4.0_1_heuristics.pnml,0.3556615740996084,0.9112351172228063,124
C:\projects\python\Anda\Stability_Java\src\main\resources\systems\Sepsis.xes,C:\projects\python\Anda\resources\models\Sepsis_1000_SUBSTITUTION_4.0_1_inductive.pnml,0.10715361899596221,1.0,159
C:\projects\python\Anda\Stability_Java\src\main\resources\systems\RTFMS.xes,C:\projects\python\Anda\resources\models\RTFMS_100000_INSERTION_0.4_2_alpha.pnml,0.0028409090909090606,0.4472421119173334,209
C:\projects\python\Anda\Stability_Java\src\main\resources\systems\RTFMS.xes,C:\projects\python\Anda\resources\models\RTFMS_100000_INSERTION_0.4_2_heuristics.pnml,0.03778220231073892,0.9434459183391125,292
C:\projects\python\Anda\Stability_Java\src\main\resources\systems\RTFMS.xes,C:\projects\python\Anda\resources\models\RTFMS_100000_INSERTION_0.4_2_inductive.pnml,0.03723833597296433,1.0,317
C:\projects\python\Anda\Stability_Java\src\main\resources\systems\BPIC2012.xes,C:\projects\python\Anda\resources\models\BPIC2012_4000_SUBSTITUTION_0.4_4_alpha.pnml,0.018867924528301883,0.46664930449701636,39
C:\projects\python\Anda\Stability_Java\src\main\resources\systems\BPIC2012.xes,C:\projects\python\Anda\resources\models\BPIC2012_4000_SUBSTITUTION_0.4_4_heuristics.pnml,0.2503791739342899,0.9773964849016974,134
C:\projects\python\Anda\Stability_Java\src\main\resources\systems\BPIC2012.xes,C:\projects\python\Anda\resources\models\BPIC2012_4000_SUBSTITUTION_0.4_4_inductive.pnml,0.08427530589525656,0.9999814770565562,186
C:\projects\python\Anda\Stability_Java\src\main\resources\systems\RTFMS.xes,C:\projects\python\Anda\resources\models\RTFMS_1000_ORDERING_0.1_5_alpha.pnml,0.8381889907822497,0.6255584752488657,27
C:\projects\python\Anda\Stability_Java\src\main\resources\systems\RTFMS.xes,C:\projects\python\Anda\resources\models\RTFMS_1000_ORDERING_0.1_5_heuristics.pnml,0.8202574488478702,0.9158026519749201,54
C:\projects\python\Anda\Stability_Java\src\main\resources\systems\RTFMS.xes,C:\projects\python\Anda\resources\models\RTFMS_1000_ORDERING_0.1_5_inductive.pnml,0.6321312951083176,0.9998223769929995,50
C:\projects\python\Anda\Stability_Java\src\main\resources\systems\Sepsis.xes,C:\projects\python\Anda\resources\models\Sepsis_10000_INSERTION_4.0_3_alpha.pnml,0.016315327923346112,0.13876428451632228,203
C:\projects\python\Anda\Stability_Java\src\main\resources\systems\Sepsis.xes,C:\projects\python\Anda\resources\models\Sepsis_10000_INSERTION_4.0_3_heuristics.pnml,0.10348103578475554,0.8982189459151196,327
C:\projects\python\Anda\Stability_Java\src\main\resources\systems\Sepsis.xes,C:\projects\python\Anda\resources\models\Sepsis_10000_INSERTION_4.0_3_inductive.pnml,0.026403403142945314,1.0,377
C:\projects\python\Anda\Stability_Java\src\main\resources\systems\Sepsis.xes,C:\projects\python\Anda\resources\models\Sepsis_4000_SUBSTITUTION_10.0_5_alpha.pnml,0.018317819815843794,0.1514407424718066,210
C:\projects\python\Anda\Stability_Java\src\main\resources\systems\Sepsis.xes,C:\projects\python\Anda\resources\models\Sepsis_4000_SUBSTITUTION_10.0_5_heuristics.pnml,0.09945427016954234,0.8943876924878978,355
C:\projects\python\Anda\Stability_Java\src\main\resources\systems\Sepsis.xes,C:\projects\python\Anda\resources\models\Sepsis_4000_SUBSTITUTION_10.0_5_inductive.pnml,0.025240260859605734,1.0,394
C:\projects\python\Anda\Stability_Java\src\main\resources\systems\Sepsis.xes,C:\projects\python\Anda\resources\models\Sepsis_1000_INSERTION_4.0_1_alpha.pnml,0.1264607173183454,0.22545335983535014,47
C:\projects\python\Anda\Stability_Java\src\main\resources\systems\Sepsis.xes,C:\projects\python\Anda\resources\models\Sepsis_1000_INSERTION_4.0_1_heuristics.pnml,0.4554119889853845,0.9100666155165367,122
C:\projects\python\Anda\Stability_Java\src\main\resources\systems\Sepsis.xes,C:\projects\python\Anda\resources\models\Sepsis_1000_INSERTION_4.0_1_inductive.pnml,0.11151342201220227,0.9999525534016146,169
C:\projects\python\Anda\Stability_Java\src\main\resources\systems\RTFMS.xes,C:\projects\python\Anda\resources\models\RTFMS_2000_INSERTION_0.4_4_alpha.pnml,0.0,0.5065150459223198,34
C:\projects\python\Anda\Stability_Java\src\main\resources\systems\RTFMS.xes,C:\projects\python\Anda\resources\models\RTFMS_2000_INSERTION_0.4_4_heuristics.pnml,0.5329973611419228,0.9430933934005364,75
C:\projects\python\Anda\Stability_Java\src\main\resources\systems\RTFMS.xes,C:\projects\python\Anda\resources\models\RTFMS_2000_INSERTION_0.4_4_inductive.pnml,0.4795666478483449,0.9999197498505045,74
C:\projects\python\Anda\Stability_Java\src\main\resources\systems\RTFMS.xes,C:\projects\python\Anda\resources\models\RTFMS_1000_SUBSTITUTION_0.2_2_alpha.pnml,0.7544420912659726,0.6960316341571908,29
C:\projects\python\Anda\Stability_Java\src\main\resources\systems\RTFMS.xes,C:\projects\python\Anda\resources\models\RTFMS_1000_SUBSTITUTION_0.2_2_heuristics.pnml,0.7503605248084964,0.9222085065962013,56
C:\projects\python\Anda\Stability_Java\src\main\resources\systems\RTFMS.xes,C:\projects\python\Anda\resources\models\RTFMS_1000_SUBSTITUTION_0.2_2_inductive.pnml,0.5342970209959328,0.9998268270894365,56
C:\projects\python\Anda\Stability_Java\src\main\resources\systems\RTFMS.xes,C:\projects\python\Anda\resources\models\RTFMS_1000_SUBSTITUTION_4.0_3_alpha.pnml,0.062496856869853845,0.5428920828496472,32
C:\projects\python\Anda\Stability_Java\src\main\resources\systems\RTFMS.xes,C:\projects\python\Anda\resources\models\RTFMS_1000_SUBSTITUTION_4.0_3_heuristics.pnml,0.2086027758820359,0.9381938078621385,95
C:\projects\python\Anda\Stability_Java\src\main\resources\systems\RTFMS.xes,C:\projects\python\Anda\resources\models\RTFMS_1000_SUBSTITUTION_4.0_3_inductive.pnml,0.20037935424908448,0.999932022102854,111
C:\projects\python\Anda\Stability_Java\src\main\resources\systems\BPIC2012.xes,C:\projects\python\Anda\resources\models\BPIC2012_10000_SUBSTITUTION_0.2_4_alpha.pnml,0.018867924528301883,0.46063244971034617,41
C:\projects\python\Anda\Stability_Java\src\main\resources\systems\BPIC2012.xes,C:\projects\python\Anda\resources\models\BPIC2012_10000_SUBSTITUTION_0.2_4_heuristics.pnml,0.2504128289735489,0.9773899131242036,132
C:\projects\python\Anda\Stability_Java\src\main\resources\systems\BPIC2012.xes,C:\projects\python\Anda\resources\models\BPIC2012_10000_SUBSTITUTION_0.2_4_inductive.pnml,0.0823801660075616,0.9958492368783398,179
C:\projects\python\Anda\Stability_Java\src\main\resources\systems\Sepsis.xes,C:\projects\python\Anda\resources\models\Sepsis_40000_ORDERING_0.4_3_alpha.pnml,0.44227696964601027,0.1690719241524931,23
C:\projects\python\Anda\Stability_Java\src\main\resources\systems\Sepsis.xes,C:\projects\python\Anda\resources\models\Sepsis_40000_ORDERING_0.4_3_heuristics.pnml,0.6792115665782206,0.8976926421793334,111
C:\projects\python\Anda\Stability_Java\src\main\resources\systems\Sepsis.xes,C:\projects\python\Anda\resources\models\Sepsis_40000_ORDERING_0.4_3_inductive.pnml,0.2726913450138322,1.0,95
C:\projects\python\Anda\Stability_Java\src\main\resources\systems\RTFMS.xes,C:\projects\python\Anda\resources\models\RTFMS_100000_MIXED_0.2_2_alpha.pnml,0.010752688172043001,0.4710989015687,67
C:\projects\python\Anda\Stability_Java\src\main\resources\systems\RTFMS.xes,C:\projects\python\Anda\resources\models\RTFMS_100000_MIXED_0.2_2_heuristics.pnml,0.09696879627375254,0.9477241383706788,142
C:\projects\python\Anda\Stability_Java\src\main\resources\systems\RTFMS.xes,C:\projects\python\Anda\resources\models\RTFMS_100000_MIXED_0.2_2_inductive.pnml,0.0961443598893491,1.0,180
C:\projects\python\Anda\Stability_Java\src\main\resources\systems\RTFMS.xes,C:\projects\python\Anda\resources\models\RTFMS_100000_SUBSTITUTION_0.2_3_alpha.pnml,0.006134969325153339,0.4713347288732695,113
C:\projects\python\Anda\Stability_Java\src\main\resources\systems\RTFMS.xes,C:\projects\python\Anda\resources\models\RTFMS_100000_SUBSTITUTION_0.2_3_heuristics.pnml,0.05433691349569214,0.9389031705077711,190
C:\projects\python\Anda\Stability_Java\src\main\resources\systems\RTFMS.xes,C:\projects\python\Anda\resources\models\RTFMS_100000_SUBSTITUTION_0.2_3_inductive.pnml,0.058103460616480196,0.999999830372744,224
C:\projects\python\Anda\Stability_Java\src\main\resources\systems\BPIC2012.xes,C:\projects\python\Anda\resources\models\BPIC2012_10000_ABSENCE_0.4_2_alpha.pnml,0.032258064516129004,0.5225168534370104,35
C:\projects\python\Anda\Stability_Java\src\main\resources\systems\BPIC2012.xes,C:\projects\python\Anda\resources\models\BPIC2012_10000_ABSENCE_0.4_2_heuristics.pnml,0.3102981339446633,0.9798833006942862,123
C:\projects\python\Anda\Stability_Java\src\main\resources\systems\BPIC2012.xes,C:\projects\python\Anda\resources\models\BPIC2012_10000_ABSENCE_0.4_2_inductive.pnml,0.10445951778696605,0.9703403835110387,145
C:\projects\python\Anda\Stability_Java\src\main\resources\systems\RTFMS.xes,C:\projects\python\Anda\resources\models\RTFMS_20000_ORDERING_0.2_5_alpha.pnml,0.25,0.4661931695439283,22
C:\projects\python\Anda\Stability_Java\src\main\resources\systems\RTFMS.xes,C:\projects\python\Anda\resources\models\RTFMS_20000_ORDERING_0.2_5_heuristics.pnml,0.5770674736837174,0.9375813379251718,67
C:\projects\python\Anda\Stability_Java\src\main\resources\systems\RTFMS.xes,C:\projects\python\Anda\resources\models\RTFMS_20000_ORDERING_0.2_5_inductive.pnml,0.5118939698095613,0.9999963650154547,42
C:\projects\python\Anda\Stability_Java\src\main\resources\systems\BPIC2012.xes,C:\projects\python\Anda\resources\models\BPIC2012_2000_ORDERING_2.0_1_alpha.pnml,0.0,0.414600698487446,33
C:\projects\python\Anda\Stability_Java\src\main\resources\systems\BPIC2012.xes,C:\projects\python\Anda\resources\models\BPIC2012_2000_ORDERING_2.0_1_heuristics.pnml,0.29235540726656994,0.9827026113945148,110
C:\projects\python\Anda\Stability_Java\src\main\resources\systems\BPIC2012.xes,C:\projects\python\Anda\resources\models\BPIC2012_2000_ORDERING_2.0_1_inductive.pnml,0.09837676052301347,0.9688534540192264,139
C:\projects\python\Anda\Stability_Java\src\main\resources\systems\BPIC2012.xes,C:\projects\python\Anda\resources\models\BPIC2012_2000_INSERTION_4.0_2_alpha.pnml,0.031824408050886044,0.38082389485451357,69
C:\projects\python\Anda\Stability_Java\src\main\resources\systems\BPIC2012.xes,C:\projects\python\Anda\resources\models\BPIC2012_2000_INSERTION_4.0_2_heuristics.pnml,0.1832267396022611,0.9791974781106783,157
C:\projects\python\Anda\Stability_Java\src\main\resources\systems\BPIC2012.xes,C:\projects\python\Anda\resources\models\BPIC2012_2000_INSERTION_4.0_2_inductive.pnml,0.05555566314067206,0.9999459330077844,251
C:\projects\python\Anda\Stability_Java\src\main\resources\systems\RTFMS.xes,C:\projects\python\Anda\resources\models\RTFMS_40000_SUBSTITUTION_0.4_5_alpha.pnml,0.01481396392198342,0.47956078289879983,95
C:\projects\python\Anda\Stability_Java\src\main\resources\systems\RTFMS.xes,C:\projects\python\Anda\resources\models\RTFMS_40000_SUBSTITUTION_0.4_5_heuristics.pnml,0.056923399545855125,0.9363877228543944,167
C:\projects\python\Anda\Stability_Java\src\main\resources\systems\RTFMS.xes,C:\projects\python\Anda\resources\models\RTFMS_40000_SUBSTITUTION_0.4_5_inductive.pnml,0.06930182272723273,0.9999993885037481,201
C:\projects\python\Anda\Stability_Java\src\main\resources\systems\Sepsis.xes,C:\projects\python\Anda\resources\models\Sepsis_40000_MIXED_0.1_1_alpha.pnml,0.14508804448563484,0.14642135404860324,32
C:\projects\python\Anda\Stability_Java\src\main\resources\systems\Sepsis.xes,C:\projects\python\Anda\resources\models\Sepsis_40000_MIXED_0.1_1_heuristics.pnml,0.5166416670045,0.9005055576687526,121
C:\projects\python\Anda\Stability_Java\src\main\resources\systems\Sepsis.xes,C:\projects\python\Anda\resources\models\Sepsis_40000_MIXED_0.1_1_inductive.pnml,0.14668277141756814,1.0,127
C:\projects\python\Anda\Stability_Java\src\main\resources\systems\RTFMS.xes,C:\projects\python\Anda\resources\models\RTFMS_20000_INSERTION_1.0_4_alpha.pnml,0.012120481308125375,0.45083223831071856,107
C:\projects\python\Anda\Stability_Java\src\main\resources\systems\RTFMS.xes,C:\projects\python\Anda\resources\models\RTFMS_20000_INSERTION_1.0_4_heuristics.pnml,0.048680377927935004,0.9465946210412348,179
C:\projects\python\Anda\Stability_Java\src\main\resources\systems\RTFMS.xes,C:\projects\python\Anda\resources\models\RTFMS_20000_INSERTION_1.0_4_inductive.pnml,0.07046967708949425,1.0,198
C:\projects\python\Anda\Stability_Java\src\main\resources\systems\BPIC2012.xes,C:\projects\python\Anda\resources\models\BPIC2012_1000_ORDERING_2.0_4_alpha.pnml,0.032258064516129004,0.3180877928128353,32
C:\projects\python\Anda\Stability_Java\src\main\resources\systems\BPIC2012.xes,C:\projects\python\Anda\resources\models\BPIC2012_1000_ORDERING_2.0_4_heuristics.pnml,0.307364195683969,0.9840447784341055,117
C:\projects\python\Anda\Stability_Java\src\main\resources\systems\BPIC2012.xes,C:\projects\python\Anda\resources\models\BPIC2012_1000_ORDERING_2.0_4_inductive.pnml,0.10782385916989001,0.9931191174786664,141
C:\projects\python\Anda\Stability_Java\src\main\resources\systems\BPIC2012.xes,C:\projects\python\Anda\resources\models\BPIC2012_1000_SUBSTITUTION_0.2_3_alpha.pnml,0.09861577053312653,0.5702576805783744,36
C:\projects\python\Anda\Stability_Java\src\main\resources\systems\BPIC2012.xes,C:\projects\python\Anda\resources\models\BPIC2012_1000_SUBSTITUTION_0.2_3_heuristics.pnml,0.3132950804572078,0.9836055030938811,111
C:\projects\python\Anda\Stability_Java\src\main\resources\systems\BPIC2012.xes,C:\projects\python\Anda\resources\models\BPIC2012_1000_SUBSTITUTION_0.2_3_inductive.pnml,0.13011287835485985,0.9933473338442669,155
C:\projects\python\Anda\Stability_Java\src\main\resources\systems\BPIC2012.xes,C:\projects\python\Anda\resources\models\BPIC2012_20000_INSERTION_4.0_2_alpha.pnml,0.0014164305949008194,0.1300607484248661,399
C:\projects\python\Anda\Stability_Java\src\main\resources\systems\BPIC2012.xes,C:\projects\python\Anda\resources\models\BPIC2012_20000_INSERTION_4.0_2_heuristics.pnml,0.049339806609297154,0.9706537047137378,566
C:\projects\python\Anda\Stability_Java\src\main\resources\systems\BPIC2012.xes,C:\projects\python\Anda\resources\models\BPIC2012_20000_INSERTION_4.0_2_inductive.pnml,0.013452876744129205,1.0,734
C:\projects\python\Anda\Stability_Java\src\main\resources\systems\Sepsis.xes,C:\projects\python\Anda\resources\models\Sepsis_10000_ORDERING_0.2_2_alpha.pnml,0.3255047383601154,0.23275847615052314,25
C:\projects\python\Anda\Stability_Java\src\main\resources\systems\Sepsis.xes,C:\projects\python\Anda\resources\models\Sepsis_10000_ORDERING_0.2_2_heuristics.pnml,0.6647887323943662,0.8982043958034452,108
C:\projects\python\Anda\Stability_Java\src\main\resources\systems\Sepsis.xes,C:\projects\python\Anda\resources\models\Sepsis_10000_ORDERING_0.2_2_inductive.pnml,0.2539344290929416,1.0,93
C:\projects\python\Anda\Stability_Java\src\main\resources\systems\RTFMS.xes,C:\projects\python\Anda\resources\models\RTFMS_2000_SUBSTITUTION_0.2_1_alpha.pnml,0.39411092012974414,0.669923766719517,26
C:\projects\python\Anda\Stability_Java\src\main\resources\systems\RTFMS.xes,C:\projects\python\Anda\resources\models\RTFMS_2000_SUBSTITUTION_0.2_1_heuristics.pnml,0.695163356109642,0.9255365919028102,67
C:\projects\python\Anda\Stability_Java\src\main\resources\systems\RTFMS.xes,C:\projects\python\Anda\resources\models\RTFMS_2000_SUBSTITUTION_0.2_1_inductive.pnml,0.3652303660320084,0.9999415420868603,77
C:\projects\python\Anda\Stability_Java\src\main\resources\systems\BPIC2012.xes,C:\projects\python\Anda\resources\models\BPIC2012_10000_SUBSTITUTION_0.4_1_alpha.pnml,0.013333333333333308,0.4585926690572654,61
C:\projects\python\Anda\Stability_Java\src\main\resources\systems\BPIC2012.xes,C:\projects\python\Anda\resources\models\BPIC2012_10000_SUBSTITUTION_0.4_1_heuristics.pnml,0.20406686668700502,0.977856036916962,149
C:\projects\python\Anda\Stability_Java\src\main\resources\systems\BPIC2012.xes,C:\projects\python\Anda\resources\models\BPIC2012_10000_SUBSTITUTION_0.4_1_inductive.pnml,0.06999898142123162,0.999996604200943,203
C:\projects\python\Anda\Stability_Java\src\main\resources\systems\Sepsis.xes,C:\projects\python\Anda\resources\models\Sepsis_100000_MIXED_0.1_1_alpha.pnml,0.10040508067284581,0.1539551115452909,46
C:\projects\python\Anda\Stability_Java\src\main\resources\systems\Sepsis.xes,C:\projects\python\Anda\resources\models\Sepsis_100000_MIXED_0.1_1_heuristics.pnml,0.40186680121089813,0.9000777795672529,136
C:\projects\python\Anda\Stability_Java\src\main\resources\systems\Sepsis.xes,C:\projects\python\Anda\resources\models\Sepsis_100000_MIXED_0.1_1_inductive.pnml,0.10230245426987572,1.0,165
C:\projects\python\Anda\Stability_Java\src\main\resources\systems\Sepsis.xes,C:\projects\python\Anda\resources\models\Sepsis_1000_INSERTION_4.0_4_alpha.pnml,0.11277658815132052,0.25894128130290756,56
C:\projects\python\Anda\Stability_Java\src\main\resources\systems\Sepsis.xes,C:\projects\python\Anda\resources\models\Sepsis_1000_INSERTION_4.0_4_heuristics.pnml,0.3991089660293299,0.903875930164358,127
C:\projects\python\Anda\Stability_Java\src\main\resources\systems\Sepsis.xes,C:\projects\python\Anda\resources\models\Sepsis_1000_INSERTION_4.0_4_inductive.pnml,0.2520146605522763,0.9999592186954525,142
C:\projects\python\Anda\Stability_Java\src\main\resources\systems\Sepsis.xes,C:\projects\python\Anda\resources\models\Sepsis_4000_ORDERING_0.4_5_alpha.pnml,0.4426422388436003,0.26588961197193384,22
C:\projects\python\Anda\Stability_Java\src\main\resources\systems\Sepsis.xes,C:\projects\python\Anda\resources\models\Sepsis_4000_ORDERING_0.4_5_heuristics.pnml,0.7811300424270995,0.8855357819321268,117
C:\projects\python\Anda\Stability_Java\src\main\resources\systems\Sepsis.xes,C:\projects\python\Anda\resources\models\Sepsis_4000_ORDERING_0.4_5_inductive.pnml,0.301076686137666,1.0,93
C:\projects\python\Anda\Stability_Java\src\main\resources\systems\Sepsis.xes,C:\projects\python\Anda\resources\models\Sepsis_2000_ORDERING_0.1_3_alpha.pnml,0.4426050420168067,0.23947726385374474,22
C:\projects\python\Anda\Stability_Java\src\main\resources\systems\Sepsis.xes,C:\projects\python\Anda\resources\models\Sepsis_2000_ORDERING_0.1_3_heuristics.pnml,0.7177271055535124,0.9134889110180062,110
C:\projects\python\Anda\Stability_Java\src\main\resources\systems\Sepsis.xes,C:\projects\python\Anda\resources\models\Sepsis_2000_ORDERING_0.1_3_inductive.pnml,0.25762075419340746,1.0,89
C:\projects\python\Anda\Stability_Java\src\main\resources\systems\RTFMS.xes,C:\projects\python\Anda\resources\models\RTFMS_100000_MIXED_2.0_2_alpha.pnml,0.001210653753026647,0.4221865386838927,498
C:\projects\python\Anda\Stability_Java\src\main\resources\systems\RTFMS.xes,C:\projects\python\Anda\resources\models\RTFMS_100000_MIXED_2.0_2_heuristics.pnml,0.014920949289915164,0.9455296255758159,601
C:\projects\python\Anda\Stability_Java\src\main\resources\systems\RTFMS.xes,C:\projects\python\Anda\resources\models\RTFMS_100000_MIXED_2.0_2_inductive.pnml,0.014196342809126516,1.0,649
C:\projects\python\Anda\Stability_Java\src\main\resources\systems\RTFMS.xes,C:\projects\python\Anda\resources\models\RTFMS_2000_ABSENCE_2.0_2_alpha.pnml,0.5,0.6056492096902676,29
C:\projects\python\Anda\Stability_Java\src\main\resources\systems\RTFMS.xes,C:\projects\python\Anda\resources\models\RTFMS_2000_ABSENCE_2.0_2_heuristics.pnml,0.695163356109642,0.9326433364388141,69
C:\projects\python\Anda\Stability_Java\src\main\resources\systems\RTFMS.xes,C:\projects\python\Anda\resources\models\RTFMS_2000_ABSENCE_2.0_2_inductive.pnml,0.44910688178957814,0.9999025887846753,59
C:\projects\python\Anda\Stability_Java\src\main\resources\systems\BPIC2012.xes,C:\projects\python\Anda\resources\models\BPIC2012_40000_MIXED_0.2_3_alpha.pnml,0.014084507042253502,0.2651211674939927,50
C:\projects\python\Anda\Stability_Java\src\main\resources\systems\BPIC2012.xes,C:\projects\python\Anda\resources\models\BPIC2012_40000_MIXED_0.2_3_heuristics.pnml,0.25971236912421447,0.9807954487847592,156
C:\projects\python\Anda\Stability_Java\src\main\resources\systems\BPIC2012.xes,C:\projects\python\Anda\resources\models\BPIC2012_40000_MIXED_0.2_3_inductive.pnml,0.06455585391107144,0.997695664744488,250
C:\projects\python\Anda\Stability_Java\src\main\resources\systems\BPIC2012.xes,C:\projects\python\Anda\resources\models\BPIC2012_20000_ABSENCE_10.0_5_alpha.pnml,0.032258064516129004,0.563414538505251,38
C:\projects\python\Anda\Stability_Java\src\main\resources\systems\BPIC2012.xes,C:\projects\python\Anda\resources\models\BPIC2012_20000_ABSENCE_10.0_5_heuristics.pnml,0.3078578584769137,0.9753573308362281,132
C:\projects\python\Anda\Stability_Java\src\main\resources\systems\BPIC2012.xes,C:\projects\python\Anda\resources\models\BPIC2012_20000_ABSENCE_10.0_5_inductive.pnml,0.11555249331607864,0.9910439085742351,111
C:\projects\python\Anda\Stability_Java\src\main\resources\systems\BPIC2012.xes,C:\projects\python\Anda\resources\models\BPIC2012_40000_MIXED_4.0_5_alpha.pnml,0.0013192612137202797,0.0975810296678205,421
C:\projects\python\Anda\Stability_Java\src\main\resources\systems\BPIC2012.xes,C:\projects\python\Anda\resources\models\BPIC2012_40000_MIXED_4.0_5_heuristics.pnml,0.05039679026874466,0.9794000853397979,604
C:\projects\python\Anda\Stability_Java\src\main\resources\systems\BPIC2012.xes,C:\projects\python\Anda\resources\models\BPIC2012_40000_MIXED_4.0_5_inductive.pnml,0.010857251320562367,1.0,765
C:\projects\python\Anda\Stability_Java\src\main\resources\systems\RTFMS.xes,C:\projects\python\Anda\resources\models\RTFMS_20000_MIXED_10.0_5_alpha.pnml,0.0012755102040816757,0.4211922680408215,452
C:\projects\python\Anda\Stability_Java\src\main\resources\systems\RTFMS.xes,C:\projects\python\Anda\resources\models\RTFMS_20000_MIXED_10.0_5_heuristics.pnml,0.01761125570274169,0.9451341876724497,549
C:\projects\python\Anda\Stability_Java\src\main\resources\systems\RTFMS.xes,C:\projects\python\Anda\resources\models\RTFMS_20000_MIXED_10.0_5_inductive.pnml,0.014074697527302393,0.9999996807407835,581
C:\projects\python\Anda\Stability_Java\src\main\resources\systems\Sepsis.xes,C:\projects\python\Anda\resources\models\Sepsis_1000_ORDERING_10.0_2_alpha.pnml,0.3543226684819605,0.24266027599949347,27
C:\projects\python\Anda\Stability_Java\src\main\resources\systems\Sepsis.xes,C:\projects\python\Anda\resources\models\Sepsis_1000_ORDERING_10.0_2_heuristics.pnml,0.6373042761651864,0.9097428352638085,102
C:\projects\python\Anda\Stability_Java\src\main\resources\systems\Sepsis.xes,C:\projects\python\Anda\resources\models\Sepsis_1000_ORDERING_10.0_2_inductive.pnml,0.23685853753889086,0.9999358846866067,97
C:\projects\python\Anda\Stability_Java\src\main\resources\systems\Sepsis.xes,C:\projects\python\Anda\resources\models\Sepsis_10000_ABSENCE_10.0_2_alpha.pnml,0.4439746300211417,0.2713113947849354,23
C:\projects\python\Anda\Stability_Java\src\main\resources\systems\Sepsis.xes,C:\projects\python\Anda\resources\models\Sepsis_10000_ABSENCE_10.0_2_heuristics.pnml,0.6862627073301231,0.8872302669987656,114
C:\projects\python\Anda\Stability_Java\src\main\resources\systems\Sepsis.xes,C:\projects\python\Anda\resources\models\Sepsis_10000_ABSENCE_10.0_2_inductive.pnml,0.2475336831655084,1.0,95
C:\projects\python\Anda\Stability_Java\src\main\resources\systems\BPIC2012.xes,C:\projects\python\Anda\resources\models\BPIC2012_40000_SUBSTITUTION_0.2_4_alpha.pnml,0.009708737864077666,0.3830087147500781,73
C:\projects\python\Anda\Stability_Java\src\main\resources\systems\BPIC2012.xes,C:\projects\python\Anda\resources\models\BPIC2012_40000_SUBSTITUTION_0.2_4_heuristics.pnml,0.21704240225123883,0.974716069620045,181
C:\projects\python\Anda\Stability_Java\src\main\resources\systems\BPIC2012.xes,C:\projects\python\Anda\resources\models\BPIC2012_40000_SUBSTITUTION_0.2_4_inductive.pnml,0.051805445795824356,1.0,235
C:\projects\python\Anda\Stability_Java\src\main\resources\systems\Sepsis.xes,C:\projects\python\Anda\resources\models\Sepsis_2000_ORDERING_0.2_5_alpha.pnml,0.4426050420168067,0.23947726385374474,22
C:\projects\python\Anda\Stability_Java\src\main\resources\systems\Sepsis.xes,C:\projects\python\Anda\resources\models\Sepsis_2000_ORDERING_0.2_5_heuristics.pnml,0.7073244187447296,0.9031297893061541,111
C:\projects\python\Anda\Stability_Java\src\main\resources\systems\Sepsis.xes,C:\projects\python\Anda\resources\models\Sepsis_2000_ORDERING_0.2_5_inductive.pnml,0.25762075419340746,1.0,89
C:\projects\python\Anda\Stability_Java\src\main\resources\systems\BPIC2012.xes,C:\projects\python\Anda\resources\models\BPIC2012_4000_SUBSTITUTION_0.2_1_alpha.pnml,0.1058139149566345,0.6376547189661914,36
C:\projects\python\Anda\Stability_Java\src\main\resources\systems\BPIC2012.xes,C:\projects\python\Anda\resources\models\BPIC2012_4000_SUBSTITUTION_0.2_1_heuristics.pnml,0.2535920303673286,0.9793070566167426,124
C:\projects\python\Anda\Stability_Java\src\main\resources\systems\BPIC2012.xes,C:\projects\python\Anda\resources\models\BPIC2012_4000_SUBSTITUTION_0.2_1_inductive.pnml,0.10587120416371121,0.9675285860731178,143
C:\projects\python\Anda\Stability_Java\src\main\resources\systems\Sepsis.xes,C:\projects\python\Anda\resources\models\Sepsis_40000_ORDERING_0.4_5_alpha.pnml,0.44814340588988477,0.21180748098870256,24
C:\projects\python\Anda\Stability_Java\src\main\resources\systems\Sepsis.xes,C:\projects\python\Anda\resources\models\Sepsis_40000_ORDERING_0.4_5_heuristics.pnml,0.5452553581387938,0.9038138634350619,116
C:\projects\python\Anda\Stability_Java\src\main\resources\systems\Sepsis.xes,C:\projects\python\Anda\resources\models\Sepsis_40000_ORDERING_0.4_5_inductive.pnml,0.2995301406818135,1.0,92
C:\projects\python\Anda\Stability_Java\src\main\resources\systems\Sepsis.xes,C:\projects\python\Anda\resources\models\Sepsis_10000_MIXED_4.0_3_alpha.pnml,0.031065453278611876,0.14235163433028514,127
C:\projects\python\Anda\Stability_Java\src\main\resources\systems\Sepsis.xes,C:\projects\python\Anda\resources\models\Sepsis_10000_MIXED_4.0_3_heuristics.pnml,0.15549345057541775,0.902079324467038,237
C:\projects\python\Anda\Stability_Java\src\main\resources\systems\Sepsis.xes,C:\projects\python\Anda\resources\models\Sepsis_10000_MIXED_4.0_3_inductive.pnml,0.03864976496046357,1.0,301
C:\projects\python\Anda\Stability_Java\src\main\resources\systems\BPIC2012.xes,C:\projects\python\Anda\resources\models\BPIC2012_10000_INSERTION_0.1_5_alpha.pnml,0.02777777777777779,0.4943023049419681,39
C:\projects\python\Anda\Stability_Java\src\main\resources\systems\BPIC2012.xes,C:\projects\python\Anda\resources\models\BPIC2012_10000_INSERTION_0.1_5_heuristics.pnml,0.26978055829019654,0.9803758538193406,126
C:\projects\python\Anda\Stability_Java\src\main\resources\systems\BPIC2012.xes,C:\projects\python\Anda\resources\models\BPIC2012_10000_INSERTION_0.1_5_inductive.pnml,0.10791701518501529,1.0,157
C:\projects\python\Anda\Stability_Java\src\main\resources\systems\Sepsis.xes,C:\projects\python\Anda\resources\models\Sepsis_100000_INSERTION_1.0_4_alpha.pnml,0.006564551422319487,0.13704354133600777,494
C:\projects\python\Anda\Stability_Java\src\main\resources\systems\Sepsis.xes,C:\projects\python\Anda\resources\models\Sepsis_100000_INSERTION_1.0_4_heuristics.pnml,0.04580152671755722,0.8983866360399759,616
C:\projects\python\Anda\Stability_Java\src\main\resources\systems\Sepsis.xes,C:\projects\python\Anda\resources\models\Sepsis_100000_INSERTION_1.0_4_inductive.pnml,0.011124141482640959,1.0,694
C:\projects\python\Anda\Stability_Java\src\main\resources\systems\BPIC2012.xes,C:\projects\python\Anda\resources\models\BPIC2012_1000_INSERTION_10.0_3_alpha.pnml,0.00990099009900991,0.19965907666014693,79
C:\projects\python\Anda\Stability_Java\src\main\resources\systems\BPIC2012.xes,C:\projects\python\Anda\resources\models\BPIC2012_1000_INSERTION_10.0_3_heuristics.pnml,0.19447668999237,0.9851786358811289,180
C:\projects\python\Anda\Stability_Java\src\main\resources\systems\BPIC2012.xes,C:\projects\python\Anda\resources\models\BPIC2012_1000_INSERTION_10.0_3_inductive.pnml,0.05491025196188504,0.9999784197434952,316
C:\projects\python\Anda\Stability_Java\src\main\resources\systems\RTFMS.xes,C:\projects\python\Anda\resources\models\RTFMS_10000_ABSENCE_2.0_3_alpha.pnml,0.5,0.5263955245044593,33
C:\projects\python\Anda\Stability_Java\src\main\resources\systems\RTFMS.xes,C:\projects\python\Anda\resources\models\RTFMS_10000_ABSENCE_2.0_3_heuristics.pnml,0.6714910114552295,0.932819469412596,67
C:\projects\python\Anda\Stability_Java\src\main\resources\systems\RTFMS.xes,C:\projects\python\Anda\resources\models\RTFMS_10000_ABSENCE_2.0_3_inductive.pnml,0.37554792702748174,0.9999911864716747,41
C:\projects\python\Anda\Stability_Java\src\main\resources\systems\RTFMS.xes,C:\projects\python\Anda\resources\models\RTFMS_40000_SUBSTITUTION_0.2_1_alpha.pnml,0.01449275362318836,0.5144584307148536,54
C:\projects\python\Anda\Stability_Java\src\main\resources\systems\RTFMS.xes,C:\projects\python\Anda\resources\models\RTFMS_40000_SUBSTITUTION_0.2_1_heuristics.pnml,0.10420372868102745,0.9365439401335207,112
C:\projects\python\Anda\Stability_Java\src\main\resources\systems\RTFMS.xes,C:\projects\python\Anda\resources\models\RTFMS_40000_SUBSTITUTION_0.2_1_inductive.pnml,0.11288765134391954,0.999999374979166,155
C:\projects\python\Anda\Stability_Java\src\main\resources\systems\BPIC2012.xes,C:\projects\python\Anda\resources\models\BPIC2012_20000_ABSENCE_4.0_5_alpha.pnml,0.032258064516129004,0.563414538505251,38
C:\projects\python\Anda\Stability_Java\src\main\resources\systems\BPIC2012.xes,C:\projects\python\Anda\resources\models\BPIC2012_20000_ABSENCE_4.0_5_heuristics.pnml,0.3078578584769137,0.9753573308362281,132
C:\projects\python\Anda\Stability_Java\src\main\resources\systems\BPIC2012.xes,C:\projects\python\Anda\resources\models\BPIC2012_20000_ABSENCE_4.0_5_inductive.pnml,0.11545749864645372,0.9903907579841464,110
C:\projects\python\Anda\Stability_Java\src\main\resources\systems\RTFMS.xes,C:\projects\python\Anda\resources\models\RTFMS_100000_ORDERING_10.0_4_alpha.pnml,0.0,0.2954548015937972,23
C:\projects\python\Anda\Stability_Java\src\main\resources\systems\RTFMS.xes,C:\projects\python\Anda\resources\models\RTFMS_100000_ORDERING_10.0_4_heuristics.pnml,0.3098326002422388,0.9359383390350431,86
C:\projects\python\Anda\Stability_Java\src\main\resources\systems\RTFMS.xes,C:\projects\python\Anda\resources\models\RTFMS_100000_ORDERING_10.0_4_inductive.pnml,0.41459175558322037,0.9999996600170535,66
C:\projects\python\Anda\Stability_Java\src\main\resources\systems\BPIC2012.xes,C:\projects\python\Anda\resources\models\BPIC2012_1000_ORDERING_1.0_3_alpha.pnml,0.0357142857142857,0.44732470145510206,34
C:\projects\python\Anda\Stability_Java\src\main\resources\systems\BPIC2012.xes,C:\projects\python\Anda\resources\models\BPIC2012_1000_ORDERING_1.0_3_heuristics.pnml,0.3104494577652057,0.9840447784341055,116
C:\projects\python\Anda\Stability_Java\src\main\resources\systems\BPIC2012.xes,C:\projects\python\Anda\resources\models\BPIC2012_1000_ORDERING_1.0_3_inductive.pnml,0.10202746942333663,0.991556859751545,135
C:\projects\python\Anda\Stability_Java\src\main\resources\systems\RTFMS.xes,C:\projects\python\Anda\resources\models\RTFMS_2000_MIXED_4.0_3_alpha.pnml,0.06060624379604229,0.409798274640413,35
C:\projects\python\Anda\Stability_Java\src\main\resources\systems\RTFMS.xes,C:\projects\python\Anda\resources\models\RTFMS_2000_MIXED_4.0_3_heuristics.pnml,0.20146487509908872,0.9437220147624266,99
C:\projects\python\Anda\Stability_Java\src\main\resources\systems\RTFMS.xes,C:\projects\python\Anda\resources\models\RTFMS_2000_MIXED_4.0_3_inductive.pnml,0.17414360588013855,1.0,87
C:\projects\python\Anda\Stability_Java\src\main\resources\systems\BPIC2012.xes,C:\projects\python\Anda\resources\models\BPIC2012_20000_MIXED_4.0_5_alpha.pnml,0.002673796791443861,0.1190652825406136,239
C:\projects\python\Anda\Stability_Java\src\main\resources\systems\BPIC2012.xes,C:\projects\python\Anda\resources\models\BPIC2012_20000_MIXED_4.0_5_heuristics.pnml,0.08879643557164774,0.9715456019663107,386
C:\projects\python\Anda\Stability_Java\src\main\resources\systems\BPIC2012.xes,C:\projects\python\Anda\resources\models\BPIC2012_20000_MIXED_4.0_5_inductive.pnml,0.017565362365025372,1.0,567
C:\projects\python\Anda\Stability_Java\src\main\resources\systems\RTFMS.xes,C:\projects\python\Anda\resources\models\RTFMS_20000_ORDERING_0.1_3_alpha.pnml,0.0,0.46423611339781584,24
C:\projects\python\Anda\Stability_Java\src\main\resources\systems\RTFMS.xes,C:\projects\python\Anda\resources\models\RTFMS_20000_ORDERING_0.1_3_heuristics.pnml,0.6717019199834231,0.9276387436477234,64
C:\projects\python\Anda\Stability_Java\src\main\resources\systems\RTFMS.xes,C:\projects\python\Anda\resources\models\RTFMS_20000_ORDERING_0.1_3_inductive.pnml,0.47980578739796387,0.9999993879279188,51
C:\projects\python\Anda\Stability_Java\src\main\resources\systems\BPIC2012.xes,C:\projects\python\Anda\resources\models\BPIC2012_20000_SUBSTITUTION_4.0_3_alpha.pnml,0.0013531799729363803,0.10675645443571796,413
C:\projects\python\Anda\Stability_Java\src\main\resources\systems\BPIC2012.xes,C:\projects\python\Anda\resources\models\BPIC2012_20000_SUBSTITUTION_4.0_3_heuristics.pnml,0.0454905480900466,0.9749724135837468,582
C:\projects\python\Anda\Stability_Java\src\main\resources\systems\BPIC2012.xes,C:\projects\python\Anda\resources\models\BPIC2012_20000_SUBSTITUTION_4.0_3_inductive.pnml,0.012824851104869639,1.0,749
C:\projects\python\Anda\Stability_Java\src\main\resources\systems\BPIC2012.xes,C:\projects\python\Anda\resources\models\BPIC2012_2000_MIXED_0.4_5_alpha.pnml,0.02857142857142858,0.5332241907159261,38
C:\projects\python\Anda\Stability_Java\src\main\resources\systems\BPIC2012.xes,C:\projects\python\Anda\resources\models\BPIC2012_2000_MIXED_0.4_5_heuristics.pnml,0.27532961122460686,0.9799731202767794,110
C:\projects\python\Anda\Stability_Java\src\main\resources\systems\BPIC2012.xes,C:\projects\python\Anda\resources\models\BPIC2012_2000_MIXED_0.4_5_inductive.pnml,0.09249950384454053,0.9942765566155336,152
C:\projects\python\Anda\Stability_Java\src\main\resources\systems\BPIC2012.xes,C:\projects\python\Anda\resources\models\BPIC2012_20000_INSERTION_2.0_4_alpha.pnml,0.0025510204081632404,0.13310085112150843,252
C:\projects\python\Anda\Stability_Java\src\main\resources\systems\BPIC2012.xes,C:\projects\python\Anda\resources\models\BPIC2012_20000_INSERTION_2.0_4_heuristics.pnml,0.08228520605659406,0.9710754121196524,375
C:\projects\python\Anda\Stability_Java\src\main\resources\systems\BPIC2012.xes,C:\projects\python\Anda\resources\models\BPIC2012_20000_INSERTION_2.0_4_inductive.pnml,0.021587872945903253,1.0,550
C:\projects\python\Anda\Stability_Java\src\main\resources\systems\Sepsis.xes,C:\projects\python\Anda\resources\models\Sepsis_1000_INSERTION_0.1_3_alpha.pnml,0.3962538758463583,0.24104736592894777,24
C:\projects\python\Anda\Stability_Java\src\main\resources\systems\Sepsis.xes,C:\projects\python\Anda\resources\models\Sepsis_1000_INSERTION_0.1_3_heuristics.pnml,0.6658064516129032,0.9099023866914524,99
C:\projects\python\Anda\Stability_Java\src\main\resources\systems\Sepsis.xes,C:\projects\python\Anda\resources\models\Sepsis_1000_INSERTION_0.1_3_inductive.pnml,0.2332130735722494,0.9999345465814194,95
C:\projects\python\Anda\Stability_Java\src\main\resources\systems\RTFMS.xes,C:\projects\python\Anda\resources\models\RTFMS_20000_ABSENCE_0.4_2_alpha.pnml,0.5,0.6297079081261633,27
C:\projects\python\Anda\Stability_Java\src\main\resources\systems\RTFMS.xes,C:\projects\python\Anda\resources\models\RTFMS_20000_ABSENCE_0.4_2_heuristics.pnml,0.6717019199834231,0.9276387436477234,63
C:\projects\python\Anda\Stability_Java\src\main\resources\systems\RTFMS.xes,C:\projects\python\Anda\resources\models\RTFMS_20000_ABSENCE_0.4_2_inductive.pnml,0.4838523894789444,0.9999990793872033,41
C:\projects\python\Anda\Stability_Java\src\main\resources\systems\BPIC2012.xes,C:\projects\python\Anda\resources\models\BPIC2012_10000_MIXED_0.1_4_alpha.pnml,0.02777777777777779,0.5351525184408268,37
C:\projects\python\Anda\Stability_Java\src\main\resources\systems\BPIC2012.xes,C:\projects\python\Anda\resources\models\BPIC2012_10000_MIXED_0.1_4_heuristics.pnml,0.26315867732957965,0.9798524818051519,125
C:\projects\python\Anda\Stability_Java\src\main\resources\systems\BPIC2012.xes,C:\projects\python\Anda\resources\models\BPIC2012_10000_MIXED_0.1_4_inductive.pnml,0.11244705712920355,1.0,168
C:\projects\python\Anda\Stability_Java\src\main\resources\systems\RTFMS.xes,C:\projects\python\Anda\resources\models\RTFMS_100000_INSERTION_2.0_1_alpha.pnml,0.0006097560975609762,0.42231801025561455,943
C:\projects\python\Anda\Stability_Java\src\main\resources\systems\RTFMS.xes,C:\projects\python\Anda\resources\models\RTFMS_100000_INSERTION_2.0_1_heuristics.pnml,0.00835881768062241,0.9477870364895387,1064
C:\projects\python\Anda\Stability_Java\src\main\resources\systems\RTFMS.xes,C:\projects\python\Anda\resources\models\RTFMS_100000_INSERTION_2.0_1_inductive.pnml,0.008832351270841365,1.0,1091
C:\projects\python\Anda\Stability_Java\src\main\resources\systems\BPIC2012.xes,C:\projects\python\Anda\resources\models\BPIC2012_4000_INSERTION_0.2_1_alpha.pnml,0.08688548950935338,0.5123207110188823,38
C:\projects\python\Anda\Stability_Java\src\main\resources\systems\BPIC2012.xes,C:\projects\python\Anda\resources\models\BPIC2012_4000_INSERTION_0.2_1_heuristics.pnml,0.26314400449026676,0.9793070566167426,124
C:\projects\python\Anda\Stability_Java\src\main\resources\systems\BPIC2012.xes,C:\projects\python\Anda\resources\models\BPIC2012_4000_INSERTION_0.2_1_inductive.pnml,0.09901099321720164,0.9956731502724239,156
C:\projects\python\Anda\Stability_Java\src\main\resources\systems\BPIC2012.xes,C:\projects\python\Anda\resources\models\BPIC2012_4000_SUBSTITUTION_0.4_5_alpha.pnml,0.0819851913018983,0.5975814084784349,46
C:\projects\python\Anda\Stability_Java\src\main\resources\systems\BPIC2012.xes,C:\projects\python\Anda\resources\models\BPIC2012_4000_SUBSTITUTION_0.4_5_heuristics.pnml,0.24362762867486798,0.9796213806656777,133
C:\projects\python\Anda\Stability_Java\src\main\resources\systems\BPIC2012.xes,C:\projects\python\Anda\resources\models\BPIC2012_4000_SUBSTITUTION_0.4_5_inductive.pnml,0.10695758207488248,0.9746016603312007,185
C:\projects\python\Anda\Stability_Java\src\main\resources\systems\Sepsis.xes,C:\projects\python\Anda\resources\models\Sepsis_1000_MIXED_1.0_3_alpha.pnml,0.37187481441890846,0.22826870630937063,25
C:\projects\python\Anda\Stability_Java\src\main\resources\systems\Sepsis.xes,C:\projects\python\Anda\resources\models\Sepsis_1000_MIXED_1.0_3_heuristics.pnml,0.6429105407425866,0.9099023866914524,99
C:\projects\python\Anda\Stability_Java\src\main\resources\systems\Sepsis.xes,C:\projects\python\Anda\resources\models\Sepsis_1000_MIXED_1.0_3_inductive.pnml,0.24512370508527903,0.9999449776853782,100
C:\projects\python\Anda\Stability_Java\src\main\resources\systems\Sepsis.xes,C:\projects\python\Anda\resources\models\Sepsis_4000_MIXED_0.1_3_alpha.pnml,0.4426422388436003,0.26588961197193384,22
C:\projects\python\Anda\Stability_Java\src\main\resources\systems\Sepsis.xes,C:\projects\python\Anda\resources\models\Sepsis_4000_MIXED_0.1_3_heuristics.pnml,0.7811300424270995,0.8946487278340816,117
C:\projects\python\Anda\Stability_Java\src\main\resources\systems\Sepsis.xes,C:\projects\python\Anda\resources\models\Sepsis_4000_MIXED_0.1_3_inductive.pnml,0.28344408941511645,1.0,89
C:\projects\python\Anda\Stability_Java\src\main\resources\systems\Sepsis.xes,C:\projects\python\Anda\resources\models\Sepsis_4000_MIXED_2.0_3_alpha.pnml,0.11894348520575038,0.14711713115803776,38
C:\projects\python\Anda\Stability_Java\src\main\resources\systems\Sepsis.xes,C:\projects\python\Anda\resources\models\Sepsis_4000_MIXED_2.0_3_heuristics.pnml,0.5298524507788589,0.8945615359840644,134
C:\projects\python\Anda\Stability_Java\src\main\resources\systems\Sepsis.xes,C:\projects\python\Anda\resources\models\Sepsis_4000_MIXED_2.0_3_inductive.pnml,0.12312253263352135,1.0,152
C:\projects\python\Anda\Stability_Java\src\main\resources\systems\RTFMS.xes,C:\projects\python\Anda\resources\models\RTFMS_1000_ABSENCE_1.0_4_alpha.pnml,0.5,0.641589538429223,29
C:\projects\python\Anda\Stability_Java\src\main\resources\systems\RTFMS.xes,C:\projects\python\Anda\resources\models\RTFMS_1000_ABSENCE_1.0_4_heuristics.pnml,0.6975083372228763,0.9349812317067085,58
C:\projects\python\Anda\Stability_Java\src\main\resources\systems\RTFMS.xes,C:\projects\python\Anda\resources\models\RTFMS_1000_ABSENCE_1.0_4_inductive.pnml,0.5953037662622959,0.9998148182221881,51
C:\projects\python\Anda\Stability_Java\src\main\resources\systems\Sepsis.xes,C:\projects\python\Anda\resources\models\Sepsis_100000_ABSENCE_0.2_5_alpha.pnml,0.4426422388436003,0.26588961197193384,22
C:\projects\python\Anda\Stability_Java\src\main\resources\systems\Sepsis.xes,C:\projects\python\Anda\resources\models\Sepsis_100000_ABSENCE_0.2_5_heuristics.pnml,0.7033112582781457,0.89721291069021,107
C:\projects\python\Anda\Stability_Java\src\main\resources\systems\Sepsis.xes,C:\projects\python\Anda\resources\models\Sepsis_100000_ABSENCE_0.2_5_inductive.pnml,0.2475336831655084,1.0,95
C:\projects\python\Anda\Stability_Java\src\main\resources\systems\Sepsis.xes,C:\projects\python\Anda\resources\models\Sepsis_40000_INSERTION_10.0_1_alpha.pnml,0.001657000828500399,0.1291195277914412,1895
C:\projects\python\Anda\Stability_Java\src\main\resources\systems\Sepsis.xes,C:\projects\python\Anda\resources\models\Sepsis_40000_INSERTION_10.0_1_heuristics.pnml,0.012543233012403454,0.8981664993213845,2131
C:\projects\python\Anda\Stability_Java\src\main\resources\systems\Sepsis.xes,C:\projects\python\Anda\resources\models\Sepsis_40000_INSERTION_10.0_1_inductive.pnml,0.0028561838074787627,1.0,2109
C:\projects\python\Anda\Stability_Java\src\main\resources\systems\BPIC2012.xes,C:\projects\python\Anda\resources\models\BPIC2012_100000_INSERTION_0.2_3_alpha.pnml,0.005813953488372103,0.18537466557127685,116
C:\projects\python\Anda\Stability_Java\src\main\resources\systems\BPIC2012.xes,C:\projects\python\Anda\resources\models\BPIC2012_100000_INSERTION_0.2_3_heuristics.pnml,0.12741641322242503,0.9737232578890469,242
C:\projects\python\Anda\Stability_Java\src\main\resources\systems\BPIC2012.xes,C:\projects\python\Anda\resources\models\BPIC2012_100000_INSERTION_0.2_3_inductive.pnml,0.037074635799748346,1.0,328
C:\projects\python\Anda\Stability_Java\src\main\resources\systems\BPIC2012.xes,C:\projects\python\Anda\resources\models\BPIC2012_100000_ABSENCE_0.4_4_alpha.pnml,0.032258064516129004,0.5563406368294225,38
C:\projects\python\Anda\Stability_Java\src\main\resources\systems\BPIC2012.xes,C:\projects\python\Anda\resources\models\BPIC2012_100000_ABSENCE_0.4_4_heuristics.pnml,0.26565793474507704,0.9725073833176012,133
C:\projects\python\Anda\Stability_Java\src\main\resources\systems\BPIC2012.xes,C:\projects\python\Anda\resources\models\BPIC2012_100000_ABSENCE_0.4_4_inductive.pnml,0.09283415952338425,0.9999979705197701,121
C:\projects\python\Anda\Stability_Java\src\main\resources\systems\Sepsis.xes,C:\projects\python\Anda\resources\models\Sepsis_2000_MIXED_0.2_3_alpha.pnml,0.4426050420168067,0.23947726385374474,22
C:\projects\python\Anda\Stability_Java\src\main\resources\systems\Sepsis.xes,C:\projects\python\Anda\resources\models\Sepsis_2000_MIXED_0.2_3_heuristics.pnml,0.7071540407081778,0.9139283477291045,111
C:\projects\python\Anda\Stability_Java\src\main\resources\systems\Sepsis.xes,C:\projects\python\Anda\resources\models\Sepsis_2000_MIXED_0.2_3_inductive.pnml,0.28344408941511645,1.0,89
C:\projects\python\Anda\Stability_Java\src\main\resources\systems\BPIC2012.xes,C:\projects\python\Anda\resources\models\BPIC2012_1000_INSERTION_0.4_4_alpha.pnml,0.09609133488568122,0.5657628648367283,32
C:\projects\python\Anda\Stability_Java\src\main\resources\systems\BPIC2012.xes,C:\projects\python\Anda\resources\models\BPIC2012_1000_INSERTION_0.4_4_heuristics.pnml,0.3132950804572078,0.9836055030938811,111
C:\projects\python\Anda\Stability_Java\src\main\resources\systems\BPIC2012.xes,C:\projects\python\Anda\resources\models\BPIC2012_1000_INSERTION_0.4_4_inductive.pnml,0.11868307305829995,0.9926330052478626,139
C:\projects\python\Anda\Stability_Java\src\main\resources\systems\Sepsis.xes,C:\projects\python\Anda\resources\models\Sepsis_40000_INSERTION_2.0_1_alpha.pnml,0.009380284837068098,0.14552205859847334,391
C:\projects\python\Anda\Stability_Java\src\main\resources\systems\Sepsis.xes,C:\projects\python\Anda\resources\models\Sepsis_40000_INSERTION_2.0_1_heuristics.pnml,0.05765680987368349,0.8985560473448978,520
C:\projects\python\Anda\Stability_Java\src\main\resources\systems\Sepsis.xes,C:\projects\python\Anda\resources\models\Sepsis_40000_INSERTION_2.0_1_inductive.pnml,0.013157660641876956,1.0,592
C:\projects\python\Anda\Stability_Java\src\main\resources\systems\RTFMS.xes,C:\projects\python\Anda\resources\models\RTFMS_10000_INSERTION_10.0_5_alpha.pnml,0.0012360939431397266,0.42140789147210933,486
C:\projects\python\Anda\Stability_Java\src\main\resources\systems\RTFMS.xes,C:\projects\python\Anda\resources\models\RTFMS_10000_INSERTION_10.0_5_heuristics.pnml,0.012667529674706857,0.9454112451608708,598
C:\projects\python\Anda\Stability_Java\src\main\resources\systems\RTFMS.xes,C:\projects\python\Anda\resources\models\RTFMS_10000_INSERTION_10.0_5_inductive.pnml,0.017199937394192677,0.9999996740864684,608
C:\projects\python\Anda\Stability_Java\src\main\resources\systems\BPIC2012.xes,C:\projects\python\Anda\resources\models\BPIC2012_20000_MIXED_0.4_3_alpha.pnml,0.014084507042253502,0.2651211674939927,50
C:\projects\python\Anda\Stability_Java\src\main\resources\systems\BPIC2012.xes,C:\projects\python\Anda\resources\models\BPIC2012_20000_MIXED_0.4_3_heuristics.pnml,0.22881230417438858,0.9779089038191331,158
C:\projects\python\Anda\Stability_Java\src\main\resources\systems\BPIC2012.xes,C:\projects\python\Anda\resources\models\BPIC2012_20000_MIXED_0.4_3_inductive.pnml,0.06475312750778517,0.9978870013551306,247
C:\projects\python\Anda\Stability_Java\src\main\resources\systems\Sepsis.xes,C:\projects\python\Anda\resources\models\Sepsis_40000_MIXED_10.0_2_alpha.pnml,0.003361344537815114,0.13038635783967395,940
C:\projects\python\Anda\Stability_Java\src\main\resources\systems\Sepsis.xes,C:\projects\python\Anda\resources\models\Sepsis_40000_MIXED_10.0_2_heuristics.pnml,0.025440177125166552,0.89515775821407,1114
C:\projects\python\Anda\Stability_Java\src\main\resources\systems\Sepsis.xes,C:\projects\python\Anda\resources\models\Sepsis_40000_MIXED_10.0_2_inductive.pnml,0.005173258023861482,1.0,1158
C:\projects\python\Anda\Stability_Java\src\main\resources\systems\RTFMS.xes,C:\projects\python\Anda\resources\models\RTFMS_4000_ABSENCE_0.4_3_alpha.pnml,0.6670924720994127,0.6299068202315986,30
C:\projects\python\Anda\Stability_Java\src\main\resources\systems\RTFMS.xes,C:\projects\python\Anda\resources\models\RTFMS_4000_ABSENCE_0.4_3_heuristics.pnml,0.8031544424956478,0.9316573582329892,70
C:\projects\python\Anda\Stability_Java\src\main\resources\systems\RTFMS.xes,C:\projects\python\Anda\resources\models\RTFMS_4000_ABSENCE_0.4_3_inductive.pnml,0.5204544162709341,0.9999671576555049,46
C:\projects\python\Anda\Stability_Java\src\main\resources\systems\Sepsis.xes,C:\projects\python\Anda\resources\models\Sepsis_2000_ABSENCE_1.0_4_alpha.pnml,0.4426050420168067,0.23947726385374474,22
C:\projects\python\Anda\Stability_Java\src\main\resources\systems\Sepsis.xes,C:\projects\python\Anda\resources\models\Sepsis_2000_ABSENCE_1.0_4_heuristics.pnml,0.7071540407081778,0.9139283477291045,111
C:\projects\python\Anda\Stability_Java\src\main\resources\systems\Sepsis.xes,C:\projects\python\Anda\resources\models\Sepsis_2000_ABSENCE_1.0_4_inductive.pnml,0.2475336831655084,1.0,95
C:\projects\python\Anda\Stability_Java\src\main\resources\systems\Sepsis.xes,C:\projects\python\Anda\resources\models\Sepsis_10000_ABSENCE_2.0_5_alpha.pnml,0.4426422388436003,0.26588961197193384,22
C:\projects\python\Anda\Stability_Java\src\main\resources\systems\Sepsis.xes,C:\projects\python\Anda\resources\models\Sepsis_10000_ABSENCE_2.0_5_heuristics.pnml,0.7983971366324307,0.8771005973430268,112
C:\projects\python\Anda\Stability_Java\src\main\resources\systems\Sepsis.xes,C:\projects\python\Anda\resources\models\Sepsis_10000_ABSENCE_2.0_5_inductive.pnml,0.2475336831655084,1.0,95
C:\projects\python\Anda\Stability_Java\src\main\resources\systems\BPIC2012.xes,C:\projects\python\Anda\resources\models\BPIC2012_4000_ORDERING_4.0_2_alpha.pnml,0.0,0.2316529553312709,43
C:\projects\python\Anda\Stability_Java\src\main\resources\systems\BPIC2012.xes,C:\projects\python\Anda\resources\models\BPIC2012_4000_ORDERING_4.0_2_heuristics.pnml,0.2901347300700139,0.9786281376109376,140
C:\projects\python\Anda\Stability_Java\src\main\resources\systems\BPIC2012.xes,C:\projects\python\Anda\resources\models\BPIC2012_4000_ORDERING_4.0_2_inductive.pnml,0.08953331329699088,0.9618532203831051,150
C:\projects\python\Anda\Stability_Java\src\main\resources\systems\BPIC2012.xes,C:\projects\python\Anda\resources\models\BPIC2012_10000_ORDERING_0.1_5_alpha.pnml,0.0,0.4428288452791855,37
C:\projects\python\Anda\Stability_Java\src\main\resources\systems\BPIC2012.xes,C:\projects\python\Anda\resources\models\BPIC2012_10000_ORDERING_0.1_5_heuristics.pnml,0.27058658648455813,0.9793004283669808,120
C:\projects\python\Anda\Stability_Java\src\main\resources\systems\BPIC2012.xes,C:\projects\python\Anda\resources\models\BPIC2012_10000_ORDERING_0.1_5_inductive.pnml,0.10497105199872214,0.9980092802116234,113
C:\projects\python\Anda\Stability_Java\src\main\resources\systems\Sepsis.xes,C:\projects\python\Anda\resources\models\Sepsis_10000_ABSENCE_0.4_3_alpha.pnml,0.4426422388436003,0.26588961197193384,22
C:\projects\python\Anda\Stability_Java\src\main\resources\systems\Sepsis.xes,C:\projects\python\Anda\resources\models\Sepsis_10000_ABSENCE_0.4_3_heuristics.pnml,0.7044386711624564,0.897762694969453,107
C:\projects\python\Anda\Stability_Java\src\main\resources\systems\Sepsis.xes,C:\projects\python\Anda\resources\models\Sepsis_10000_ABSENCE_0.4_3_inductive.pnml,0.2475336831655084,1.0,95
C:\projects\python\Anda\Stability_Java\src\main\resources\systems\RTFMS.xes,C:\projects\python\Anda\resources\models\RTFMS_4000_ORDERING_4.0_1_alpha.pnml,0.25,0.2962496043041952,24
C:\projects\python\Anda\Stability_Java\src\main\resources\systems\RTFMS.xes,C:\projects\python\Anda\resources\models\RTFMS_4000_ORDERING_4.0_1_heuristics.pnml,0.4056523158839964,0.9360580866882445,78
C:\projects\python\Anda\Stability_Java\src\main\resources\systems\RTFMS.xes,C:\projects\python\Anda\resources\models\RTFMS_4000_ORDERING_4.0_1_inductive.pnml,0.3950175803549937,0.9999919603921626,30
C:\projects\python\Anda\Stability_Java\src\main\resources\systems\Sepsis.xes,C:\projects\python\Anda\resources\models\Sepsis_2000_SUBSTITUTION_0.2_5_alpha.pnml,0.3729905814035833,0.23947726385374474,25
C:\projects\python\Anda\Stability_Java\src\main\resources\systems\Sepsis.xes,C:\projects\python\Anda\resources\models\Sepsis_2000_SUBSTITUTION_0.2_5_heuristics.pnml,0.636270047680971,0.9139283477291045,114
C:\projects\python\Anda\Stability_Java\src\main\resources\systems\Sepsis.xes,C:\projects\python\Anda\resources\models\Sepsis_2000_SUBSTITUTION_0.2_5_inductive.pnml,0.1949272514642033,1.0,113
C:\projects\python\Anda\Stability_Java\src\main\resources\systems\BPIC2012.xes,C:\projects\python\Anda\resources\models\BPIC2012_4000_ORDERING_0.4_5_alpha.pnml,0.0,0.37064643535330294,36
C:\projects\python\Anda\Stability_Java\src\main\resources\systems\BPIC2012.xes,C:\projects\python\Anda\resources\models\BPIC2012_4000_ORDERING_0.4_5_heuristics.pnml,0.26611083336152597,0.9793070566167426,125
C:\projects\python\Anda\Stability_Java\src\main\resources\systems\BPIC2012.xes,C:\projects\python\Anda\resources\models\BPIC2012_4000_ORDERING_0.4_5_inductive.pnml,0.10566130960082942,0.9978959357859295,115
C:\projects\python\Anda\Stability_Java\src\main\resources\systems\RTFMS.xes,C:\projects\python\Anda\resources\models\RTFMS_20000_ORDERING_4.0_2_alpha.pnml,0.16666666666666663,0.31402974938676825,21
C:\projects\python\Anda\Stability_Java\src\main\resources\systems\RTFMS.xes,C:\projects\python\Anda\resources\models\RTFMS_20000_ORDERING_4.0_2_heuristics.pnml,0.3724394190011282,0.9360928504656301,72
C:\projects\python\Anda\Stability_Java\src\main\resources\systems\RTFMS.xes,C:\projects\python\Anda\resources\models\RTFMS_20000_ORDERING_4.0_2_inductive.pnml,0.4145891404108252,1.0,70
C:\projects\python\Anda\Stability_Java\src\main\resources\systems\RTFMS.xes,C:\projects\python\Anda\resources\models\RTFMS_100000_ABSENCE_0.4_4_alpha.pnml,0.2857115715456878,0.6412101688805434,26
C:\projects\python\Anda\Stability_Java\src\main\resources\systems\RTFMS.xes,C:\projects\python\Anda\resources\models\RTFMS_100000_ABSENCE_0.4_4_heuristics.pnml,0.7157228203890766,0.935035880916009,71
C:\projects\python\Anda\Stability_Java\src\main\resources\systems\RTFMS.xes,C:\projects\python\Anda\resources\models\RTFMS_100000_ABSENCE_0.4_4_inductive.pnml,0.4145973973050794,0.9999987550937092,61
C:\projects\python\Anda\Stability_Java\src\main\resources\systems\RTFMS.xes,C:\projects\python\Anda\resources\models\RTFMS_40000_INSERTION_4.0_3_alpha.pnml,0.0007616146230007281,0.4202929149254516,766
C:\projects\python\Anda\Stability_Java\src\main\resources\systems\RTFMS.xes,C:\projects\python\Anda\resources\models\RTFMS_40000_INSERTION_4.0_3_heuristics.pnml,0.008290535588207915,0.9456863754668854,866
C:\projects\python\Anda\Stability_Java\src\main\resources\systems\RTFMS.xes,C:\projects\python\Anda\resources\models\RTFMS_40000_INSERTION_4.0_3_inductive.pnml,0.011234416876271358,1.0,902
C:\projects\python\Anda\Stability_Java\src\main\resources\systems\RTFMS.xes,C:\projects\python\Anda\resources\models\RTFMS_20000_SUBSTITUTION_1.0_2_alpha.pnml,0.005291005291005346,0.4262537953595535,130
C:\projects\python\Anda\Stability_Java\src\main\resources\systems\RTFMS.xes,C:\projects\python\Anda\resources\models\RTFMS_20000_SUBSTITUTION_1.0_2_heuristics.pnml,0.04902744806936554,0.9309573297628145,194
C:\projects\python\Anda\Stability_Java\src\main\resources\systems\RTFMS.xes,C:\projects\python\Anda\resources\models\RTFMS_20000_SUBSTITUTION_1.0_2_inductive.pnml,0.049332910993526324,0.9999994303724282,231
C:\projects\python\Anda\Stability_Java\src\main\resources\systems\Sepsis.xes,C:\projects\python\Anda\resources\models\Sepsis_20000_ABSENCE_0.1_3_alpha.pnml,0.4426422388436003,0.26588961197193384,22
C:\projects\python\Anda\Stability_Java\src\main\resources\systems\Sepsis.xes,C:\projects\python\Anda\resources\models\Sepsis_20000_ABSENCE_0.1_3_heuristics.pnml,0.7033112582781457,0.8973853605493712,107
C:\projects\python\Anda\Stability_Java\src\main\resources\systems\Sepsis.xes,C:\projects\python\Anda\resources\models\Sepsis_20000_ABSENCE_0.1_3_inductive.pnml,0.2475336831655084,1.0,95
C:\projects\python\Anda\Stability_Java\src\main\resources\systems\RTFMS.xes,C:\projects\python\Anda\resources\models\RTFMS_2000_MIXED_4.0_2_alpha.pnml,0.02941176470588236,0.40346476871774073,39
C:\projects\python\Anda\Stability_Java\src\main\resources\systems\RTFMS.xes,C:\projects\python\Anda\resources\models\RTFMS_2000_MIXED_4.0_2_heuristics.pnml,0.168400958104294,0.9425132183364018,99
C:\projects\python\Anda\Stability_Java\src\main\resources\systems\RTFMS.xes,C:\projects\python\Anda\resources\models\RTFMS_2000_MIXED_4.0_2_inductive.pnml,0.17697449451192082,0.9999809399598026,119
C:\projects\python\Anda\Stability_Java\src\main\resources\systems\BPIC2012.xes,C:\projects\python\Anda\resources\models\BPIC2012_100000_MIXED_0.2_2_alpha.pnml,0.008547008547008517,0.19947560452536278,85
C:\projects\python\Anda\Stability_Java\src\main\resources\systems\BPIC2012.xes,C:\projects\python\Anda\resources\models\BPIC2012_100000_MIXED_0.2_2_heuristics.pnml,0.15567064792305252,0.9792259695779746,206
C:\projects\python\Anda\Stability_Java\src\main\resources\systems\BPIC2012.xes,C:\projects\python\Anda\resources\models\BPIC2012_100000_MIXED_0.2_2_inductive.pnml,0.046668897027463574,1.0,278
C:\projects\python\Anda\Stability_Java\src\main\resources\systems\RTFMS.xes,C:\projects\python\Anda\resources\models\RTFMS_4000_MIXED_2.0_2_alpha.pnml,0.02941176470588236,0.4014860654807909,40
C:\projects\python\Anda\Stability_Java\src\main\resources\systems\RTFMS.xes,C:\projects\python\Anda\resources\models\RTFMS_4000_MIXED_2.0_2_heuristics.pnml,0.1685851724602312,0.9383505417058997,99
C:\projects\python\Anda\Stability_Java\src\main\resources\systems\RTFMS.xes,C:\projects\python\Anda\resources\models\RTFMS_4000_MIXED_2.0_2_inductive.pnml,0.19804046952363064,0.9999918642060587,120
C:\projects\python\Anda\Stability_Java\src\main\resources\systems\RTFMS.xes,C:\projects\python\Anda\resources\models\RTFMS_40000_INSERTION_4.0_5_alpha.pnml,0.0007651109410864443,0.42294010469465126,756
C:\projects\python\Anda\Stability_Java\src\main\resources\systems\RTFMS.xes,C:\projects\python\Anda\resources\models\RTFMS_40000_INSERTION_4.0_5_heuristics.pnml,0.008267023569403675,0.9457756345886723,884
C:\projects\python\Anda\Stability_Java\src\main\resources\systems\RTFMS.xes,C:\projects\python\Anda\resources\models\RTFMS_40000_INSERTION_4.0_5_inductive.pnml,0.01132840222369813,0.9999996745307099,885
C:\projects\python\Anda\Stability_Java\src\main\resources\systems\Sepsis.xes,C:\projects\python\Anda\resources\models\Sepsis_40000_SUBSTITUTION_1.0_5_alpha.pnml,0.018317819815843794,0.1514407424718066,210
C:\projects\python\Anda\Stability_Java\src\main\resources\systems\Sepsis.xes,C:\projects\python\Anda\resources\models\Sepsis_40000_SUBSTITUTION_1.0_5_heuristics.pnml,0.0910615082665247,0.8982661971364028,333
C:\projects\python\Anda\Stability_Java\src\main\resources\systems\Sepsis.xes,C:\projects\python\Anda\resources\models\Sepsis_40000_SUBSTITUTION_1.0_5_inductive.pnml,0.025240260859605734,1.0,394
C:\projects\python\Anda\Stability_Java\src\main\resources\systems\RTFMS.xes,C:\projects\python\Anda\resources\models\RTFMS_10000_SUBSTITUTION_2.0_2_alpha.pnml,0.005291005291005346,0.4232551939489937,130
C:\projects\python\Anda\Stability_Java\src\main\resources\systems\RTFMS.xes,C:\projects\python\Anda\resources\models\RTFMS_10000_SUBSTITUTION_2.0_2_heuristics.pnml,0.053391437607617664,0.9361333913224208,208
C:\projects\python\Anda\Stability_Java\src\main\resources\systems\RTFMS.xes,C:\projects\python\Anda\resources\models\RTFMS_10000_SUBSTITUTION_2.0_2_inductive.pnml,0.04933222603913534,0.999996392369672,231
C:\projects\python\Anda\Stability_Java\src\main\resources\systems\Sepsis.xes,C:\projects\python\Anda\resources\models\Sepsis_1000_SUBSTITUTION_1.0_5_alpha.pnml,0.31414795841494647,0.24181962036079496,27
C:\projects\python\Anda\Stability_Java\src\main\resources\systems\Sepsis.xes,C:\projects\python\Anda\resources\models\Sepsis_1000_SUBSTITUTION_1.0_5_heuristics.pnml,0.5777499104263705,0.9095349126801238,102
C:\projects\python\Anda\Stability_Java\src\main\resources\systems\Sepsis.xes,C:\projects\python\Anda\resources\models\Sepsis_1000_SUBSTITUTION_1.0_5_inductive.pnml,0.17858911853680304,0.9999609576063259,87
C:\projects\python\Anda\Stability_Java\src\main\resources\systems\Sepsis.xes,C:\projects\python\Anda\resources\models\Sepsis_40000_ABSENCE_0.1_2_alpha.pnml,0.44411590774689536,0.25309060879378503,22
C:\projects\python\Anda\Stability_Java\src\main\resources\systems\Sepsis.xes,C:\projects\python\Anda\resources\models\Sepsis_40000_ABSENCE_0.1_2_heuristics.pnml,0.6781466262975779,0.8941883128747489,108
C:\projects\python\Anda\Stability_Java\src\main\resources\systems\Sepsis.xes,C:\projects\python\Anda\resources\models\Sepsis_40000_ABSENCE_0.1_2_inductive.pnml,0.2475336831655084,1.0,95
C:\projects\python\Anda\Stability_Java\src\main\resources\systems\BPIC2012.xes,C:\projects\python\Anda\resources\models\BPIC2012_40000_ORDERING_4.0_2_alpha.pnml,0.0,0.2093769962431169,52
C:\projects\python\Anda\Stability_Java\src\main\resources\systems\BPIC2012.xes,C:\projects\python\Anda\resources\models\BPIC2012_40000_ORDERING_4.0_2_heuristics.pnml,0.3227527275284605,0.9752054590742747,165
C:\projects\python\Anda\Stability_Java\src\main\resources\systems\BPIC2012.xes,C:\projects\python\Anda\resources\models\BPIC2012_40000_ORDERING_4.0_2_inductive.pnml,0.08898677109424946,1.0,118
C:\projects\python\Anda\Stability_Java\src\main\resources\systems\BPIC2012.xes,C:\projects\python\Anda\resources\models\BPIC2012_20000_SUBSTITUTION_0.2_1_alpha.pnml,0.013333333333333308,0.4585926690572654,61
C:\projects\python\Anda\Stability_Java\src\main\resources\systems\BPIC2012.xes,C:\projects\python\Anda\resources\models\BPIC2012_20000_SUBSTITUTION_0.2_1_heuristics.pnml,0.20406686668700502,0.977856259613701,152
C:\projects\python\Anda\Stability_Java\src\main\resources\systems\BPIC2012.xes,C:\projects\python\Anda\resources\models\BPIC2012_20000_SUBSTITUTION_0.2_1_inductive.pnml,0.06999898142123162,0.999996604200943,203
C:\projects\python\Anda\Stability_Java\src\main\resources\systems\BPIC2012.xes,C:\projects\python\Anda\resources\models\BPIC2012_10000_INSERTION_2.0_4_alpha.pnml,0.0046511627906976605,0.29904502213406703,154
C:\projects\python\Anda\Stability_Java\src\main\resources\systems\BPIC2012.xes,C:\projects\python\Anda\resources\models\BPIC2012_10000_INSERTION_2.0_4_heuristics.pnml,0.11645714273180607,0.9793151326623649,256
C:\projects\python\Anda\Stability_Java\src\main\resources\systems\BPIC2012.xes,C:\projects\python\Anda\resources\models\BPIC2012_10000_INSERTION_2.0_4_inductive.pnml,0.04042666300368769,1.0,341
C:\projects\python\Anda\Stability_Java\src\main\resources\systems\Sepsis.xes,C:\projects\python\Anda\resources\models\Sepsis_1000_MIXED_1.0_1_alpha.pnml,0.2710235879679723,0.18648959109317986,26
C:\projects\python\Anda\Stability_Java\src\main\resources\systems\Sepsis.xes,C:\projects\python\Anda\resources\models\Sepsis_1000_MIXED_1.0_1_heuristics.pnml,0.6200134576564453,0.9099023866914524,101
C:\projects\python\Anda\Stability_Java\src\main\resources\systems\Sepsis.xes,C:\projects\python\Anda\resources\models\Sepsis_1000_MIXED_1.0_1_inductive.pnml,0.23345727300529562,0.9999377690851694,106
C:\projects\python\Anda\Stability_Java\src\main\resources\systems\BPIC2012.xes,C:\projects\python\Anda\resources\models\BPIC2012_10000_MIXED_0.4_3_alpha.pnml,0.0,0.3975249948109543,54
C:\projects\python\Anda\Stability_Java\src\main\resources\systems\BPIC2012.xes,C:\projects\python\Anda\resources\models\BPIC2012_10000_MIXED_0.4_3_heuristics.pnml,0.2424202769822622,0.9774281581084505,142
C:\projects\python\Anda\Stability_Java\src\main\resources\systems\BPIC2012.xes,C:\projects\python\Anda\resources\models\BPIC2012_10000_MIXED_0.4_3_inductive.pnml,0.07279532505998387,1.0,216
C:\projects\python\Anda\Stability_Java\src\main\resources\systems\Sepsis.xes,C:\projects\python\Anda\resources\models\Sepsis_20000_ORDERING_2.0_3_alpha.pnml,0.4095163806552262,0.1556446375960141,23
C:\projects\python\Anda\Stability_Java\src\main\resources\systems\Sepsis.xes,C:\projects\python\Anda\resources\models\Sepsis_20000_ORDERING_2.0_3_heuristics.pnml,0.5794604083895407,0.8907308755725576,116
C:\projects\python\Anda\Stability_Java\src\main\resources\systems\Sepsis.xes,C:\projects\python\Anda\resources\models\Sepsis_20000_ORDERING_2.0_3_inductive.pnml,0.22741679873217113,1.0,94
C:\projects\python\Anda\Stability_Java\src\main\resources\systems\BPIC2012.xes,C:\projects\python\Anda\resources\models\BPIC2012_20000_ABSENCE_4.0_1_alpha.pnml,0.032258064516129004,0.563414538505251,38
C:\projects\python\Anda\Stability_Java\src\main\resources\systems\BPIC2012.xes,C:\projects\python\Anda\resources\models\BPIC2012_20000_ABSENCE_4.0_1_heuristics.pnml,0.3078578584769137,0.9753573308362281,132
C:\projects\python\Anda\Stability_Java\src\main\resources\systems\BPIC2012.xes,C:\projects\python\Anda\resources\models\BPIC2012_20000_ABSENCE_4.0_1_inductive.pnml,0.11555249331607864,0.9910439085742351,111
C:\projects\python\Anda\Stability_Java\src\main\resources\systems\RTFMS.xes,C:\projects\python\Anda\resources\models\RTFMS_1000_MIXED_0.4_2_alpha.pnml,0.5630601534869701,0.5804567221765817,30
C:\projects\python\Anda\Stability_Java\src\main\resources\systems\RTFMS.xes,C:\projects\python\Anda\resources\models\RTFMS_1000_MIXED_0.4_2_heuristics.pnml,0.7468388292459522,0.9204236978375007,57
C:\projects\python\Anda\Stability_Java\src\main\resources\systems\RTFMS.xes,C:\projects\python\Anda\resources\models\RTFMS_1000_MIXED_0.4_2_inductive.pnml,0.6149824674177735,0.9998196615127593,54
C:\projects\python\Anda\Stability_Java\src\main\resources\systems\Sepsis.xes,C:\projects\python\Anda\resources\models\Sepsis_40000_SUBSTITUTION_2.0_5_alpha.pnml,0.00923157413187814,0.14436854018801548,408
C:\projects\python\Anda\Stability_Java\src\main\resources\systems\Sepsis.xes,C:\projects\python\Anda\resources\models\Sepsis_40000_SUBSTITUTION_2.0_5_heuristics.pnml,0.04893632235689516,0.901303029522524,538
C:\projects\python\Anda\Stability_Java\src\main\resources\systems\Sepsis.xes,C:\projects\python\Anda\resources\models\Sepsis_40000_SUBSTITUTION_2.0_5_inductive.pnml,0.012432217433026582,1.0,605
C:\projects\python\Anda\Stability_Java\src\main\resources\systems\RTFMS.xes,C:\projects\python\Anda\resources\models\RTFMS_20000_ORDERING_0.1_4_alpha.pnml,0.16666666666666663,0.4632541789202989,22
C:\projects\python\Anda\Stability_Java\src\main\resources\systems\RTFMS.xes,C:\projects\python\Anda\resources\models\RTFMS_20000_ORDERING_0.1_4_heuristics.pnml,0.5770674736837174,0.9375813379251718,66
C:\projects\python\Anda\Stability_Java\src\main\resources\systems\RTFMS.xes,C:\projects\python\Anda\resources\models\RTFMS_20000_ORDERING_0.1_4_inductive.pnml,0.47980578739796387,0.9999993879279188,51
C:\projects\python\Anda\Stability_Java\src\main\resources\systems\BPIC2012.xes,C:\projects\python\Anda\resources\models\BPIC2012_4000_INSERTION_10.0_2_alpha.pnml,0.0027100271002710175,0.14993320840166413,215
C:\projects\python\Anda\Stability_Java\src\main\resources\systems\BPIC2012.xes,C:\projects\python\Anda\resources\models\BPIC2012_4000_INSERTION_10.0_2_heuristics.pnml,0.08308340597215647,0.9720815340656024,352
C:\projects\python\Anda\Stability_Java\src\main\resources\systems\BPIC2012.xes,C:\projects\python\Anda\resources\models\BPIC2012_4000_INSERTION_10.0_2_inductive.pnml,0.021624440905029352,1.0,463
C:\projects\python\Anda\Stability_Java\src\main\resources\systems\RTFMS.xes,C:\projects\python\Anda\resources\models\RTFMS_100000_INSERTION_0.1_2_alpha.pnml,0.010526315789473717,0.5821535388579554,64
C:\projects\python\Anda\Stability_Java\src\main\resources\systems\RTFMS.xes,C:\projects\python\Anda\resources\models\RTFMS_100000_INSERTION_0.1_2_heuristics.pnml,0.1251095138948709,0.948069581718736,127
C:\projects\python\Anda\Stability_Java\src\main\resources\systems\RTFMS.xes,C:\projects\python\Anda\resources\models\RTFMS_100000_INSERTION_0.1_2_inductive.pnml,0.11637190681415055,0.9999996471101932,163
C:\projects\python\Anda\Stability_Java\src\main\resources\systems\BPIC2012.xes,C:\projects\python\Anda\resources\models\BPIC2012_40000_ORDERING_2.0_2_alpha.pnml,0.0,0.2196338822271638,48
C:\projects\python\Anda\Stability_Java\src\main\resources\systems\BPIC2012.xes,C:\projects\python\Anda\resources\models\BPIC2012_40000_ORDERING_2.0_2_heuristics.pnml,0.33500671168512675,0.9784571226426529,156
C:\projects\python\Anda\Stability_Java\src\main\resources\systems\BPIC2012.xes,C:\projects\python\Anda\resources\models\BPIC2012_40000_ORDERING_2.0_2_inductive.pnml,0.0931388805672535,0.999491066450358,109
C:\projects\python\Anda\Stability_Java\src\main\resources\systems\BPIC2012.xes,C:\projects\python\Anda\resources\models\BPIC2012_2000_ABSENCE_0.1_5_alpha.pnml,0.032258064516129004,0.5187001528195528,34
C:\projects\python\Anda\Stability_Java\src\main\resources\systems\BPIC2012.xes,C:\projects\python\Anda\resources\models\BPIC2012_2000_ABSENCE_0.1_5_heuristics.pnml,0.2948961695871287,0.9822255027715899,105
C:\projects\python\Anda\Stability_Java\src\main\resources\systems\BPIC2012.xes,C:\projects\python\Anda\resources\models\BPIC2012_2000_ABSENCE_0.1_5_inductive.pnml,0.12907101171921076,0.9671744095013992,135
C:\projects\python\Anda\Stability_Java\src\main\resources\systems\Sepsis.xes,C:\projects\python\Anda\resources\models\Sepsis_4000_SUBSTITUTION_4.0_3_alpha.pnml,0.04664989271482578,0.15627271526330405,101
C:\projects\python\Anda\Stability_Java\src\main\resources\systems\Sepsis.xes,C:\projects\python\Anda\resources\models\Sepsis_4000_SUBSTITUTION_4.0_3_heuristics.pnml,0.21050052629668614,0.890700580047105,212
C:\projects\python\Anda\Stability_Java\src\main\resources\systems\Sepsis.xes,C:\projects\python\Anda\resources\models\Sepsis_4000_SUBSTITUTION_4.0_3_inductive.pnml,0.051394983125916616,1.0,275
C:\projects\python\Anda\Stability_Java\src\main\resources\systems\Sepsis.xes,C:\projects\python\Anda\resources\models\Sepsis_10000_ABSENCE_2.0_3_alpha.pnml,0.4426422388436003,0.26588961197193384,22
C:\projects\python\Anda\Stability_Java\src\main\resources\systems\Sepsis.xes,C:\projects\python\Anda\resources\models\Sepsis_10000_ABSENCE_2.0_3_heuristics.pnml,0.7983971366324307,0.8872206384052985,112
C:\projects\python\Anda\Stability_Java\src\main\resources\systems\Sepsis.xes,C:\projects\python\Anda\resources\models\Sepsis_10000_ABSENCE_2.0_3_inductive.pnml,0.2475336831655084,1.0,95
C:\projects\python\Anda\Stability_Java\src\main\resources\systems\RTFMS.xes,C:\projects\python\Anda\resources\models\RTFMS_2000_SUBSTITUTION_0.2_4_alpha.pnml,0.6562400621492078,0.6936203817399119,30
C:\projects\python\Anda\Stability_Java\src\main\resources\systems\RTFMS.xes,C:\projects\python\Anda\resources\models\RTFMS_2000_SUBSTITUTION_0.2_4_heuristics.pnml,0.5674480252699383,0.9246871777111438,69
C:\projects\python\Anda\Stability_Java\src\main\resources\systems\RTFMS.xes,C:\projects\python\Anda\resources\models\RTFMS_2000_SUBSTITUTION_0.2_4_inductive.pnml,0.37141517240271216,0.9999025874546703,61
C:\projects\python\Anda\Stability_Java\src\main\resources\systems\RTFMS.xes,C:\projects\python\Anda\resources\models\RTFMS_10000_ORDERING_1.0_1_alpha.pnml,0.25,0.27267125346655735,25
C:\projects\python\Anda\Stability_Java\src\main\resources\systems\RTFMS.xes,C:\projects\python\Anda\resources\models\RTFMS_10000_ORDERING_1.0_1_heuristics.pnml,0.4054278330554084,0.9360186364191393,76
C:\projects\python\Anda\Stability_Java\src\main\resources\systems\RTFMS.xes,C:\projects\python\Anda\resources\models\RTFMS_10000_ORDERING_1.0_1_inductive.pnml,0.44396196568068746,0.999996547458066,27
C:\projects\python\Anda\Stability_Java\src\main\resources\systems\BPIC2012.xes,C:\projects\python\Anda\resources\models\BPIC2012_4000_INSERTION_2.0_2_alpha.pnml,0.031824408050886044,0.38082389485451357,69
C:\projects\python\Anda\Stability_Java\src\main\resources\systems\BPIC2012.xes,C:\projects\python\Anda\resources\models\BPIC2012_4000_INSERTION_2.0_2_heuristics.pnml,0.1783908053700859,0.9786504100994263,172
C:\projects\python\Anda\Stability_Java\src\main\resources\systems\BPIC2012.xes,C:\projects\python\Anda\resources\models\BPIC2012_4000_INSERTION_2.0_2_inductive.pnml,0.05408918253148742,0.999971534790282,255
C:\projects\python\Anda\Stability_Java\src\main\resources\systems\RTFMS.xes,C:\projects\python\Anda\resources\models\RTFMS_1000_ABSENCE_0.4_5_alpha.pnml,0.6670924720994127,0.6138615321507446,27
C:\projects\python\Anda\Stability_Java\src\main\resources\systems\RTFMS.xes,C:\projects\python\Anda\resources\models\RTFMS_1000_ABSENCE_0.4_5_heuristics.pnml,0.8202574488478702,0.9349853110287006,59
C:\projects\python\Anda\Stability_Java\src\main\resources\systems\RTFMS.xes,C:\projects\python\Anda\resources\models\RTFMS_1000_ABSENCE_0.4_5_inductive.pnml,0.5953037662622959,0.9998128087740992,51
C:\projects\python\Anda\Stability_Java\src\main\resources\systems\BPIC2012.xes,C:\projects\python\Anda\resources\models\BPIC2012_20000_INSERTION_1.0_4_alpha.pnml,0.0046511627906976605,0.29904502213406703,154
C:\projects\python\Anda\Stability_Java\src\main\resources\systems\BPIC2012.xes,C:\projects\python\Anda\resources\models\BPIC2012_20000_INSERTION_1.0_4_heuristics.pnml,0.11645714273180607,0.9793151326623649,257
C:\projects\python\Anda\Stability_Java\src\main\resources\systems\BPIC2012.xes,C:\projects\python\Anda\resources\models\BPIC2012_20000_INSERTION_1.0_4_inductive.pnml,0.04042983508338538,1.0,336
C:\projects\python\Anda\Stability_Java\src\main\resources\systems\RTFMS.xes,C:\projects\python\Anda\resources\models\RTFMS_1000_INSERTION_10.0_3_alpha.pnml,0.042426141082086755,0.556247091019721,66
C:\projects\python\Anda\Stability_Java\src\main\resources\systems\RTFMS.xes,C:\projects\python\Anda\resources\models\RTFMS_1000_INSERTION_10.0_3_heuristics.pnml,0.11288270503254871,0.9480837976079457,116
C:\projects\python\Anda\Stability_Java\src\main\resources\systems\RTFMS.xes,C:\projects\python\Anda\resources\models\RTFMS_1000_INSERTION_10.0_3_inductive.pnml,0.11176800390236619,0.9999435187736512,144
C:\projects\python\Anda\Stability_Java\src\main\resources\systems\RTFMS.xes,C:\projects\python\Anda\resources\models\RTFMS_4000_INSERTION_1.0_5_alpha.pnml,0.05885663187732737,0.38994177334276375,51
C:\projects\python\Anda\Stability_Java\src\main\resources\systems\RTFMS.xes,C:\projects\python\Anda\resources\models\RTFMS_4000_INSERTION_1.0_5_heuristics.pnml,0.2053507111251961,0.9455598505581222,104
C:\projects\python\Anda\Stability_Java\src\main\resources\systems\RTFMS.xes,C:\projects\python\Anda\resources\models\RTFMS_4000_INSERTION_1.0_5_inductive.pnml,0.19880181029754362,0.9999643741799487,114
C:\projects\python\Anda\Stability_Java\src\main\resources\systems\RTFMS.xes,C:\projects\python\Anda\resources\models\RTFMS_4000_ORDERING_0.2_1_alpha.pnml,0.33333333333333337,0.3875256983552971,25
C:\projects\python\Anda\Stability_Java\src\main\resources\systems\RTFMS.xes,C:\projects\python\Anda\resources\models\RTFMS_4000_ORDERING_0.2_1_heuristics.pnml,0.5770144155043928,0.9361147249441805,74
C:\projects\python\Anda\Stability_Java\src\main\resources\systems\RTFMS.xes,C:\projects\python\Anda\resources\models\RTFMS_4000_ORDERING_0.2_1_inductive.pnml,0.3842761343236859,0.9999673977168975,59
C:\projects\python\Anda\Stability_Java\src\main\resources\systems\Sepsis.xes,C:\projects\python\Anda\resources\models\Sepsis_40000_INSERTION_0.4_3_alpha.pnml,0.04330111805950354,0.15369279992536583,92
C:\projects\python\Anda\Stability_Java\src\main\resources\systems\Sepsis.xes,C:\projects\python\Anda\resources\models\Sepsis_40000_INSERTION_0.4_3_heuristics.pnml,0.21688223281143637,0.897484999750168,205
C:\projects\python\Anda\Stability_Java\src\main\resources\systems\Sepsis.xes,C:\projects\python\Anda\resources\models\Sepsis_40000_INSERTION_0.4_3_inductive.pnml,0.05124904423363097,1.0,261
C:\projects\python\Anda\Stability_Java\src\main\resources\systems\RTFMS.xes,C:\projects\python\Anda\resources\models\RTFMS_40000_ORDERING_4.0_4_alpha.pnml,0.0,0.30150723329453827,21
C:\projects\python\Anda\Stability_Java\src\main\resources\systems\RTFMS.xes,C:\projects\python\Anda\resources\models\RTFMS_40000_ORDERING_4.0_4_heuristics.pnml,0.31282331404575203,0.9367795159548066,83
C:\projects\python\Anda\Stability_Java\src\main\resources\systems\RTFMS.xes,C:\projects\python\Anda\resources\models\RTFMS_40000_ORDERING_4.0_4_inductive.pnml,0.41459175558322037,0.999999642935697,66
C:\projects\python\Anda\Stability_Java\src\main\resources\systems\Sepsis.xes,C:\projects\python\Anda\resources\models\Sepsis_20000_MIXED_0.4_2_alpha.pnml,0.12132564841498561,0.12260932222496429,50
C:\projects\python\Anda\Stability_Java\src\main\resources\systems\Sepsis.xes,C:\projects\python\Anda\resources\models\Sepsis_20000_MIXED_0.4_2_heuristics.pnml,0.3737596471885336,0.893752624027975,142
C:\projects\python\Anda\Stability_Java\src\main\resources\systems\Sepsis.xes,C:\projects\python\Anda\resources\models\Sepsis_20000_MIXED_0.4_2_inductive.pnml,0.10103319135926847,1.0,202
C:\projects\python\Anda\Stability_Java\src\main\resources\systems\BPIC2012.xes,C:\projects\python\Anda\resources\models\BPIC2012_20000_INSERTION_0.1_2_alpha.pnml,0.018181818181818188,0.5113706273362324,45
C:\projects\python\Anda\Stability_Java\src\main\resources\systems\BPIC2012.xes,C:\projects\python\Anda\resources\models\BPIC2012_20000_INSERTION_0.1_2_heuristics.pnml,0.2306835468336652,0.9803760485818156,137
C:\projects\python\Anda\Stability_Java\src\main\resources\systems\BPIC2012.xes,C:\projects\python\Anda\resources\models\BPIC2012_20000_INSERTION_0.1_2_inductive.pnml,0.09081573870091786,0.9999935202571162,170
C:\projects\python\Anda\Stability_Java\src\main\resources\systems\RTFMS.xes,C:\projects\python\Anda\resources\models\RTFMS_40000_INSERTION_10.0_1_alpha.pnml,0.00030543677458760854,0.42215344015609313,1867
C:\projects\python\Anda\Stability_Java\src\main\resources\systems\RTFMS.xes,C:\projects\python\Anda\resources\models\RTFMS_40000_INSERTION_10.0_1_heuristics.pnml,0.003740964150429682,0.9454506999585541,2020
C:\projects\python\Anda\Stability_Java\src\main\resources\systems\RTFMS.xes,C:\projects\python\Anda\resources\models\RTFMS_40000_INSERTION_10.0_1_inductive.pnml,0.00456361303640318,0.9999996690374616,1999
C:\projects\python\Anda\Stability_Java\src\main\resources\systems\RTFMS.xes,C:\projects\python\Anda\resources\models\RTFMS_40000_SUBSTITUTION_4.0_3_alpha.pnml,0.0007818608287725182,0.4217183681033604,784
C:\projects\python\Anda\Stability_Java\src\main\resources\systems\RTFMS.xes,C:\projects\python\Anda\resources\models\RTFMS_40000_SUBSTITUTION_4.0_3_heuristics.pnml,0.007861946534314823,0.9357816345812514,901
C:\projects\python\Anda\Stability_Java\src\main\resources\systems\RTFMS.xes,C:\projects\python\Anda\resources\models\RTFMS_40000_SUBSTITUTION_4.0_3_inductive.pnml,0.009798081009554926,1.0,934
C:\projects\python\Anda\Stability_Java\src\main\resources\systems\RTFMS.xes,C:\projects\python\Anda\resources\models\RTFMS_10000_MIXED_2.0_4_alpha.pnml,0.013157894736842146,0.4261362112664171,59
C:\projects\python\Anda\Stability_Java\src\main\resources\systems\RTFMS.xes,C:\projects\python\Anda\resources\models\RTFMS_10000_MIXED_2.0_4_heuristics.pnml,0.12280506551215298,0.9459799090512627,139
C:\projects\python\Anda\Stability_Java\src\main\resources\systems\RTFMS.xes,C:\projects\python\Anda\resources\models\RTFMS_10000_MIXED_2.0_4_inductive.pnml,0.1053947246654533,0.9999994002321102,158
C:\projects\python\Anda\Stability_Java\src\main\resources\systems\Sepsis.xes,C:\projects\python\Anda\resources\models\Sepsis_1000_MIXED_0.4_5_alpha.pnml,0.3150366221456269,0.17828814584418118,20
C:\projects\python\Anda\Stability_Java\src\main\resources\systems\Sepsis.xes,C:\projects\python\Anda\resources\models\Sepsis_1000_MIXED_0.4_5_heuristics.pnml,0.6784117801735472,0.9099023866914524,98
C:\projects\python\Anda\Stability_Java\src\main\resources\systems\Sepsis.xes,C:\projects\python\Anda\resources\models\Sepsis_1000_MIXED_0.4_5_inductive.pnml,0.27766198285094945,0.9999339848622817,97
C:\projects\python\Anda\Stability_Java\src\main\resources\systems\RTFMS.xes,C:\projects\python\Anda\resources\models\RTFMS_100000_ORDERING_0.4_2_alpha.pnml,0.285721342793982,0.29154998655734715,22
C:\projects\python\Anda\Stability_Java\src\main\resources\systems\RTFMS.xes,C:\projects\python\Anda\resources\models\RTFMS_100000_ORDERING_0.4_2_heuristics.pnml,0.5050751982713402,0.9341018759661628,77
C:\projects\python\Anda\Stability_Java\src\main\resources\systems\RTFMS.xes,C:\projects\python\Anda\resources\models\RTFMS_100000_ORDERING_0.4_2_inductive.pnml,0.41459033128873835,1.0,71
C:\projects\python\Anda\Stability_Java\src\main\resources\systems\BPIC2012.xes,C:\projects\python\Anda\resources\models\BPIC2012_2000_ORDERING_0.1_3_alpha.pnml,0.033333333333333326,0.4709923267686918,34
C:\projects\python\Anda\Stability_Java\src\main\resources\systems\BPIC2012.xes,C:\projects\python\Anda\resources\models\BPIC2012_2000_ORDERING_0.1_3_heuristics.pnml,0.29235540726656994,0.9827026113945148,109
C:\projects\python\Anda\Stability_Java\src\main\resources\systems\BPIC2012.xes,C:\projects\python\Anda\resources\models\BPIC2012_2000_ORDERING_0.1_3_inductive.pnml,0.10542075381550231,0.9679024028516386,138
C:\projects\python\Anda\Stability_Java\src\main\resources\systems\BPIC2012.xes,C:\projects\python\Anda\resources\models\BPIC2012_40000_ORDERING_0.1_5_alpha.pnml,0.0357142857142857,0.26073721326029203,33
C:\projects\python\Anda\Stability_Java\src\main\resources\systems\BPIC2012.xes,C:\projects\python\Anda\resources\models\BPIC2012_40000_ORDERING_0.1_5_heuristics.pnml,0.3484521815866267,0.9799094545170373,131
C:\projects\python\Anda\Stability_Java\src\main\resources\systems\BPIC2012.xes,C:\projects\python\Anda\resources\models\BPIC2012_40000_ORDERING_0.1_5_inductive.pnml,0.09701040249112292,0.9763743821332922,153
C:\projects\python\Anda\Stability_Java\src\main\resources\systems\RTFMS.xes,C:\projects\python\Anda\resources\models\RTFMS_40000_SUBSTITUTION_4.0_2_alpha.pnml,0.0007575757575757347,0.42290961111721354,807
C:\projects\python\Anda\Stability_Java\src\main\resources\systems\RTFMS.xes,C:\projects\python\Anda\resources\models\RTFMS_40000_SUBSTITUTION_4.0_2_heuristics.pnml,0.007563794810356406,0.936306800865442,915
C:\projects\python\Anda\Stability_Java\src\main\resources\systems\RTFMS.xes,C:\projects\python\Anda\resources\models\RTFMS_40000_SUBSTITUTION_4.0_2_inductive.pnml,0.009442641373647587,1.0,946
C:\projects\python\Anda\Stability_Java\src\main\resources\systems\RTFMS.xes,C:\projects\python\Anda\resources\models\RTFMS_2000_ORDERING_0.1_5_alpha.pnml,0.33333333333333337,0.569924459587404,27
C:\projects\python\Anda\Stability_Java\src\main\resources\systems\RTFMS.xes,C:\projects\python\Anda\resources\models\RTFMS_2000_ORDERING_0.1_5_heuristics.pnml,0.695163356109642,0.9326686588256515,68
C:\projects\python\Anda\Stability_Java\src\main\resources\systems\RTFMS.xes,C:\projects\python\Anda\resources\models\RTFMS_2000_ORDERING_0.1_5_inductive.pnml,0.6293526019595117,0.9999153016911062,57
C:\projects\python\Anda\Stability_Java\src\main\resources\systems\RTFMS.xes,C:\projects\python\Anda\resources\models\RTFMS_40000_ABSENCE_10.0_2_alpha.pnml,0.6666400686229528,0.6115494585310366,28
C:\projects\python\Anda\Stability_Java\src\main\resources\systems\RTFMS.xes,C:\projects\python\Anda\resources\models\RTFMS_40000_ABSENCE_10.0_2_heuristics.pnml,0.6718059752911985,0.932353035878785,69
C:\projects\python\Anda\Stability_Java\src\main\resources\systems\RTFMS.xes,C:\projects\python\Anda\resources\models\RTFMS_40000_ABSENCE_10.0_2_inductive.pnml,0.4145916015660531,1.0,63
C:\projects\python\Anda\Stability_Java\src\main\resources\systems\RTFMS.xes,C:\projects\python\Anda\resources\models\RTFMS_4000_ORDERING_2.0_5_alpha.pnml,0.19999999999999996,0.32291110316319627,24
C:\projects\python\Anda\Stability_Java\src\main\resources\systems\RTFMS.xes,C:\projects\python\Anda\resources\models\RTFMS_4000_ORDERING_2.0_5_heuristics.pnml,0.5056820187772226,0.9360556947790072,76
C:\projects\python\Anda\Stability_Java\src\main\resources\systems\RTFMS.xes,C:\projects\python\Anda\resources\models\RTFMS_4000_ORDERING_2.0_5_inductive.pnml,0.4829879876279761,0.9999759428569636,37
C:\projects\python\Anda\Stability_Java\src\main\resources\systems\RTFMS.xes,C:\projects\python\Anda\resources\models\RTFMS_20000_INSERTION_4.0_5_alpha.pnml,0.0015503875968991832,0.42140789147210933,394
C:\projects\python\Anda\Stability_Java\src\main\resources\systems\RTFMS.xes,C:\projects\python\Anda\resources\models\RTFMS_20000_INSERTION_4.0_5_heuristics.pnml,0.015680682614043207,0.9451051724124012,486
C:\projects\python\Anda\Stability_Java\src\main\resources\systems\RTFMS.xes,C:\projects\python\Anda\resources\models\RTFMS_20000_INSERTION_4.0_5_inductive.pnml,0.021961017186822196,0.9999996740864684,516
C:\projects\python\Anda\Stability_Java\src\main\resources\systems\RTFMS.xes,C:\projects\python\Anda\resources\models\RTFMS_1000_ORDERING_2.0_1_alpha.pnml,0.16666666666666663,0.3766257179232873,23
C:\projects\python\Anda\Stability_Java\src\main\resources\systems\RTFMS.xes,C:\projects\python\Anda\resources\models\RTFMS_1000_ORDERING_2.0_1_heuristics.pnml,0.6067151950180099,0.9292258639312458,62
C:\projects\python\Anda\Stability_Java\src\main\resources\systems\RTFMS.xes,C:\projects\python\Anda\resources\models\RTFMS_1000_ORDERING_2.0_1_inductive.pnml,0.39872492865055453,0.9999226525923979,43
C:\projects\python\Anda\Stability_Java\src\main\resources\systems\Sepsis.xes,C:\projects\python\Anda\resources\models\Sepsis_10000_ORDERING_0.4_5_alpha.pnml,0.4083850931677019,0.2145681269789424,22
C:\projects\python\Anda\Stability_Java\src\main\resources\systems\Sepsis.xes,C:\projects\python\Anda\resources\models\Sepsis_10000_ORDERING_0.4_5_heuristics.pnml,0.6302670623145401,0.8998399590623072,112
C:\projects\python\Anda\Stability_Java\src\main\resources\systems\Sepsis.xes,C:\projects\python\Anda\resources\models\Sepsis_10000_ORDERING_0.4_5_inductive.pnml,0.3065624845457693,1.0,93
C:\projects\python\Anda\Stability_Java\src\main\resources\systems\BPIC2012.xes,C:\projects\python\Anda\resources\models\BPIC2012_100000_ORDERING_10.0_3_alpha.pnml,0.050000000000000044,0.10396179348237411,37
C:\projects\python\Anda\Stability_Java\src\main\resources\systems\BPIC2012.xes,C:\projects\python\Anda\resources\models\BPIC2012_100000_ORDERING_10.0_3_heuristics.pnml,0.33186981051862985,0.9687395746616427,179
C:\projects\python\Anda\Stability_Java\src\main\resources\systems\BPIC2012.xes,C:\projects\python\Anda\resources\models\BPIC2012_100000_ORDERING_10.0_3_inductive.pnml,0.09881650559394994,1.0,167
C:\projects\python\Anda\Stability_Java\src\main\resources\systems\RTFMS.xes,C:\projects\python\Anda\resources\models\RTFMS_1000_MIXED_0.1_3_alpha.pnml,0.5004808466888017,0.5829059870197802,26
C:\projects\python\Anda\Stability_Java\src\main\resources\systems\RTFMS.xes,C:\projects\python\Anda\resources\models\RTFMS_1000_MIXED_0.1_3_heuristics.pnml,0.8202574488478702,0.9349827064513636,59
C:\projects\python\Anda\Stability_Java\src\main\resources\systems\RTFMS.xes,C:\projects\python\Anda\resources\models\RTFMS_1000_MIXED_0.1_3_inductive.pnml,0.6321312951083176,0.9998223769929995,50
C:\projects\python\Anda\Stability_Java\src\main\resources\systems\Sepsis.xes,C:\projects\python\Anda\resources\models\Sepsis_2000_MIXED_10.0_5_alpha.pnml,0.0760531830334562,0.12846712848674136,75
C:\projects\python\Anda\Stability_Java\src\main\resources\systems\Sepsis.xes,C:\projects\python\Anda\resources\models\Sepsis_2000_MIXED_10.0_5_heuristics.pnml,0.22413985234712352,0.9172999986426259,173
C:\projects\python\Anda\Stability_Java\src\main\resources\systems\Sepsis.xes,C:\projects\python\Anda\resources\models\Sepsis_2000_MIXED_10.0_5_inductive.pnml,0.06128207252896345,1.0,240
C:\projects\python\Anda\Stability_Java\src\main\resources\systems\Sepsis.xes,C:\projects\python\Anda\resources\models\Sepsis_40000_ABSENCE_2.0_2_alpha.pnml,0.4439746300211417,0.2713113947849354,23
C:\projects\python\Anda\Stability_Java\src\main\resources\systems\Sepsis.xes,C:\projects\python\Anda\resources\models\Sepsis_40000_ABSENCE_2.0_2_heuristics.pnml,0.6302670623145401,0.89721291069021,109
C:\projects\python\Anda\Stability_Java\src\main\resources\systems\Sepsis.xes,C:\projects\python\Anda\resources\models\Sepsis_40000_ABSENCE_2.0_2_inductive.pnml,0.2475336831655084,1.0,95
C:\projects\python\Anda\Stability_Java\src\main\resources\systems\RTFMS.xes,C:\projects\python\Anda\resources\models\RTFMS_10000_INSERTION_4.0_1_alpha.pnml,0.005165150952884834,0.4856788188975663,189
C:\projects\python\Anda\Stability_Java\src\main\resources\systems\RTFMS.xes,C:\projects\python\Anda\resources\models\RTFMS_10000_INSERTION_4.0_1_heuristics.pnml,0.035170415939043576,0.9452288994051581,276
C:\projects\python\Anda\Stability_Java\src\main\resources\systems\RTFMS.xes,C:\projects\python\Anda\resources\models\RTFMS_10000_INSERTION_4.0_1_inductive.pnml,0.04190807725789314,0.9999996334350827,314
C:\projects\python\Anda\Stability_Java\src\main\resources\systems\Sepsis.xes,C:\projects\python\Anda\resources\models\Sepsis_1000_SUBSTITUTION_0.2_4_alpha.pnml,0.3959031421887842,0.24104736592894777,25
C:\projects\python\Anda\Stability_Java\src\main\resources\systems\Sepsis.xes,C:\projects\python\Anda\resources\models\Sepsis_1000_SUBSTITUTION_0.2_4_heuristics.pnml,0.6536610083607803,0.9099023866914524,100
C:\projects\python\Anda\Stability_Java\src\main\resources\systems\Sepsis.xes,C:\projects\python\Anda\resources\models\Sepsis_1000_SUBSTITUTION_0.2_4_inductive.pnml,0.2089742545022265,0.9999404783596005,86
C:\projects\python\Anda\Stability_Java\src\main\resources\systems\RTFMS.xes,C:\projects\python\Anda\resources\models\RTFMS_4000_MIXED_4.0_1_alpha.pnml,0.012987012987012991,0.36668831796970786,68
C:\projects\python\Anda\Stability_Java\src\main\resources\systems\RTFMS.xes,C:\projects\python\Anda\resources\models\RTFMS_4000_MIXED_4.0_1_heuristics.pnml,0.09648299510298097,0.9453404518534649,147
C:\projects\python\Anda\Stability_Java\src\main\resources\systems\RTFMS.xes,C:\projects\python\Anda\resources\models\RTFMS_4000_MIXED_4.0_1_inductive.pnml,0.09382437589954229,0.9999981030802781,163
C:\projects\python\Anda\Stability_Java\src\main\resources\systems\Sepsis.xes,C:\projects\python\Anda\resources\models\Sepsis_40000_SUBSTITUTION_4.0_2_alpha.pnml,0.004095563139931757,0.12902044288153924,785
C:\projects\python\Anda\Stability_Java\src\main\resources\systems\Sepsis.xes,C:\projects\python\Anda\resources\models\Sepsis_40000_SUBSTITUTION_4.0_2_heuristics.pnml,0.02762621368694196,0.898386101740106,935
C:\projects\python\Anda\Stability_Java\src\main\resources\systems\Sepsis.xes,C:\projects\python\Anda\resources\models\Sepsis_40000_SUBSTITUTION_4.0_2_inductive.pnml,0.006432845874562054,1.0,1000
C:\projects\python\Anda\Stability_Java\src\main\resources\systems\Sepsis.xes,C:\projects\python\Anda\resources\models\Sepsis_4000_INSERTION_2.0_2_alpha.pnml,0.06418219461697727,0.1462342169925312,58
C:\projects\python\Anda\Stability_Java\src\main\resources\systems\Sepsis.xes,C:\projects\python\Anda\resources\models\Sepsis_4000_INSERTION_2.0_2_heuristics.pnml,0.38554096725943166,0.8923071318015701,170
C:\projects\python\Anda\Stability_Java\src\main\resources\systems\Sepsis.xes,C:\projects\python\Anda\resources\models\Sepsis_4000_INSERTION_2.0_2_inductive.pnml,0.07904003885767275,1.0,204
C:\projects\python\Anda\Stability_Java\src\main\resources\systems\RTFMS.xes,C:\projects\python\Anda\resources\models\RTFMS_4000_SUBSTITUTION_0.1_1_alpha.pnml,0.2499983406510622,0.5391804281158719,28
C:\projects\python\Anda\Stability_Java\src\main\resources\systems\RTFMS.xes,C:\projects\python\Anda\resources\models\RTFMS_4000_SUBSTITUTION_0.1_1_heuristics.pnml,0.6714851862956199,0.9302025028698732,69
C:\projects\python\Anda\Stability_Java\src\main\resources\systems\RTFMS.xes,C:\projects\python\Anda\resources\models\RTFMS_4000_SUBSTITUTION_0.1_1_inductive.pnml,0.3266887014297648,0.9999945403876529,67
C:\projects\python\Anda\Stability_Java\src\main\resources\systems\BPIC2012.xes,C:\projects\python\Anda\resources\models\BPIC2012_40000_SUBSTITUTION_4.0_3_alpha.pnml,0.0006872852233676952,0.09785706179965042,789
C:\projects\python\Anda\Stability_Java\src\main\resources\systems\BPIC2012.xes,C:\projects\python\Anda\resources\models\BPIC2012_40000_SUBSTITUTION_4.0_3_heuristics.pnml,0.0249258498211008,0.9799545800647237,1002
C:\projects\python\Anda\Stability_Java\src\main\resources\systems\BPIC2012.xes,C:\projects\python\Anda\resources\models\BPIC2012_40000_SUBSTITUTION_4.0_3_inductive.pnml,0.006693331286671933,1.0,1128
C:\projects\python\Anda\Stability_Java\src\main\resources\systems\BPIC2012.xes,C:\projects\python\Anda\resources\models\BPIC2012_2000_ABSENCE_1.0_4_alpha.pnml,0.032258064516129004,0.5213553912553117,35
C:\projects\python\Anda\Stability_Java\src\main\resources\systems\BPIC2012.xes,C:\projects\python\Anda\resources\models\BPIC2012_2000_ABSENCE_1.0_4_heuristics.pnml,0.2948961695871287,0.9823102321562285,109
C:\projects\python\Anda\Stability_Java\src\main\resources\systems\BPIC2012.xes,C:\projects\python\Anda\resources\models\BPIC2012_2000_ABSENCE_1.0_4_inductive.pnml,0.10445951778696605,0.9678744747012791,142
C:\projects\python\Anda\Stability_Java\src\main\resources\systems\BPIC2012.xes,C:\projects\python\Anda\resources\models\BPIC2012_1000_INSERTION_0.4_3_alpha.pnml,0.08355807903869839,0.50827670469591,33
C:\projects\python\Anda\Stability_Java\src\main\resources\systems\BPIC2012.xes,C:\projects\python\Anda\resources\models\BPIC2012_1000_INSERTION_0.4_3_heuristics.pnml,0.30500679710271617,0.9836055030938811,112
C:\projects\python\Anda\Stability_Java\src\main\resources\systems\BPIC2012.xes,C:\projects\python\Anda\resources\models\BPIC2012_1000_INSERTION_0.4_3_inductive.pnml,0.10047664457502381,0.994089772881574,146
C:\projects\python\Anda\Stability_Java\src\main\resources\systems\Sepsis.xes,C:\projects\python\Anda\resources\models\Sepsis_2000_INSERTION_10.0_3_alpha.pnml,0.03210731285157942,0.1447401750317993,106
C:\projects\python\Anda\Stability_Java\src\main\resources\systems\Sepsis.xes,C:\projects\python\Anda\resources\models\Sepsis_2000_INSERTION_10.0_3_heuristics.pnml,0.16601486116542818,0.9118909754879593,230
C:\projects\python\Anda\Stability_Java\src\main\resources\systems\Sepsis.xes,C:\projects\python\Anda\resources\models\Sepsis_2000_INSERTION_10.0_3_inductive.pnml,0.045886185769961285,1.0,279
C:\projects\python\Anda\Stability_Java\src\main\resources\systems\RTFMS.xes,C:\projects\python\Anda\resources\models\RTFMS_40000_ORDERING_1.0_4_alpha.pnml,0.33332520543268884,0.34656888347160636,21
C:\projects\python\Anda\Stability_Java\src\main\resources\systems\RTFMS.xes,C:\projects\python\Anda\resources\models\RTFMS_40000_ORDERING_1.0_4_heuristics.pnml,0.405741925458477,0.9368103882823611,76
C:\projects\python\Anda\Stability_Java\src\main\resources\systems\RTFMS.xes,C:\projects\python\Anda\resources\models\RTFMS_40000_ORDERING_1.0_4_inductive.pnml,0.4145905646943746,0.9999997072380131,65
C:\projects\python\Anda\Stability_Java\src\main\resources\systems\RTFMS.xes,C:\projects\python\Anda\resources\models\RTFMS_20000_ORDERING_1.0_5_alpha.pnml,0.19999999999999996,0.33419331161140153,22
C:\projects\python\Anda\Stability_Java\src\main\resources\systems\RTFMS.xes,C:\projects\python\Anda\resources\models\RTFMS_20000_ORDERING_1.0_5_heuristics.pnml,0.449991447530968,0.9374686622043681,73
C:\projects\python\Anda\Stability_Java\src\main\resources\systems\RTFMS.xes,C:\projects\python\Anda\resources\models\RTFMS_20000_ORDERING_1.0_5_inductive.pnml,0.4540234886739277,1.0,41
C:\projects\python\Anda\Stability_Java\src\main\resources\systems\BPIC2012.xes,C:\projects\python\Anda\resources\models\BPIC2012_10000_INSERTION_0.1_2_alpha.pnml,0.0,0.546015531255009,41
C:\projects\python\Anda\Stability_Java\src\main\resources\systems\BPIC2012.xes,C:\projects\python\Anda\resources\models\BPIC2012_10000_INSERTION_0.1_2_heuristics.pnml,0.2427393527651608,0.9798524818051519,127
C:\projects\python\Anda\Stability_Java\src\main\resources\systems\BPIC2012.xes,C:\projects\python\Anda\resources\models\BPIC2012_10000_INSERTION_0.1_2_inductive.pnml,0.09053541933435327,0.9999891333451559,153
C:\projects\python\Anda\Stability_Java\src\main\resources\systems\Sepsis.xes,C:\projects\python\Anda\resources\models\Sepsis_100000_SUBSTITUTION_10.0_3_alpha.pnml,0.0006764374295377129,0.1291195277914412,4669
C:\projects\python\Anda\Stability_Java\src\main\resources\systems\Sepsis.xes,C:\projects\python\Anda\resources\models\Sepsis_100000_SUBSTITUTION_10.0_3_heuristics.pnml,0.004961010949082523,0.8847790341970057,5201
C:\projects\python\Anda\Stability_Java\src\main\resources\systems\Sepsis.xes,C:\projects\python\Anda\resources\models\Sepsis_100000_SUBSTITUTION_10.0_3_inductive.pnml,0.0009978662758566292,1.0,4904
C:\projects\python\Anda\Stability_Java\src\main\resources\systems\RTFMS.xes,C:\projects\python\Anda\resources\models\RTFMS_40000_ABSENCE_2.0_1_alpha.pnml,0.6666400686229528,0.6115494585310366,28
C:\projects\python\Anda\Stability_Java\src\main\resources\systems\RTFMS.xes,C:\projects\python\Anda\resources\models\RTFMS_40000_ABSENCE_2.0_1_heuristics.pnml,0.6717919365037832,0.9321513064930664,69
C:\projects\python\Anda\Stability_Java\src\main\resources\systems\RTFMS.xes,C:\projects\python\Anda\resources\models\RTFMS_40000_ABSENCE_2.0_1_inductive.pnml,0.4145916015660531,1.0,63
C:\projects\python\Anda\Stability_Java\src\main\resources\systems\RTFMS.xes,C:\projects\python\Anda\resources\models\RTFMS_2000_INSERTION_1.0_2_alpha.pnml,0.0,0.5530286359473551,30
C:\projects\python\Anda\Stability_Java\src\main\resources\systems\RTFMS.xes,C:\projects\python\Anda\resources\models\RTFMS_2000_INSERTION_1.0_2_heuristics.pnml,0.37588523289844367,0.9441419729080509,79
C:\projects\python\Anda\Stability_Java\src\main\resources\systems\RTFMS.xes,C:\projects\python\Anda\resources\models\RTFMS_2000_INSERTION_1.0_2_inductive.pnml,0.3125898187872339,0.9999690195864084,99
C:\projects\python\Anda\Stability_Java\src\main\resources\systems\Sepsis.xes,C:\projects\python\Anda\resources\models\Sepsis_10000_ABSENCE_2.0_4_alpha.pnml,0.4425374390038701,0.2584163944317913,22
C:\projects\python\Anda\Stability_Java\src\main\resources\systems\Sepsis.xes,C:\projects\python\Anda\resources\models\Sepsis_10000_ABSENCE_2.0_4_heuristics.pnml,0.7388924893785556,0.8864484583576564,113
C:\projects\python\Anda\Stability_Java\src\main\resources\systems\Sepsis.xes,C:\projects\python\Anda\resources\models\Sepsis_10000_ABSENCE_2.0_4_inductive.pnml,0.2475336831655084,1.0,95
C:\projects\python\Anda\Stability_Java\src\main\resources\systems\RTFMS.xes,C:\projects\python\Anda\resources\models\RTFMS_40000_SUBSTITUTION_0.1_2_alpha.pnml,0.04347783976305053,0.5083752311903302,39
C:\projects\python\Anda\Stability_Java\src\main\resources\systems\RTFMS.xes,C:\projects\python\Anda\resources\models\RTFMS_40000_SUBSTITUTION_0.1_2_heuristics.pnml,0.17250733466215762,0.9365855572598483,90
C:\projects\python\Anda\Stability_Java\src\main\resources\systems\RTFMS.xes,C:\projects\python\Anda\resources\models\RTFMS_40000_SUBSTITUTION_0.1_2_inductive.pnml,0.15597804355985967,0.9999994173134811,127
C:\projects\python\Anda\Stability_Java\src\main\resources\systems\Sepsis.xes,C:\projects\python\Anda\resources\models\Sepsis_4000_MIXED_0.1_2_alpha.pnml,0.4426422388436003,0.26588961197193384,22
C:\projects\python\Anda\Stability_Java\src\main\resources\systems\Sepsis.xes,C:\projects\python\Anda\resources\models\Sepsis_4000_MIXED_0.1_2_heuristics.pnml,0.7811300424270995,0.8946487278340816,117
C:\projects\python\Anda\Stability_Java\src\main\resources\systems\Sepsis.xes,C:\projects\python\Anda\resources\models\Sepsis_4000_MIXED_0.1_2_inductive.pnml,0.25762075419340746,1.0,89
C:\projects\python\Anda\Stability_Java\src\main\resources\systems\RTFMS.xes,C:\projects\python\Anda\resources\models\RTFMS_20000_SUBSTITUTION_2.0_3_alpha.pnml,0.0031055900621117516,0.4229714626690754,211
C:\projects\python\Anda\Stability_Java\src\main\resources\systems\RTFMS.xes,C:\projects\python\Anda\resources\models\RTFMS_20000_SUBSTITUTION_2.0_3_heuristics.pnml,0.028934836776643214,0.936032356397149,282
C:\projects\python\Anda\Stability_Java\src\main\resources\systems\RTFMS.xes,C:\projects\python\Anda\resources\models\RTFMS_20000_SUBSTITUTION_2.0_3_inductive.pnml,0.03224683598319933,1.0,327
C:\projects\python\Anda\Stability_Java\src\main\resources\systems\RTFMS.xes,C:\projects\python\Anda\resources\models\RTFMS_2000_INSERTION_0.2_2_alpha.pnml,0.25011932342167276,0.5946263580231288,22
C:\projects\python\Anda\Stability_Java\src\main\resources\systems\RTFMS.xes,C:\projects\python\Anda\resources\models\RTFMS_2000_INSERTION_0.2_2_heuristics.pnml,0.7460033807734523,0.9326433364388141,67
C:\projects\python\Anda\Stability_Java\src\main\resources\systems\RTFMS.xes,C:\projects\python\Anda\resources\models\RTFMS_2000_INSERTION_0.2_2_inductive.pnml,0.49658633353301174,0.9999358888938066,73
C:\projects\python\Anda\Stability_Java\src\main\resources\systems\RTFMS.xes,C:\projects\python\Anda\resources\models\RTFMS_100000_SUBSTITUTION_4.0_2_alpha.pnml,0.000310269934843288,0.422482580355136,1936
C:\projects\python\Anda\Stability_Java\src\main\resources\systems\RTFMS.xes,C:\projects\python\Anda\resources\models\RTFMS_100000_SUBSTITUTION_4.0_2_heuristics.pnml,0.0034305322377631287,0.9309302477245918,2166
C:\projects\python\Anda\Stability_Java\src\main\resources\systems\RTFMS.xes,C:\projects\python\Anda\resources\models\RTFMS_100000_SUBSTITUTION_4.0_2_inductive.pnml,0.0038904796070904357,1.0,2089
C:\projects\python\Anda\Stability_Java\src\main\resources\systems\BPIC2012.xes,C:\projects\python\Anda\resources\models\BPIC2012_1000_ORDERING_2.0_5_alpha.pnml,0.033333333333333326,0.37597095310272777,34
C:\projects\python\Anda\Stability_Java\src\main\resources\systems\BPIC2012.xes,C:\projects\python\Anda\resources\models\BPIC2012_1000_ORDERING_2.0_5_heuristics.pnml,0.31183449366204896,0.9868416678751654,120
C:\projects\python\Anda\Stability_Java\src\main\resources\systems\BPIC2012.xes,C:\projects\python\Anda\resources\models\BPIC2012_1000_ORDERING_2.0_5_inductive.pnml,0.10855113592418397,0.9774402462735765,131
C:\projects\python\Anda\Stability_Java\src\main\resources\systems\Sepsis.xes,C:\projects\python\Anda\resources\models\Sepsis_2000_MIXED_4.0_5_alpha.pnml,0.15564921620822247,0.1787223739825301,40
C:\projects\python\Anda\Stability_Java\src\main\resources\systems\Sepsis.xes,C:\projects\python\Anda\resources\models\Sepsis_2000_MIXED_4.0_5_heuristics.pnml,0.4056257278509361,0.9171677839221117,132
C:\projects\python\Anda\Stability_Java\src\main\resources\systems\Sepsis.xes,C:\projects\python\Anda\resources\models\Sepsis_2000_MIXED_4.0_5_inductive.pnml,0.11329249352438475,1.0,155
C:\projects\python\Anda\Stability_Java\src\main\resources\systems\Sepsis.xes,C:\projects\python\Anda\resources\models\Sepsis_100000_ORDERING_4.0_5_alpha.pnml,0.41306058221872544,0.12379994621908463,21
C:\projects\python\Anda\Stability_Java\src\main\resources\systems\Sepsis.xes,C:\projects\python\Anda\resources\models\Sepsis_100000_ORDERING_4.0_5_heuristics.pnml,0.49760967379077614,0.8891399525744075,128
C:\projects\python\Anda\Stability_Java\src\main\resources\systems\Sepsis.xes,C:\projects\python\Anda\resources\models\Sepsis_100000_ORDERING_4.0_5_inductive.pnml,0.231769102769257,1.0,105
C:\projects\python\Anda\Stability_Java\src\main\resources\systems\Sepsis.xes,C:\projects\python\Anda\resources\models\Sepsis_40000_SUBSTITUTION_4.0_5_alpha.pnml,0.0039499670836076195,0.13408619751666123,814
C:\projects\python\Anda\Stability_Java\src\main\resources\systems\Sepsis.xes,C:\projects\python\Anda\resources\models\Sepsis_40000_SUBSTITUTION_4.0_5_heuristics.pnml,0.02554283421511816,0.901303029522524,951
C:\projects\python\Anda\Stability_Java\src\main\resources\systems\Sepsis.xes,C:\projects\python\Anda\resources\models\Sepsis_40000_SUBSTITUTION_4.0_5_inductive.pnml,0.006526572366366334,1.0,992
C:\projects\python\Anda\Stability_Java\src\main\resources\systems\RTFMS.xes,C:\projects\python\Anda\resources\models\RTFMS_20000_ABSENCE_10.0_1_alpha.pnml,0.5,0.6291389429867389,27
C:\projects\python\Anda\Stability_Java\src\main\resources\systems\RTFMS.xes,C:\projects\python\Anda\resources\models\RTFMS_20000_ABSENCE_10.0_1_heuristics.pnml,0.6954169724242075,0.9330634046569577,68
C:\projects\python\Anda\Stability_Java\src\main\resources\systems\RTFMS.xes,C:\projects\python\Anda\resources\models\RTFMS_20000_ABSENCE_10.0_1_inductive.pnml,0.4838523894789444,0.9999990793872033,41
C:\projects\python\Anda\Stability_Java\src\main\resources\systems\Sepsis.xes,C:\projects\python\Anda\resources\models\Sepsis_1000_ORDERING_10.0_3_alpha.pnml,0.310820494446435,0.21078020784404994,23
C:\projects\python\Anda\Stability_Java\src\main\resources\systems\Sepsis.xes,C:\projects\python\Anda\resources\models\Sepsis_1000_ORDERING_10.0_3_heuristics.pnml,0.6451048076442043,0.9110774729853481,103
C:\projects\python\Anda\Stability_Java\src\main\resources\systems\Sepsis.xes,C:\projects\python\Anda\resources\models\Sepsis_1000_ORDERING_10.0_3_inductive.pnml,0.20379833157398153,0.9999174238062427,87
C:\projects\python\Anda\Stability_Java\src\main\resources\systems\RTFMS.xes,C:\projects\python\Anda\resources\models\RTFMS_100000_INSERTION_1.0_4_alpha.pnml,0.0011848341232227888,0.4222478964188532,492
C:\projects\python\Anda\Stability_Java\src\main\resources\systems\RTFMS.xes,C:\projects\python\Anda\resources\models\RTFMS_100000_INSERTION_1.0_4_heuristics.pnml,0.01371225187930536,0.9477405514733965,613
C:\projects\python\Anda\Stability_Java\src\main\resources\systems\RTFMS.xes,C:\projects\python\Anda\resources\models\RTFMS_100000_INSERTION_1.0_4_inductive.pnml,0.01632576755349391,1.0,617
C:\projects\python\Anda\Stability_Java\src\main\resources\systems\BPIC2012.xes,C:\projects\python\Anda\resources\models\BPIC2012_20000_ORDERING_1.0_4_alpha.pnml,0.045454545454545414,0.2600335496621287,38
C:\projects\python\Anda\Stability_Java\src\main\resources\systems\BPIC2012.xes,C:\projects\python\Anda\resources\models\BPIC2012_20000_ORDERING_1.0_4_heuristics.pnml,0.2933211996463021,0.9807095561869538,140
C:\projects\python\Anda\Stability_Java\src\main\resources\systems\BPIC2012.xes,C:\projects\python\Anda\resources\models\BPIC2012_20000_ORDERING_1.0_4_inductive.pnml,0.10572063115249497,0.996585619881176,134
C:\projects\python\Anda\Stability_Java\src\main\resources\systems\BPIC2012.xes,C:\projects\python\Anda\resources\models\BPIC2012_2000_INSERTION_4.0_5_alpha.pnml,0.04656773555040783,0.4222329002078544,67
C:\projects\python\Anda\Stability_Java\src\main\resources\systems\BPIC2012.xes,C:\projects\python\Anda\resources\models\BPIC2012_2000_INSERTION_4.0_5_heuristics.pnml,0.1912502633010652,0.9769949723262317,159
C:\projects\python\Anda\Stability_Java\src\main\resources\systems\BPIC2012.xes,C:\projects\python\Anda\resources\models\BPIC2012_2000_INSERTION_4.0_5_inductive.pnml,0.06311330565977014,1.0,240
C:\projects\python\Anda\Stability_Java\src\main\resources\systems\BPIC2012.xes,C:\projects\python\Anda\resources\models\BPIC2012_10000_ORDERING_0.1_1_alpha.pnml,0.0,0.4668416681140442,34
C:\projects\python\Anda\Stability_Java\src\main\resources\systems\BPIC2012.xes,C:\projects\python\Anda\resources\models\BPIC2012_10000_ORDERING_0.1_1_heuristics.pnml,0.27058658648455813,0.9798524818051519,124
C:\projects\python\Anda\Stability_Java\src\main\resources\systems\BPIC2012.xes,C:\projects\python\Anda\resources\models\BPIC2012_10000_ORDERING_0.1_1_inductive.pnml,0.10476110032550323,0.979104172069769,140
C:\projects\python\Anda\Stability_Java\src\main\resources\systems\Sepsis.xes,C:\projects\python\Anda\resources\models\Sepsis_2000_MIXED_2.0_4_alpha.pnml,0.19794260963724963,0.17515076129184293,33
C:\projects\python\Anda\Stability_Java\src\main\resources\systems\Sepsis.xes,C:\projects\python\Anda\resources\models\Sepsis_2000_MIXED_2.0_4_heuristics.pnml,0.5150212709968861,0.9092846495689251,126
C:\projects\python\Anda\Stability_Java\src\main\resources\systems\Sepsis.xes,C:\projects\python\Anda\resources\models\Sepsis_2000_MIXED_2.0_4_inductive.pnml,0.148453846755783,1.0,156
C:\projects\python\Anda\Stability_Java\src\main\resources\systems\BPIC2012.xes,C:\projects\python\Anda\resources\models\BPIC2012_10000_SUBSTITUTION_10.0_3_alpha.pnml,0.001103752759381904,0.10525328820875246,503
C:\projects\python\Anda\Stability_Java\src\main\resources\systems\BPIC2012.xes,C:\projects\python\Anda\resources\models\BPIC2012_10000_SUBSTITUTION_10.0_3_heuristics.pnml,0.03726735425902916,0.9749763418266906,681
C:\projects\python\Anda\Stability_Java\src\main\resources\systems\BPIC2012.xes,C:\projects\python\Anda\resources\models\BPIC2012_10000_SUBSTITUTION_10.0_3_inductive.pnml,0.010730048583313057,1.0,839
C:\projects\python\Anda\Stability_Java\src\main\resources\systems\Sepsis.xes,C:\projects\python\Anda\resources\models\Sepsis_4000_MIXED_0.1_1_alpha.pnml,0.32418511685116846,0.21477712310331543,25
C:\projects\python\Anda\Stability_Java\src\main\resources\systems\Sepsis.xes,C:\projects\python\Anda\resources\models\Sepsis_4000_MIXED_0.1_1_heuristics.pnml,0.7220493027888446,0.8946487278340816,119
C:\projects\python\Anda\Stability_Java\src\main\resources\systems\Sepsis.xes,C:\projects\python\Anda\resources\models\Sepsis_4000_MIXED_0.1_1_inductive.pnml,0.22737647340830214,1.0,106
C:\projects\python\Anda\Stability_Java\src\main\resources\systems\RTFMS.xes,C:\projects\python\Anda\resources\models\RTFMS_10000_INSERTION_0.1_1_alpha.pnml,0.22236415736647086,0.6356436791641968,27
C:\projects\python\Anda\Stability_Java\src\main\resources\systems\RTFMS.xes,C:\projects\python\Anda\resources\models\RTFMS_10000_INSERTION_0.1_1_heuristics.pnml,0.6288989311653401,0.9405888899114581,72
C:\projects\python\Anda\Stability_Java\src\main\resources\systems\RTFMS.xes,C:\projects\python\Anda\resources\models\RTFMS_10000_INSERTION_0.1_1_inductive.pnml,0.4452253539490152,0.999995079695101,79
C:\projects\python\Anda\Stability_Java\src\main\resources\systems\RTFMS.xes,C:\projects\python\Anda\resources\models\RTFMS_2000_SUBSTITUTION_2.0_5_alpha.pnml,0.062496856869853845,0.44345441256947343,35
C:\projects\python\Anda\Stability_Java\src\main\resources\systems\RTFMS.xes,C:\projects\python\Anda\resources\models\RTFMS_2000_SUBSTITUTION_2.0_5_heuristics.pnml,0.24014317287984743,0.9326069620502369,91
C:\projects\python\Anda\Stability_Java\src\main\resources\systems\RTFMS.xes,C:\projects\python\Anda\resources\models\RTFMS_2000_SUBSTITUTION_2.0_5_inductive.pnml,0.188368746207637,0.9999731165854209,115
C:\projects\python\Anda\Stability_Java\src\main\resources\systems\RTFMS.xes,C:\projects\python\Anda\resources\models\RTFMS_100000_SUBSTITUTION_10.0_1_alpha.pnml,0.0001266464032421144,0.42155454238680046,4764
C:\projects\python\Anda\Stability_Java\src\main\resources\systems\RTFMS.xes,C:\projects\python\Anda\resources\models\RTFMS_100000_SUBSTITUTION_10.0_1_heuristics.pnml,0.0014033135317627066,0.9307708456897184,5164
C:\projects\python\Anda\Stability_Java\src\main\resources\systems\RTFMS.xes,C:\projects\python\Anda\resources\models\RTFMS_100000_SUBSTITUTION_10.0_1_inductive.pnml,0.001594416937236498,1.0,4916
C:\projects\python\Anda\Stability_Java\src\main\resources\systems\Sepsis.xes,C:\projects\python\Anda\resources\models\Sepsis_40000_ABSENCE_1.0_4_alpha.pnml,0.4439746300211417,0.2468446509069529,22
C:\projects\python\Anda\Stability_Java\src\main\resources\systems\Sepsis.xes,C:\projects\python\Anda\resources\models\Sepsis_40000_ABSENCE_1.0_4_heuristics.pnml,0.6311723044921005,0.8967715521747265,109
C:\projects\python\Anda\Stability_Java\src\main\resources\systems\Sepsis.xes,C:\projects\python\Anda\resources\models\Sepsis_40000_ABSENCE_1.0_4_inductive.pnml,0.2475336831655084,1.0,95
C:\projects\python\Anda\Stability_Java\src\main\resources\systems\RTFMS.xes,C:\projects\python\Anda\resources\models\RTFMS_20000_ORDERING_0.4_5_alpha.pnml,0.16666666666666663,0.3661359547144084,20
C:\projects\python\Anda\Stability_Java\src\main\resources\systems\RTFMS.xes,C:\projects\python\Anda\resources\models\RTFMS_20000_ORDERING_0.4_5_heuristics.pnml,0.505561505055615,0.9374865165193729,74
C:\projects\python\Anda\Stability_Java\src\main\resources\systems\RTFMS.xes,C:\projects\python\Anda\resources\models\RTFMS_20000_ORDERING_0.4_5_inductive.pnml,0.393653157947753,1.0,47
C:\projects\python\Anda\Stability_Java\src\main\resources\systems\BPIC2012.xes,C:\projects\python\Anda\resources\models\BPIC2012_10000_MIXED_0.2_5_alpha.pnml,0.0,0.41568402061445253,41
C:\projects\python\Anda\Stability_Java\src\main\resources\systems\BPIC2012.xes,C:\projects\python\Anda\resources\models\BPIC2012_10000_MIXED_0.2_5_heuristics.pnml,0.2566808597040613,0.9782352050547978,132
C:\projects\python\Anda\Stability_Java\src\main\resources\systems\BPIC2012.xes,C:\projects\python\Anda\resources\models\BPIC2012_10000_MIXED_0.2_5_inductive.pnml,0.1123760892603678,0.9809384126688355,164
C:\projects\python\Anda\Stability_Java\src\main\resources\systems\Sepsis.xes,C:\projects\python\Anda\resources\models\Sepsis_20000_ORDERING_0.4_3_alpha.pnml,0.4425374390038701,0.20548522180013462,23
C:\projects\python\Anda\Stability_Java\src\main\resources\systems\Sepsis.xes,C:\projects\python\Anda\resources\models\Sepsis_20000_ORDERING_0.4_3_heuristics.pnml,0.6647887323943662,0.9011247406387318,111
C:\projects\python\Anda\Stability_Java\src\main\resources\systems\Sepsis.xes,C:\projects\python\Anda\resources\models\Sepsis_20000_ORDERING_0.4_3_inductive.pnml,0.2576365775363133,1.0,95
C:\projects\python\Anda\Stability_Java\src\main\resources\systems\Sepsis.xes,C:\projects\python\Anda\resources\models\Sepsis_4000_SUBSTITUTION_1.0_3_alpha.pnml,0.17573762293715622,0.1545433929402566,47
C:\projects\python\Anda\Stability_Java\src\main\resources\systems\Sepsis.xes,C:\projects\python\Anda\resources\models\Sepsis_4000_SUBSTITUTION_1.0_3_heuristics.pnml,0.4269518165421283,0.8890129137804049,145
C:\projects\python\Anda\Stability_Java\src\main\resources\systems\Sepsis.xes,C:\projects\python\Anda\resources\models\Sepsis_4000_SUBSTITUTION_1.0_3_inductive.pnml,0.10734071340713403,1.0,187
C:\projects\python\Anda\Stability_Java\src\main\resources\systems\RTFMS.xes,C:\projects\python\Anda\resources\models\RTFMS_2000_ORDERING_10.0_3_alpha.pnml,0.19999999999999996,0.3317659094432602,24
C:\projects\python\Anda\Stability_Java\src\main\resources\systems\RTFMS.xes,C:\projects\python\Anda\resources\models\RTFMS_2000_ORDERING_10.0_3_heuristics.pnml,0.47732299501793596,0.9318698783043794,76
C:\projects\python\Anda\Stability_Java\src\main\resources\systems\RTFMS.xes,C:\projects\python\Anda\resources\models\RTFMS_2000_ORDERING_10.0_3_inductive.pnml,0.4077728028802604,0.9999062824960596,39
C:\projects\python\Anda\Stability_Java\src\main\resources\systems\BPIC2012.xes,C:\projects\python\Anda\resources\models\BPIC2012_20000_ABSENCE_10.0_2_alpha.pnml,0.032258064516129004,0.563414538505251,38
C:\projects\python\Anda\Stability_Java\src\main\resources\systems\BPIC2012.xes,C:\projects\python\Anda\resources\models\BPIC2012_20000_ABSENCE_10.0_2_heuristics.pnml,0.3078578584769137,0.9753573308362281,132
C:\projects\python\Anda\Stability_Java\src\main\resources\systems\BPIC2012.xes,C:\projects\python\Anda\resources\models\BPIC2012_20000_ABSENCE_10.0_2_inductive.pnml,0.09280280427566234,0.9459580254941387,122
C:\projects\python\Anda\Stability_Java\src\main\resources\systems\RTFMS.xes,C:\projects\python\Anda\resources\models\RTFMS_4000_SUBSTITUTION_0.4_4_alpha.pnml,0.06666666666666665,0.42670132426675567,34
C:\projects\python\Anda\Stability_Java\src\main\resources\systems\RTFMS.xes,C:\projects\python\Anda\resources\models\RTFMS_4000_SUBSTITUTION_0.4_4_heuristics.pnml,0.2902753289794603,0.9316205600567309,80
C:\projects\python\Anda\Stability_Java\src\main\resources\systems\RTFMS.xes,C:\projects\python\Anda\resources\models\RTFMS_4000_SUBSTITUTION_0.4_4_inductive.pnml,0.29789985624015924,0.9999757260605014,79
C:\projects\python\Anda\Stability_Java\src\main\resources\systems\BPIC2012.xes,C:\projects\python\Anda\resources\models\BPIC2012_10000_ABSENCE_10.0_1_alpha.pnml,0.032258064516129004,0.563414538505251,38
C:\projects\python\Anda\Stability_Java\src\main\resources\systems\BPIC2012.xes,C:\projects\python\Anda\resources\models\BPIC2012_10000_ABSENCE_10.0_1_heuristics.pnml,0.3078578584769137,0.9753570747177376,129
C:\projects\python\Anda\Stability_Java\src\main\resources\systems\BPIC2012.xes,C:\projects\python\Anda\resources\models\BPIC2012_10000_ABSENCE_10.0_1_inductive.pnml,0.09280374845493766,0.9563721776911407,121
C:\projects\python\Anda\Stability_Java\src\main\resources\systems\RTFMS.xes,C:\projects\python\Anda\resources\models\RTFMS_20000_SUBSTITUTION_4.0_5_alpha.pnml,0.0016420361247947435,0.4205689928796663,381
C:\projects\python\Anda\Stability_Java\src\main\resources\systems\RTFMS.xes,C:\projects\python\Anda\resources\models\RTFMS_20000_SUBSTITUTION_4.0_5_heuristics.pnml,0.011292285993325879,0.9352257316353572,486
C:\projects\python\Anda\Stability_Java\src\main\resources\systems\RTFMS.xes,C:\projects\python\Anda\resources\models\RTFMS_20000_SUBSTITUTION_4.0_5_inductive.pnml,0.019177899884397998,0.9999994140833275,498
C:\projects\python\Anda\Stability_Java\src\main\resources\systems\BPIC2012.xes,C:\projects\python\Anda\resources\models\BPIC2012_20000_ORDERING_0.1_1_alpha.pnml,0.02941176470588236,0.4896597268566457,33
C:\projects\python\Anda\Stability_Java\src\main\resources\systems\BPIC2012.xes,C:\projects\python\Anda\resources\models\BPIC2012_20000_ORDERING_0.1_1_heuristics.pnml,0.27058658648455813,0.9798526870946707,127
C:\projects\python\Anda\Stability_Java\src\main\resources\systems\BPIC2012.xes,C:\projects\python\Anda\resources\models\BPIC2012_20000_ORDERING_0.1_1_inductive.pnml,0.12225592165477273,1.0,75
C:\projects\python\Anda\Stability_Java\src\main\resources\systems\Sepsis.xes,C:\projects\python\Anda\resources\models\Sepsis_4000_ABSENCE_0.4_3_alpha.pnml,0.4426422388436003,0.26588961197193384,22
C:\projects\python\Anda\Stability_Java\src\main\resources\systems\Sepsis.xes,C:\projects\python\Anda\resources\models\Sepsis_4000_ABSENCE_0.4_3_heuristics.pnml,0.7811300424270995,0.8945615359840644,117
C:\projects\python\Anda\Stability_Java\src\main\resources\systems\Sepsis.xes,C:\projects\python\Anda\resources\models\Sepsis_4000_ABSENCE_0.4_3_inductive.pnml,0.2475336831655084,1.0,95
C:\projects\python\Anda\Stability_Java\src\main\resources\systems\RTFMS.xes,C:\projects\python\Anda\resources\models\RTFMS_4000_MIXED_4.0_2_alpha.pnml,0.013333333333333308,0.46956288606325913,60
C:\projects\python\Anda\Stability_Java\src\main\resources\systems\RTFMS.xes,C:\projects\python\Anda\resources\models\RTFMS_4000_MIXED_4.0_2_heuristics.pnml,0.10541055290911938,0.9452028178820115,133
C:\projects\python\Anda\Stability_Java\src\main\resources\systems\RTFMS.xes,C:\projects\python\Anda\resources\models\RTFMS_4000_MIXED_4.0_2_inductive.pnml,0.12345744695410354,0.999999652769097,154
C:\projects\python\Anda\Stability_Java\src\main\resources\systems\RTFMS.xes,C:\projects\python\Anda\resources\models\RTFMS_100000_SUBSTITUTION_0.2_2_alpha.pnml,0.005235602094240788,0.42070855592092804,127
C:\projects\python\Anda\Stability_Java\src\main\resources\systems\RTFMS.xes,C:\projects\python\Anda\resources\models\RTFMS_100000_SUBSTITUTION_0.2_2_heuristics.pnml,0.049335465513189014,0.9389754315877714,199
C:\projects\python\Anda\Stability_Java\src\main\resources\systems\RTFMS.xes,C:\projects\python\Anda\resources\models\RTFMS_100000_SUBSTITUTION_0.2_2_inductive.pnml,0.04933289391961837,0.9999997151747309,237
C:\projects\python\Anda\Stability_Java\src\main\resources\systems\Sepsis.xes,C:\projects\python\Anda\resources\models\Sepsis_2000_ABSENCE_10.0_4_alpha.pnml,0.4425374390038701,0.23230977267281722,22
C:\projects\python\Anda\Stability_Java\src\main\resources\systems\Sepsis.xes,C:\projects\python\Anda\resources\models\Sepsis_2000_ABSENCE_10.0_4_heuristics.pnml,0.6681875393329137,0.9117087239572166,112
C:\projects\python\Anda\Stability_Java\src\main\resources\systems\Sepsis.xes,C:\projects\python\Anda\resources\models\Sepsis_2000_ABSENCE_10.0_4_inductive.pnml,0.2475336831655084,1.0,95
C:\projects\python\Anda\Stability_Java\src\main\resources\systems\Sepsis.xes,C:\projects\python\Anda\resources\models\Sepsis_1000_ORDERING_1.0_3_alpha.pnml,0.3965801139962001,0.24086618929881104,22
C:\projects\python\Anda\Stability_Java\src\main\resources\systems\Sepsis.xes,C:\projects\python\Anda\resources\models\Sepsis_1000_ORDERING_1.0_3_heuristics.pnml,0.6784117801735472,0.9099023866914524,98
C:\projects\python\Anda\Stability_Java\src\main\resources\systems\Sepsis.xes,C:\projects\python\Anda\resources\models\Sepsis_1000_ORDERING_1.0_3_inductive.pnml,0.25382928347459843,0.9999318710164926,91
C:\projects\python\Anda\Stability_Java\src\main\resources\systems\Sepsis.xes,C:\projects\python\Anda\resources\models\Sepsis_4000_ABSENCE_10.0_5_alpha.pnml,0.4426422388436003,0.26588961197193384,22
C:\projects\python\Anda\Stability_Java\src\main\resources\systems\Sepsis.xes,C:\projects\python\Anda\resources\models\Sepsis_4000_ABSENCE_10.0_5_heuristics.pnml,0.7692643845593591,0.8891758239298083,116
C:\projects\python\Anda\Stability_Java\src\main\resources\systems\Sepsis.xes,C:\projects\python\Anda\resources\models\Sepsis_4000_ABSENCE_10.0_5_inductive.pnml,0.2475336831655084,1.0,95
C:\projects\python\Anda\Stability_Java\src\main\resources\systems\Sepsis.xes,C:\projects\python\Anda\resources\models\Sepsis_10000_INSERTION_1.0_5_alpha.pnml,0.057254717719834036,0.1544742790694923,70
C:\projects\python\Anda\Stability_Java\src\main\resources\systems\Sepsis.xes,C:\projects\python\Anda\resources\models\Sepsis_10000_INSERTION_1.0_5_heuristics.pnml,0.2781075418994413,0.8980262963808722,171
C:\projects\python\Anda\Stability_Java\src\main\resources\systems\Sepsis.xes,C:\projects\python\Anda\resources\models\Sepsis_10000_INSERTION_1.0_5_inductive.pnml,0.07014429092973151,1.0,211
C:\projects\python\Anda\Stability_Java\src\main\resources\systems\Sepsis.xes,C:\projects\python\Anda\resources\models\Sepsis_4000_MIXED_1.0_3_alpha.pnml,0.17107079471504638,0.22083968652965524,34
C:\projects\python\Anda\Stability_Java\src\main\resources\systems\Sepsis.xes,C:\projects\python\Anda\resources\models\Sepsis_4000_MIXED_1.0_3_heuristics.pnml,0.5966870723802664,0.8945615359840644,126
C:\projects\python\Anda\Stability_Java\src\main\resources\systems\Sepsis.xes,C:\projects\python\Anda\resources\models\Sepsis_4000_MIXED_1.0_3_inductive.pnml,0.15016176506361134,1.0,135
C:\projects\python\Anda\Stability_Java\src\main\resources\systems\RTFMS.xes,C:\projects\python\Anda\resources\models\RTFMS_100000_ABSENCE_0.4_3_alpha.pnml,0.2857115715456878,0.6406532187867311,26
C:\projects\python\Anda\Stability_Java\src\main\resources\systems\RTFMS.xes,C:\projects\python\Anda\resources\models\RTFMS_100000_ABSENCE_0.4_3_heuristics.pnml,0.7156626283177656,0.929584463796654,74
C:\projects\python\Anda\Stability_Java\src\main\resources\systems\RTFMS.xes,C:\projects\python\Anda\resources\models\RTFMS_100000_ABSENCE_0.4_3_inductive.pnml,0.41459041068084246,1.0,62
C:\projects\python\Anda\Stability_Java\src\main\resources\systems\BPIC2012.xes,C:\projects\python\Anda\resources\models\BPIC2012_1000_MIXED_2.0_5_alpha.pnml,0.0,0.41568402061445253,41
C:\projects\python\Anda\Stability_Java\src\main\resources\systems\BPIC2012.xes,C:\projects\python\Anda\resources\models\BPIC2012_1000_MIXED_2.0_5_heuristics.pnml,0.29138623262952756,0.9845244170270062,124
C:\projects\python\Anda\Stability_Java\src\main\resources\systems\BPIC2012.xes,C:\projects\python\Anda\resources\models\BPIC2012_1000_MIXED_2.0_5_inductive.pnml,0.12076763988102979,0.9829174456738861,181
C:\projects\python\Anda\Stability_Java\src\main\resources\systems\BPIC2012.xes,C:\projects\python\Anda\resources\models\BPIC2012_2000_INSERTION_1.0_5_alpha.pnml,0.02777777777777779,0.4631177413850827,42
C:\projects\python\Anda\Stability_Java\src\main\resources\systems\BPIC2012.xes,C:\projects\python\Anda\resources\models\BPIC2012_2000_INSERTION_1.0_5_heuristics.pnml,0.2697812225100482,0.9833990618839219,123
C:\projects\python\Anda\Stability_Java\src\main\resources\systems\BPIC2012.xes,C:\projects\python\Anda\resources\models\BPIC2012_2000_INSERTION_1.0_5_inductive.pnml,0.09327835999928846,0.9996744208667268,177
C:\projects\python\Anda\Stability_Java\src\main\resources\systems\BPIC2012.xes,C:\projects\python\Anda\resources\models\BPIC2012_4000_ABSENCE_4.0_4_alpha.pnml,0.032258064516129004,0.5456897887993133,37
C:\projects\python\Anda\Stability_Java\src\main\resources\systems\BPIC2012.xes,C:\projects\python\Anda\resources\models\BPIC2012_4000_ABSENCE_4.0_4_heuristics.pnml,0.2705479801068036,0.9770218421753976,126
C:\projects\python\Anda\Stability_Java\src\main\resources\systems\BPIC2012.xes,C:\projects\python\Anda\resources\models\BPIC2012_4000_ABSENCE_4.0_4_inductive.pnml,0.09625461600488949,0.9745731515696805,149
C:\projects\python\Anda\Stability_Java\src\main\resources\systems\BPIC2012.xes,C:\projects\python\Anda\resources\models\BPIC2012_20000_ORDERING_2.0_1_alpha.pnml,0.0,0.22270077401859428,44
C:\projects\python\Anda\Stability_Java\src\main\resources\systems\BPIC2012.xes,C:\projects\python\Anda\resources\models\BPIC2012_20000_ORDERING_2.0_1_heuristics.pnml,0.2976241724416383,0.9752576351198685,136
C:\projects\python\Anda\Stability_Java\src\main\resources\systems\BPIC2012.xes,C:\projects\python\Anda\resources\models\BPIC2012_20000_ORDERING_2.0_1_inductive.pnml,0.09454652769615646,0.9862506830128146,112
C:\projects\python\Anda\Stability_Java\src\main\resources\systems\RTFMS.xes,C:\projects\python\Anda\resources\models\RTFMS_40000_MIXED_4.0_2_alpha.pnml,0.0014727540500736325,0.4207033595377725,419
C:\projects\python\Anda\Stability_Java\src\main\resources\systems\RTFMS.xes,C:\projects\python\Anda\resources\models\RTFMS_40000_MIXED_4.0_2_heuristics.pnml,0.01614088622136889,0.9457538569948875,511
C:\projects\python\Anda\Stability_Java\src\main\resources\systems\RTFMS.xes,C:\projects\python\Anda\resources\models\RTFMS_40000_MIXED_4.0_2_inductive.pnml,0.016878592394735548,1.0,560
C:\projects\python\Anda\Stability_Java\src\main\resources\systems\Sepsis.xes,C:\projects\python\Anda\resources\models\Sepsis_100000_INSERTION_0.4_2_alpha.pnml,0.017889941958709854,0.14156746466579762,209
C:\projects\python\Anda\Stability_Java\src\main\resources\systems\Sepsis.xes,C:\projects\python\Anda\resources\models\Sepsis_100000_INSERTION_0.4_2_heuristics.pnml,0.09934385297661386,0.9011550594679465,328
C:\projects\python\Anda\Stability_Java\src\main\resources\systems\Sepsis.xes,C:\projects\python\Anda\resources\models\Sepsis_100000_INSERTION_0.4_2_inductive.pnml,0.024408690330614324,1.0,375
C:\projects\python\Anda\Stability_Java\src\main\resources\systems\Sepsis.xes,C:\projects\python\Anda\resources\models\Sepsis_100000_ORDERING_10.0_3_alpha.pnml,0.43018094912939575,0.12194326809519229,22
C:\projects\python\Anda\Stability_Java\src\main\resources\systems\Sepsis.xes,C:\projects\python\Anda\resources\models\Sepsis_100000_ORDERING_10.0_3_heuristics.pnml,0.47352928058516575,0.8917065378791988,132
C:\projects\python\Anda\Stability_Java\src\main\resources\systems\Sepsis.xes,C:\projects\python\Anda\resources\models\Sepsis_100000_ORDERING_10.0_3_inductive.pnml,0.25279677088226593,1.0,91
C:\projects\python\Anda\Stability_Java\src\main\resources\systems\Sepsis.xes,C:\projects\python\Anda\resources\models\Sepsis_20000_ABSENCE_10.0_5_alpha.pnml,0.4425374390038701,0.28362472633026325,23
C:\projects\python\Anda\Stability_Java\src\main\resources\systems\Sepsis.xes,C:\projects\python\Anda\resources\models\Sepsis_20000_ABSENCE_10.0_5_heuristics.pnml,0.7388924893785556,0.8856534946663714,113
C:\projects\python\Anda\Stability_Java\src\main\resources\systems\Sepsis.xes,C:\projects\python\Anda\resources\models\Sepsis_20000_ABSENCE_10.0_5_inductive.pnml,0.2475336831655084,1.0,95
C:\projects\python\Anda\Stability_Java\src\main\resources\systems\Sepsis.xes,C:\projects\python\Anda\resources\models\Sepsis_4000_SUBSTITUTION_1.0_5_alpha.pnml,0.17370646647978338,0.2070498805179985,35
C:\projects\python\Anda\Stability_Java\src\main\resources\systems\Sepsis.xes,C:\projects\python\Anda\resources\models\Sepsis_4000_SUBSTITUTION_1.0_5_heuristics.pnml,0.477816683831102,0.8945615359840644,131
C:\projects\python\Anda\Stability_Java\src\main\resources\systems\Sepsis.xes,C:\projects\python\Anda\resources\models\Sepsis_4000_SUBSTITUTION_1.0_5_inductive.pnml,0.12773381810943174,1.0,141
C:\projects\python\Anda\Stability_Java\src\main\resources\systems\BPIC2012.xes,C:\projects\python\Anda\resources\models\BPIC2012_1000_MIXED_0.2_2_alpha.pnml,0.10460906942017856,0.5586479208127507,35
C:\projects\python\Anda\Stability_Java\src\main\resources\systems\BPIC2012.xes,C:\projects\python\Anda\resources\models\BPIC2012_1000_MIXED_0.2_2_heuristics.pnml,0.31359728640007933,0.9836055030938811,111
C:\projects\python\Anda\Stability_Java\src\main\resources\systems\BPIC2012.xes,C:\projects\python\Anda\resources\models\BPIC2012_1000_MIXED_0.2_2_inductive.pnml,0.1253389657753773,0.996447556726114,139
C:\projects\python\Anda\Stability_Java\src\main\resources\systems\BPIC2012.xes,C:\projects\python\Anda\resources\models\BPIC2012_40000_ABSENCE_2.0_4_alpha.pnml,0.032258064516129004,0.563414538505251,38
C:\projects\python\Anda\Stability_Java\src\main\resources\systems\BPIC2012.xes,C:\projects\python\Anda\resources\models\BPIC2012_40000_ABSENCE_2.0_4_heuristics.pnml,0.36471013284419984,0.9785070618306854,129
C:\projects\python\Anda\Stability_Java\src\main\resources\systems\BPIC2012.xes,C:\projects\python\Anda\resources\models\BPIC2012_40000_ABSENCE_2.0_4_inductive.pnml,0.11555249331607864,0.9910439085742351,111
C:\projects\python\Anda\Stability_Java\src\main\resources\systems\RTFMS.xes,C:\projects\python\Anda\resources\models\RTFMS_10000_INSERTION_0.2_4_alpha.pnml,0.0,0.30521919426001065,37
C:\projects\python\Anda\Stability_Java\src\main\resources\systems\RTFMS.xes,C:\projects\python\Anda\resources\models\RTFMS_10000_INSERTION_0.2_4_heuristics.pnml,0.3514153945745253,0.946362305762612,80
C:\projects\python\Anda\Stability_Java\src\main\resources\systems\RTFMS.xes,C:\projects\python\Anda\resources\models\RTFMS_10000_INSERTION_0.2_4_inductive.pnml,0.25882768823577074,0.9991413321618656,86
C:\projects\python\Anda\Stability_Java\src\main\resources\systems\Sepsis.xes,C:\projects\python\Anda\resources\models\Sepsis_2000_SUBSTITUTION_10.0_1_alpha.pnml,0.049442595830278435,0.13883116455164923,119
C:\projects\python\Anda\Stability_Java\src\main\resources\systems\Sepsis.xes,C:\projects\python\Anda\resources\models\Sepsis_2000_SUBSTITUTION_10.0_1_heuristics.pnml,0.15460314763805805,0.9106109134615934,236
C:\projects\python\Anda\Stability_Java\src\main\resources\systems\Sepsis.xes,C:\projects\python\Anda\resources\models\Sepsis_2000_SUBSTITUTION_10.0_1_inductive.pnml,0.040343652397744734,1.0,282
C:\projects\python\Anda\Stability_Java\src\main\resources\systems\Sepsis.xes,C:\projects\python\Anda\resources\models\Sepsis_10000_INSERTION_0.1_1_alpha.pnml,0.2984430290162774,0.23045952427401079,30
C:\projects\python\Anda\Stability_Java\src\main\resources\systems\Sepsis.xes,C:\projects\python\Anda\resources\models\Sepsis_10000_INSERTION_0.1_1_heuristics.pnml,0.626117716419377,0.9014909464662324,115
C:\projects\python\Anda\Stability_Java\src\main\resources\systems\Sepsis.xes,C:\projects\python\Anda\resources\models\Sepsis_10000_INSERTION_0.1_1_inductive.pnml,0.2001794753796594,1.0,117
C:\projects\python\Anda\Stability_Java\src\main\resources\systems\RTFMS.xes,C:\projects\python\Anda\resources\models\RTFMS_40000_MIXED_4.0_5_alpha.pnml,0.0015974440894568342,0.4200280858853614,364
C:\projects\python\Anda\Stability_Java\src\main\resources\systems\RTFMS.xes,C:\projects\python\Anda\resources\models\RTFMS_40000_MIXED_4.0_5_heuristics.pnml,0.01993606560676997,0.9453717556272472,461
C:\projects\python\Anda\Stability_Java\src\main\resources\systems\RTFMS.xes,C:\projects\python\Anda\resources\models\RTFMS_40000_MIXED_4.0_5_inductive.pnml,0.017805672377792847,0.9999996807407835,492
C:\projects\python\Anda\Stability_Java\src\main\resources\systems\BPIC2012.xes,C:\projects\python\Anda\resources\models\BPIC2012_20000_ABSENCE_1.0_3_alpha.pnml,0.032258064516129004,0.5575463218292243,38
C:\projects\python\Anda\Stability_Java\src\main\resources\systems\BPIC2012.xes,C:\projects\python\Anda\resources\models\BPIC2012_20000_ABSENCE_1.0_3_heuristics.pnml,0.27286211776556224,0.977017734496662,129
C:\projects\python\Anda\Stability_Java\src\main\resources\systems\BPIC2012.xes,C:\projects\python\Anda\resources\models\BPIC2012_20000_ABSENCE_1.0_3_inductive.pnml,0.09523770945353116,0.985094476441347,135
C:\projects\python\Anda\Stability_Java\src\main\resources\systems\Sepsis.xes,C:\projects\python\Anda\resources\models\Sepsis_2000_SUBSTITUTION_4.0_2_alpha.pnml,0.07486803834967148,0.22559221948750968,67
C:\projects\python\Anda\Stability_Java\src\main\resources\systems\Sepsis.xes,C:\projects\python\Anda\resources\models\Sepsis_2000_SUBSTITUTION_4.0_2_heuristics.pnml,0.27392860222471327,0.9061644844673774,170
C:\projects\python\Anda\Stability_Java\src\main\resources\systems\Sepsis.xes,C:\projects\python\Anda\resources\models\Sepsis_2000_SUBSTITUTION_4.0_2_inductive.pnml,0.08191799751416584,1.0,211
C:\projects\python\Anda\Stability_Java\src\main\resources\systems\Sepsis.xes,C:\projects\python\Anda\resources\models\Sepsis_40000_ABSENCE_2.0_5_alpha.pnml,0.4426422388436003,0.26588961197193384,22
C:\projects\python\Anda\Stability_Java\src\main\resources\systems\Sepsis.xes,C:\projects\python\Anda\resources\models\Sepsis_40000_ABSENCE_2.0_5_heuristics.pnml,0.7033112582781457,0.89721291069021,107
C:\projects\python\Anda\Stability_Java\src\main\resources\systems\Sepsis.xes,C:\projects\python\Anda\resources\models\Sepsis_40000_ABSENCE_2.0_5_inductive.pnml,0.2475336831655084,1.0,95
C:\projects\python\Anda\Stability_Java\src\main\resources\systems\BPIC2012.xes,C:\projects\python\Anda\resources\models\BPIC2012_40000_ABSENCE_0.1_1_alpha.pnml,0.032258064516129004,0.5436803133724853,36
C:\projects\python\Anda\Stability_Java\src\main\resources\systems\BPIC2012.xes,C:\projects\python\Anda\resources\models\BPIC2012_40000_ABSENCE_0.1_1_heuristics.pnml,0.3686083218339187,0.9793611034501402,123
C:\projects\python\Anda\Stability_Java\src\main\resources\systems\BPIC2012.xes,C:\projects\python\Anda\resources\models\BPIC2012_40000_ABSENCE_0.1_1_inductive.pnml,0.10064791104657622,0.9737805792991241,140
C:\projects\python\Anda\Stability_Java\src\main\resources\systems\RTFMS.xes,C:\projects\python\Anda\resources\models\RTFMS_40000_INSERTION_0.2_5_alpha.pnml,0.05334472442932414,0.630196640174201,59
C:\projects\python\Anda\Stability_Java\src\main\resources\systems\RTFMS.xes,C:\projects\python\Anda\resources\models\RTFMS_40000_INSERTION_0.2_5_heuristics.pnml,0.12450138110161646,0.9459403909852342,115
C:\projects\python\Anda\Stability_Java\src\main\resources\systems\RTFMS.xes,C:\projects\python\Anda\resources\models\RTFMS_40000_INSERTION_0.2_5_inductive.pnml,0.13484217501590623,0.9999993998538044,146
C:\projects\python\Anda\Stability_Java\src\main\resources\systems\Sepsis.xes,C:\projects\python\Anda\resources\models\Sepsis_4000_INSERTION_4.0_2_alpha.pnml,0.037281407574294656,0.13876855787694575,94
C:\projects\python\Anda\Stability_Java\src\main\resources\systems\Sepsis.xes,C:\projects\python\Anda\resources\models\Sepsis_4000_INSERTION_4.0_2_heuristics.pnml,0.23992534318054104,0.8959054647170301,214
C:\projects\python\Anda\Stability_Java\src\main\resources\systems\Sepsis.xes,C:\projects\python\Anda\resources\models\Sepsis_4000_INSERTION_4.0_2_inductive.pnml,0.04971221283945437,1.0,255
C:\projects\python\Anda\Stability_Java\src\main\resources\systems\Sepsis.xes,C:\projects\python\Anda\resources\models\Sepsis_1000_MIXED_0.4_2_alpha.pnml,0.39660523149027804,0.24104736592894777,23
C:\projects\python\Anda\Stability_Java\src\main\resources\systems\Sepsis.xes,C:\projects\python\Anda\resources\models\Sepsis_1000_MIXED_0.4_2_heuristics.pnml,0.6784117801735472,0.9099023866914524,98
C:\projects\python\Anda\Stability_Java\src\main\resources\systems\Sepsis.xes,C:\projects\python\Anda\resources\models\Sepsis_1000_MIXED_0.4_2_inductive.pnml,0.28341533214418724,0.9999801295552995,90
C:\projects\python\Anda\Stability_Java\src\main\resources\systems\RTFMS.xes,C:\projects\python\Anda\resources\models\RTFMS_40000_INSERTION_1.0_2_alpha.pnml,0.002849002849002802,0.4479315444134738,210
C:\projects\python\Anda\Stability_Java\src\main\resources\systems\RTFMS.xes,C:\projects\python\Anda\resources\models\RTFMS_40000_INSERTION_1.0_2_heuristics.pnml,0.03038738453831924,0.9457824217518591,289
C:\projects\python\Anda\Stability_Java\src\main\resources\systems\RTFMS.xes,C:\projects\python\Anda\resources\models\RTFMS_40000_INSERTION_1.0_2_inductive.pnml,0.03723831931996069,1.0,323
C:\projects\python\Anda\Stability_Java\src\main\resources\systems\RTFMS.xes,C:\projects\python\Anda\resources\models\RTFMS_2000_INSERTION_4.0_3_alpha.pnml,0.052441152509725364,0.5834494030590875,57
C:\projects\python\Anda\Stability_Java\src\main\resources\systems\RTFMS.xes,C:\projects\python\Anda\resources\models\RTFMS_2000_INSERTION_4.0_3_heuristics.pnml,0.14893740154101054,0.9459878642743189,121
C:\projects\python\Anda\Stability_Java\src\main\resources\systems\RTFMS.xes,C:\projects\python\Anda\resources\models\RTFMS_2000_INSERTION_4.0_3_inductive.pnml,0.13167428134031567,0.9999667638981931,142
C:\projects\python\Anda\Stability_Java\src\main\resources\systems\RTFMS.xes,C:\projects\python\Anda\resources\models\RTFMS_4000_ORDERING_2.0_4_alpha.pnml,0.16666666666666663,0.3959713508267027,22
C:\projects\python\Anda\Stability_Java\src\main\resources\systems\RTFMS.xes,C:\projects\python\Anda\resources\models\RTFMS_4000_ORDERING_2.0_4_heuristics.pnml,0.4501112666123427,0.9311817675072738,80
C:\projects\python\Anda\Stability_Java\src\main\resources\systems\RTFMS.xes,C:\projects\python\Anda\resources\models\RTFMS_4000_ORDERING_2.0_4_inductive.pnml,0.41190173324870927,0.9999633377328054,32
C:\projects\python\Anda\Stability_Java\src\main\resources\systems\RTFMS.xes,C:\projects\python\Anda\resources\models\RTFMS_2000_MIXED_0.4_2_alpha.pnml,0.3276520268797992,0.6377226990758249,29
C:\projects\python\Anda\Stability_Java\src\main\resources\systems\RTFMS.xes,C:\projects\python\Anda\resources\models\RTFMS_2000_MIXED_0.4_2_heuristics.pnml,0.6866666333561511,0.9255365919028102,69
C:\projects\python\Anda\Stability_Java\src\main\resources\systems\RTFMS.xes,C:\projects\python\Anda\resources\models\RTFMS_2000_MIXED_0.4_2_inductive.pnml,0.5170608118422857,0.9999342641737533,70
C:\projects\python\Anda\Stability_Java\src\main\resources\systems\Sepsis.xes,C:\projects\python\Anda\resources\models\Sepsis_1000_MIXED_0.4_3_alpha.pnml,0.39660523149027804,0.24104736592894777,23
C:\projects\python\Anda\Stability_Java\src\main\resources\systems\Sepsis.xes,C:\projects\python\Anda\resources\models\Sepsis_1000_MIXED_0.4_3_heuristics.pnml,0.6784117801735472,0.9099023866914524,98
C:\projects\python\Anda\Stability_Java\src\main\resources\systems\Sepsis.xes,C:\projects\python\Anda\resources\models\Sepsis_1000_MIXED_0.4_3_inductive.pnml,0.2538721126432769,0.9999416039449582,92
C:\projects\python\Anda\Stability_Java\src\main\resources\systems\BPIC2012.xes,C:\projects\python\Anda\resources\models\BPIC2012_20000_INSERTION_4.0_4_alpha.pnml,0.0012626262626262985,0.11142032820675674,451
C:\projects\python\Anda\Stability_Java\src\main\resources\systems\BPIC2012.xes,C:\projects\python\Anda\resources\models\BPIC2012_20000_INSERTION_4.0_4_heuristics.pnml,0.044576202876318805,0.9753233078943093,604
C:\projects\python\Anda\Stability_Java\src\main\resources\systems\BPIC2012.xes,C:\projects\python\Anda\resources\models\BPIC2012_20000_INSERTION_4.0_4_inductive.pnml,0.012361344927148576,1.0,781
C:\projects\python\Anda\Stability_Java\src\main\resources\systems\RTFMS.xes,C:\projects\python\Anda\resources\models\RTFMS_20000_ABSENCE_1.0_4_alpha.pnml,0.5,0.6297079081261633,27
C:\projects\python\Anda\Stability_Java\src\main\resources\systems\RTFMS.xes,C:\projects\python\Anda\resources\models\RTFMS_20000_ABSENCE_1.0_4_heuristics.pnml,0.6717019199834231,0.9332252614058996,63
C:\projects\python\Anda\Stability_Java\src\main\resources\systems\RTFMS.xes,C:\projects\python\Anda\resources\models\RTFMS_20000_ABSENCE_1.0_4_inductive.pnml,0.4838523894789444,0.9999990793872033,41
C:\projects\python\Anda\Stability_Java\src\main\resources\systems\BPIC2012.xes,C:\projects\python\Anda\resources\models\BPIC2012_4000_ORDERING_0.2_2_alpha.pnml,0.03125,0.43765906017661305,33
C:\projects\python\Anda\Stability_Java\src\main\resources\systems\BPIC2012.xes,C:\projects\python\Anda\resources\models\BPIC2012_4000_ORDERING_0.2_2_heuristics.pnml,0.2683107243813464,0.9798589242710677,127
C:\projects\python\Anda\Stability_Java\src\main\resources\systems\BPIC2012.xes,C:\projects\python\Anda\resources\models\BPIC2012_4000_ORDERING_0.2_2_inductive.pnml,0.10542075381550231,0.9679020220925512,139
C:\projects\python\Anda\Stability_Java\src\main\resources\systems\Sepsis.xes,C:\projects\python\Anda\resources\models\Sepsis_1000_ORDERING_1.0_1_alpha.pnml,0.39660523149027804,0.24104736592894777,23
C:\projects\python\Anda\Stability_Java\src\main\resources\systems\Sepsis.xes,C:\projects\python\Anda\resources\models\Sepsis_1000_ORDERING_1.0_1_heuristics.pnml,0.6784117801735472,0.9099023866914524,98
C:\projects\python\Anda\Stability_Java\src\main\resources\systems\Sepsis.xes,C:\projects\python\Anda\resources\models\Sepsis_1000_ORDERING_1.0_1_inductive.pnml,0.25382928347459843,0.9999318710164926,91
C:\projects\python\Anda\Stability_Java\src\main\resources\systems\BPIC2012.xes,C:\projects\python\Anda\resources\models\BPIC2012_2000_INSERTION_0.1_3_alpha.pnml,0.09319523998028778,0.50827670469591,31
C:\projects\python\Anda\Stability_Java\src\main\resources\systems\BPIC2012.xes,C:\projects\python\Anda\resources\models\BPIC2012_2000_INSERTION_0.1_3_heuristics.pnml,0.29748148088602355,0.9822255027715899,104
C:\projects\python\Anda\Stability_Java\src\main\resources\systems\BPIC2012.xes,C:\projects\python\Anda\resources\models\BPIC2012_2000_INSERTION_0.1_3_inductive.pnml,0.12877412982328063,0.9738615634863295,136
C:\projects\python\Anda\Stability_Java\src\main\resources\systems\RTFMS.xes,C:\projects\python\Anda\resources\models\RTFMS_100000_MIXED_0.4_4_alpha.pnml,0.012577875636369695,0.42361110608668656,102
C:\projects\python\Anda\Stability_Java\src\main\resources\systems\RTFMS.xes,C:\projects\python\Anda\resources\models\RTFMS_100000_MIXED_0.4_4_heuristics.pnml,0.06524278331743683,0.9478751635485161,184
C:\projects\python\Anda\Stability_Java\src\main\resources\systems\RTFMS.xes,C:\projects\python\Anda\resources\models\RTFMS_100000_MIXED_0.4_4_inductive.pnml,0.060944535856092164,0.9999997062112619,214
C:\projects\python\Anda\Stability_Java\src\main\resources\systems\Sepsis.xes,C:\projects\python\Anda\resources\models\Sepsis_2000_SUBSTITUTION_1.0_4_alpha.pnml,0.26931533466278057,0.20024236037409643,30
C:\projects\python\Anda\Stability_Java\src\main\resources\systems\Sepsis.xes,C:\projects\python\Anda\resources\models\Sepsis_2000_SUBSTITUTION_1.0_4_heuristics.pnml,0.5348180534681423,0.9032809084797411,120
C:\projects\python\Anda\Stability_Java\src\main\resources\systems\Sepsis.xes,C:\projects\python\Anda\resources\models\Sepsis_2000_SUBSTITUTION_1.0_4_inductive.pnml,0.15412958570383972,1.0,121
C:\projects\python\Anda\Stability_Java\src\main\resources\systems\RTFMS.xes,C:\projects\python\Anda\resources\models\RTFMS_40000_MIXED_10.0_2_alpha.pnml,0.0005906674542233148,0.42189049701264947,1004
C:\projects\python\Anda\Stability_Java\src\main\resources\systems\RTFMS.xes,C:\projects\python\Anda\resources\models\RTFMS_40000_MIXED_10.0_2_heuristics.pnml,0.006198090311500204,0.9453996454628912,1149
C:\projects\python\Anda\Stability_Java\src\main\resources\systems\RTFMS.xes,C:\projects\python\Anda\resources\models\RTFMS_40000_MIXED_10.0_2_inductive.pnml,0.006961388498706533,1.0,1162
C:\projects\python\Anda\Stability_Java\src\main\resources\systems\BPIC2012.xes,C:\projects\python\Anda\resources\models\BPIC2012_100000_ORDERING_0.4_5_alpha.pnml,0.0,0.18344506379799175,39
C:\projects\python\Anda\Stability_Java\src\main\resources\systems\BPIC2012.xes,C:\projects\python\Anda\resources\models\BPIC2012_100000_ORDERING_0.4_5_heuristics.pnml,0.28072900897514874,0.9715110727021954,142
C:\projects\python\Anda\Stability_Java\src\main\resources\systems\BPIC2012.xes,C:\projects\python\Anda\resources\models\BPIC2012_100000_ORDERING_0.4_5_inductive.pnml,0.09967671885774798,0.9951818044372065,156
C:\projects\python\Anda\Stability_Java\src\main\resources\systems\Sepsis.xes,C:\projects\python\Anda\resources\models\Sepsis_40000_MIXED_10.0_5_alpha.pnml,0.003225806451612856,0.12892927308447932,990
C:\projects\python\Anda\Stability_Java\src\main\resources\systems\Sepsis.xes,C:\projects\python\Anda\resources\models\Sepsis_40000_MIXED_10.0_5_heuristics.pnml,0.022666814690196713,0.8953920784543543,1182
C:\projects\python\Anda\Stability_Java\src\main\resources\systems\Sepsis.xes,C:\projects\python\Anda\resources\models\Sepsis_40000_MIXED_10.0_5_inductive.pnml,0.005031970205348513,1.0,1214
C:\projects\python\Anda\Stability_Java\src\main\resources\systems\BPIC2012.xes,C:\projects\python\Anda\resources\models\BPIC2012_20000_SUBSTITUTION_10.0_5_alpha.pnml,0.0005175983436852549,0.09430950553627859,1058
C:\projects\python\Anda\Stability_Java\src\main\resources\systems\BPIC2012.xes,C:\projects\python\Anda\resources\models\BPIC2012_20000_SUBSTITUTION_10.0_5_heuristics.pnml,0.017881812622014936,0.9699220792265564,1300
C:\projects\python\Anda\Stability_Java\src\main\resources\systems\BPIC2012.xes,C:\projects\python\Anda\resources\models\BPIC2012_20000_SUBSTITUTION_10.0_5_inductive.pnml,0.00502499326571848,1.0,1406
C:\projects\python\Anda\Stability_Java\src\main\resources\systems\Sepsis.xes,C:\projects\python\Anda\resources\models\Sepsis_4000_ABSENCE_0.4_4_alpha.pnml,0.4426422388436003,0.26588961197193384,22
C:\projects\python\Anda\Stability_Java\src\main\resources\systems\Sepsis.xes,C:\projects\python\Anda\resources\models\Sepsis_4000_ABSENCE_0.4_4_heuristics.pnml,0.7692643845593591,0.8912845330163215,114
C:\projects\python\Anda\Stability_Java\src\main\resources\systems\Sepsis.xes,C:\projects\python\Anda\resources\models\Sepsis_4000_ABSENCE_0.4_4_inductive.pnml,0.2475336831655084,1.0,95
C:\projects\python\Anda\Stability_Java\src\main\resources\systems\Sepsis.xes,C:\projects\python\Anda\resources\models\Sepsis_4000_INSERTION_1.0_3_alpha.pnml,0.09389544322978682,0.1415074017777997,44
C:\projects\python\Anda\Stability_Java\src\main\resources\systems\Sepsis.xes,C:\projects\python\Anda\resources\models\Sepsis_4000_INSERTION_1.0_3_heuristics.pnml,0.5519390911253866,0.8921918258914188,149
C:\projects\python\Anda\Stability_Java\src\main\resources\systems\Sepsis.xes,C:\projects\python\Anda\resources\models\Sepsis_4000_INSERTION_1.0_3_inductive.pnml,0.10832913347120465,1.0,155
C:\projects\python\Anda\Stability_Java\src\main\resources\systems\RTFMS.xes,C:\projects\python\Anda\resources\models\RTFMS_40000_MIXED_10.0_1_alpha.pnml,0.0006035003017501595,0.4215548682577641,1005
C:\projects\python\Anda\Stability_Java\src\main\resources\systems\RTFMS.xes,C:\projects\python\Anda\resources\models\RTFMS_40000_MIXED_10.0_1_heuristics.pnml,0.006012167566206372,0.9451590753528365,1151
C:\projects\python\Anda\Stability_Java\src\main\resources\systems\RTFMS.xes,C:\projects\python\Anda\resources\models\RTFMS_40000_MIXED_10.0_1_inductive.pnml,0.007157619180545249,1.0,1160
C:\projects\python\Anda\Stability_Java\src\main\resources\systems\RTFMS.xes,C:\projects\python\Anda\resources\models\RTFMS_2000_ORDERING_1.0_1_alpha.pnml,0.16666666666666663,0.37708876135869207,23
C:\projects\python\Anda\Stability_Java\src\main\resources\systems\RTFMS.xes,C:\projects\python\Anda\resources\models\RTFMS_2000_ORDERING_1.0_1_heuristics.pnml,0.6033741824900072,0.9370393013228333,73
C:\projects\python\Anda\Stability_Java\src\main\resources\systems\RTFMS.xes,C:\projects\python\Anda\resources\models\RTFMS_2000_ORDERING_1.0_1_inductive.pnml,0.3973418542207535,0.9999397486443654,51
C:\projects\python\Anda\Stability_Java\src\main\resources\systems\RTFMS.xes,C:\projects\python\Anda\resources\models\RTFMS_4000_ABSENCE_1.0_1_alpha.pnml,0.5,0.6063278443657869,30
C:\projects\python\Anda\Stability_Java\src\main\resources\systems\RTFMS.xes,C:\projects\python\Anda\resources\models\RTFMS_4000_ABSENCE_1.0_1_heuristics.pnml,0.6714851862956199,0.9316559451184245,71
C:\projects\python\Anda\Stability_Java\src\main\resources\systems\RTFMS.xes,C:\projects\python\Anda\resources\models\RTFMS_4000_ABSENCE_1.0_1_inductive.pnml,0.5204544162709341,0.9999671576555049,46
C:\projects\python\Anda\Stability_Java\src\main\resources\systems\Sepsis.xes,C:\projects\python\Anda\resources\models\Sepsis_20000_SUBSTITUTION_1.0_1_alpha.pnml,0.049442595830278435,0.13883116455164923,119
C:\projects\python\Anda\Stability_Java\src\main\resources\systems\Sepsis.xes,C:\projects\python\Anda\resources\models\Sepsis_20000_SUBSTITUTION_1.0_1_heuristics.pnml,0.16004621547967401,0.8982991392705193,222
C:\projects\python\Anda\Stability_Java\src\main\resources\systems\Sepsis.xes,C:\projects\python\Anda\resources\models\Sepsis_20000_SUBSTITUTION_1.0_1_inductive.pnml,0.040343652397744734,1.0,282
C:\projects\python\Anda\Stability_Java\src\main\resources\systems\RTFMS.xes,C:\projects\python\Anda\resources\models\RTFMS_20000_ABSENCE_10.0_4_alpha.pnml,0.5,0.6292604440814873,27
C:\projects\python\Anda\Stability_Java\src\main\resources\systems\RTFMS.xes,C:\projects\python\Anda\resources\models\RTFMS_20000_ABSENCE_10.0_4_heuristics.pnml,0.6717019199834231,0.9331942996324382,64
C:\projects\python\Anda\Stability_Java\src\main\resources\systems\RTFMS.xes,C:\projects\python\Anda\resources\models\RTFMS_20000_ABSENCE_10.0_4_inductive.pnml,0.4838523894789444,0.9999990793872033,41
C:\projects\python\Anda\Stability_Java\src\main\resources\systems\BPIC2012.xes,C:\projects\python\Anda\resources\models\BPIC2012_1000_MIXED_0.1_3_alpha.pnml,0.03125,0.5112589605011784,37
C:\projects\python\Anda\Stability_Java\src\main\resources\systems\BPIC2012.xes,C:\projects\python\Anda\resources\models\BPIC2012_1000_MIXED_0.1_3_heuristics.pnml,0.31359728640007933,0.9840447784341055,113
C:\projects\python\Anda\Stability_Java\src\main\resources\systems\BPIC2012.xes,C:\projects\python\Anda\resources\models\BPIC2012_1000_MIXED_0.1_3_inductive.pnml,0.11899905818319745,0.9925277307992086,136
C:\projects\python\Anda\Stability_Java\src\main\resources\systems\BPIC2012.xes,C:\projects\python\Anda\resources\models\BPIC2012_10000_INSERTION_0.1_3_alpha.pnml,0.08669780010491568,0.5217073774792009,31
C:\projects\python\Anda\Stability_Java\src\main\resources\systems\BPIC2012.xes,C:\projects\python\Anda\resources\models\BPIC2012_10000_INSERTION_0.1_3_heuristics.pnml,0.26667738174539846,0.977245102613485,123
C:\projects\python\Anda\Stability_Java\src\main\resources\systems\BPIC2012.xes,C:\projects\python\Anda\resources\models\BPIC2012_10000_INSERTION_0.1_3_inductive.pnml,0.0967702975321647,1.0,141
C:\projects\python\Anda\Stability_Java\src\main\resources\systems\Sepsis.xes,C:\projects\python\Anda\resources\models\Sepsis_20000_MIXED_0.2_3_alpha.pnml,0.17107079471504638,0.22083968652965524,34
C:\projects\python\Anda\Stability_Java\src\main\resources\systems\Sepsis.xes,C:\projects\python\Anda\resources\models\Sepsis_20000_MIXED_0.2_3_heuristics.pnml,0.5473051320592657,0.8969441018992028,116
C:\projects\python\Anda\Stability_Java\src\main\resources\systems\Sepsis.xes,C:\projects\python\Anda\resources\models\Sepsis_20000_MIXED_0.2_3_inductive.pnml,0.15016176506361134,1.0,135
C:\projects\python\Anda\Stability_Java\src\main\resources\systems\Sepsis.xes,C:\projects\python\Anda\resources\models\Sepsis_4000_ORDERING_0.2_2_alpha.pnml,0.3255047383601154,0.2722659637044812,25
C:\projects\python\Anda\Stability_Java\src\main\resources\systems\Sepsis.xes,C:\projects\python\Anda\resources\models\Sepsis_4000_ORDERING_0.2_2_heuristics.pnml,0.7811300424270995,0.8946487278340816,117
C:\projects\python\Anda\Stability_Java\src\main\resources\systems\Sepsis.xes,C:\projects\python\Anda\resources\models\Sepsis_4000_ORDERING_0.2_2_inductive.pnml,0.25194440755475234,1.0,88
C:\projects\python\Anda\Stability_Java\src\main\resources\systems\RTFMS.xes,C:\projects\python\Anda\resources\models\RTFMS_2000_INSERTION_0.2_3_alpha.pnml,0.5488823773418366,0.628422996668059,29
C:\projects\python\Anda\Stability_Java\src\main\resources\systems\RTFMS.xes,C:\projects\python\Anda\resources\models\RTFMS_2000_INSERTION_0.2_3_heuristics.pnml,0.7487778937710177,0.9353213792275228,67
C:\projects\python\Anda\Stability_Java\src\main\resources\systems\RTFMS.xes,C:\projects\python\Anda\resources\models\RTFMS_2000_INSERTION_0.2_3_inductive.pnml,0.5123785832741057,0.9999385135367655,61
C:\projects\python\Anda\Stability_Java\src\main\resources\systems\BPIC2012.xes,C:\projects\python\Anda\resources\models\BPIC2012_1000_SUBSTITUTION_0.4_5_alpha.pnml,0.0951667177012121,0.6066357758906761,36
C:\projects\python\Anda\Stability_Java\src\main\resources\systems\BPIC2012.xes,C:\projects\python\Anda\resources\models\BPIC2012_1000_SUBSTITUTION_0.4_5_heuristics.pnml,0.2978886414385029,0.9836055030938811,113
C:\projects\python\Anda\Stability_Java\src\main\resources\systems\BPIC2012.xes,C:\projects\python\Anda\resources\models\BPIC2012_1000_SUBSTITUTION_0.4_5_inductive.pnml,0.12026934305430703,0.9999817812776127,154
C:\projects\python\Anda\Stability_Java\src\main\resources\systems\RTFMS.xes,C:\projects\python\Anda\resources\models\RTFMS_2000_MIXED_2.0_1_alpha.pnml,0.0,0.4279149981895786,35
C:\projects\python\Anda\Stability_Java\src\main\resources\systems\RTFMS.xes,C:\projects\python\Anda\resources\models\RTFMS_2000_MIXED_2.0_1_heuristics.pnml,0.24410856055251817,0.9460309263913239,91
C:\projects\python\Anda\Stability_Java\src\main\resources\systems\RTFMS.xes,C:\projects\python\Anda\resources\models\RTFMS_2000_MIXED_2.0_1_inductive.pnml,0.22154321098191931,0.9999727070784867,107
C:\projects\python\Anda\Stability_Java\src\main\resources\systems\BPIC2012.xes,C:\projects\python\Anda\resources\models\BPIC2012_4000_ABSENCE_2.0_4_alpha.pnml,0.032258064516129004,0.5412760311095418,36
C:\projects\python\Anda\Stability_Java\src\main\resources\systems\BPIC2012.xes,C:\projects\python\Anda\resources\models\BPIC2012_4000_ABSENCE_2.0_4_heuristics.pnml,0.2705479801068036,0.9770218421753976,126
C:\projects\python\Anda\Stability_Java\src\main\resources\systems\BPIC2012.xes,C:\projects\python\Anda\resources\models\BPIC2012_4000_ABSENCE_2.0_4_inductive.pnml,0.1011037022950696,0.9678584729967025,145
C:\projects\python\Anda\Stability_Java\src\main\resources\systems\RTFMS.xes,C:\projects\python\Anda\resources\models\RTFMS_2000_ABSENCE_0.4_4_alpha.pnml,0.6670924720994127,0.6966898738850976,29
C:\projects\python\Anda\Stability_Java\src\main\resources\systems\RTFMS.xes,C:\projects\python\Anda\resources\models\RTFMS_2000_ABSENCE_0.4_4_heuristics.pnml,0.8198903689844932,0.9270871734819699,67
C:\projects\python\Anda\Stability_Java\src\main\resources\systems\RTFMS.xes,C:\projects\python\Anda\resources\models\RTFMS_2000_ABSENCE_0.4_4_inductive.pnml,0.5931059286118363,0.9999102001477846,57
C:\projects\python\Anda\Stability_Java\src\main\resources\systems\BPIC2012.xes,C:\projects\python\Anda\resources\models\BPIC2012_1000_MIXED_4.0_2_alpha.pnml,0.0,0.36333840928575345,42
C:\projects\python\Anda\Stability_Java\src\main\resources\systems\BPIC2012.xes,C:\projects\python\Anda\resources\models\BPIC2012_1000_MIXED_4.0_2_heuristics.pnml,0.27549445327478006,0.9876254293987045,131
C:\projects\python\Anda\Stability_Java\src\main\resources\systems\BPIC2012.xes,C:\projects\python\Anda\resources\models\BPIC2012_1000_MIXED_4.0_2_inductive.pnml,0.07920492267217438,0.9904097717412693,197
C:\projects\python\Anda\Stability_Java\src\main\resources\systems\BPIC2012.xes,C:\projects\python\Anda\resources\models\BPIC2012_10000_MIXED_0.2_2_alpha.pnml,0.025000000000000022,0.5055515819276257,37
C:\projects\python\Anda\Stability_Java\src\main\resources\systems\BPIC2012.xes,C:\projects\python\Anda\resources\models\BPIC2012_10000_MIXED_0.2_2_heuristics.pnml,0.25803214315220613,0.9798524818051519,127
C:\projects\python\Anda\Stability_Java\src\main\resources\systems\BPIC2012.xes,C:\projects\python\Anda\resources\models\BPIC2012_10000_MIXED_0.2_2_inductive.pnml,0.09455406657621779,0.9999990145851255,145
C:\projects\python\Anda\Stability_Java\src\main\resources\systems\BPIC2012.xes,C:\projects\python\Anda\resources\models\BPIC2012_1000_INSERTION_0.1_4_alpha.pnml,0.09861577053312653,0.5586479208127507,35
C:\projects\python\Anda\Stability_Java\src\main\resources\systems\BPIC2012.xes,C:\projects\python\Anda\resources\models\BPIC2012_1000_INSERTION_0.1_4_heuristics.pnml,0.3132950804572078,0.9836055030938811,111
C:\projects\python\Anda\Stability_Java\src\main\resources\systems\BPIC2012.xes,C:\projects\python\Anda\resources\models\BPIC2012_1000_INSERTION_0.1_4_inductive.pnml,0.11895861563676191,0.9925443836109731,136
C:\projects\python\Anda\Stability_Java\src\main\resources\systems\Sepsis.xes,C:\projects\python\Anda\resources\models\Sepsis_20000_ABSENCE_2.0_2_alpha.pnml,0.4439746300211417,0.2468446509069529,22
C:\projects\python\Anda\Stability_Java\src\main\resources\systems\Sepsis.xes,C:\projects\python\Anda\resources\models\Sepsis_20000_ABSENCE_2.0_2_heuristics.pnml,0.6311723044921005,0.8969441018992028,109
C:\projects\python\Anda\Stability_Java\src\main\resources\systems\Sepsis.xes,C:\projects\python\Anda\resources\models\Sepsis_20000_ABSENCE_2.0_2_inductive.pnml,0.2475336831655084,1.0,95
C:\projects\python\Anda\Stability_Java\src\main\resources\systems\BPIC2012.xes,C:\projects\python\Anda\resources\models\BPIC2012_1000_SUBSTITUTION_1.0_5_alpha.pnml,0.08616761189528044,0.5986986644524839,42
C:\projects\python\Anda\Stability_Java\src\main\resources\systems\BPIC2012.xes,C:\projects\python\Anda\resources\models\BPIC2012_1000_SUBSTITUTION_1.0_5_heuristics.pnml,0.2908698536074962,0.9840745797685118,121
C:\projects\python\Anda\Stability_Java\src\main\resources\systems\BPIC2012.xes,C:\projects\python\Anda\resources\models\BPIC2012_1000_SUBSTITUTION_1.0_5_inductive.pnml,0.1155815184868394,0.9999722122462815,160
C:\projects\python\Anda\Stability_Java\src\main\resources\systems\Sepsis.xes,C:\projects\python\Anda\resources\models\Sepsis_10000_ABSENCE_4.0_5_alpha.pnml,0.4426422388436003,0.26588961197193384,22
C:\projects\python\Anda\Stability_Java\src\main\resources\systems\Sepsis.xes,C:\projects\python\Anda\resources\models\Sepsis_10000_ABSENCE_4.0_5_heuristics.pnml,0.7983971366324307,0.8872206384052985,112
C:\projects\python\Anda\Stability_Java\src\main\resources\systems\Sepsis.xes,C:\projects\python\Anda\resources\models\Sepsis_10000_ABSENCE_4.0_5_inductive.pnml,0.2475336831655084,1.0,95
C:\projects\python\Anda\Stability_Java\src\main\resources\systems\Sepsis.xes,C:\projects\python\Anda\resources\models\Sepsis_40000_ORDERING_0.4_4_alpha.pnml,0.4879406307977736,0.20698989181153937,22
C:\projects\python\Anda\Stability_Java\src\main\resources\systems\Sepsis.xes,C:\projects\python\Anda\resources\models\Sepsis_40000_ORDERING_0.4_4_heuristics.pnml,0.6302670623145401,0.8932754362093287,114
C:\projects\python\Anda\Stability_Java\src\main\resources\systems\Sepsis.xes,C:\projects\python\Anda\resources\models\Sepsis_40000_ORDERING_0.4_4_inductive.pnml,0.2973045157578995,1.0,101
C:\projects\python\Anda\Stability_Java\src\main\resources\systems\RTFMS.xes,C:\projects\python\Anda\resources\models\RTFMS_10000_SUBSTITUTION_0.2_2_alpha.pnml,0.04347826086956519,0.4363088679851378,32
C:\projects\python\Anda\Stability_Java\src\main\resources\systems\RTFMS.xes,C:\projects\python\Anda\resources\models\RTFMS_10000_SUBSTITUTION_0.2_2_heuristics.pnml,0.2783378042511171,0.937118688509746,80
C:\projects\python\Anda\Stability_Java\src\main\resources\systems\RTFMS.xes,C:\projects\python\Anda\resources\models\RTFMS_10000_SUBSTITUTION_0.2_2_inductive.pnml,0.22599941789184985,0.9999916370911732,110
C:\projects\python\Anda\Stability_Java\src\main\resources\systems\Sepsis.xes,C:\projects\python\Anda\resources\models\Sepsis_1000_MIXED_0.4_1_alpha.pnml,0.2982046764131625,0.18648959109317986,25
C:\projects\python\Anda\Stability_Java\src\main\resources\systems\Sepsis.xes,C:\projects\python\Anda\resources\models\Sepsis_1000_MIXED_0.4_1_heuristics.pnml,0.6321050568404547,0.9099023866914524,100
C:\projects\python\Anda\Stability_Java\src\main\resources\systems\Sepsis.xes,C:\projects\python\Anda\resources\models\Sepsis_1000_MIXED_0.4_1_inductive.pnml,0.2375368490009826,0.9999393121214413,106
C:\projects\python\Anda\Stability_Java\src\main\resources\systems\RTFMS.xes,C:\projects\python\Anda\resources\models\RTFMS_4000_INSERTION_0.1_4_alpha.pnml,0.2856334401974743,0.4863509294644975,29
C:\projects\python\Anda\Stability_Java\src\main\resources\systems\RTFMS.xes,C:\projects\python\Anda\resources\models\RTFMS_4000_INSERTION_0.1_4_heuristics.pnml,0.6715810652332187,0.9316235420037859,69
C:\projects\python\Anda\Stability_Java\src\main\resources\systems\RTFMS.xes,C:\projects\python\Anda\resources\models\RTFMS_4000_INSERTION_0.1_4_inductive.pnml,0.47457775731869045,0.9999942402078134,54
C:\projects\python\Anda\Stability_Java\src\main\resources\systems\RTFMS.xes,C:\projects\python\Anda\resources\models\RTFMS_20000_MIXED_0.2_1_alpha.pnml,0.0,0.3929749424637527,36
C:\projects\python\Anda\Stability_Java\src\main\resources\systems\RTFMS.xes,C:\projects\python\Anda\resources\models\RTFMS_20000_MIXED_0.2_1_heuristics.pnml,0.24654761209002263,0.9464810171802052,84
C:\projects\python\Anda\Stability_Java\src\main\resources\systems\RTFMS.xes,C:\projects\python\Anda\resources\models\RTFMS_20000_MIXED_0.2_1_inductive.pnml,0.2668569477748881,0.9999990939181065,66
C:\projects\python\Anda\Stability_Java\src\main\resources\systems\RTFMS.xes,C:\projects\python\Anda\resources\models\RTFMS_10000_MIXED_2.0_3_alpha.pnml,0.010752688172043001,0.4419733261253083,68
C:\projects\python\Anda\Stability_Java\src\main\resources\systems\RTFMS.xes,C:\projects\python\Anda\resources\models\RTFMS_10000_MIXED_2.0_3_heuristics.pnml,0.08455505033745103,0.9464475133899953,143
C:\projects\python\Anda\Stability_Java\src\main\resources\systems\RTFMS.xes,C:\projects\python\Anda\resources\models\RTFMS_10000_MIXED_2.0_3_inductive.pnml,0.10230907405530465,0.9999970230580896,175
C:\projects\python\Anda\Stability_Java\src\main\resources\systems\BPIC2012.xes,C:\projects\python\Anda\resources\models\BPIC2012_4000_MIXED_10.0_2_alpha.pnml,0.005050505050505083,0.19124743584453302,136
C:\projects\python\Anda\Stability_Java\src\main\resources\systems\BPIC2012.xes,C:\projects\python\Anda\resources\models\BPIC2012_4000_MIXED_10.0_2_heuristics.pnml,0.11742380590192147,0.980733577383696,272
C:\projects\python\Anda\Stability_Java\src\main\resources\systems\BPIC2012.xes,C:\projects\python\Anda\resources\models\BPIC2012_4000_MIXED_10.0_2_inductive.pnml,0.031058487223800668,0.9999756423205052,337
C:\projects\python\Anda\Stability_Java\src\main\resources\systems\Sepsis.xes,C:\projects\python\Anda\resources\models\Sepsis_100000_ORDERING_0.1_4_alpha.pnml,0.4425374390038701,0.20595174498683355,22
C:\projects\python\Anda\Stability_Java\src\main\resources\systems\Sepsis.xes,C:\projects\python\Anda\resources\models\Sepsis_100000_ORDERING_0.1_4_heuristics.pnml,0.6302670623145401,0.8932754362093287,114
C:\projects\python\Anda\Stability_Java\src\main\resources\systems\Sepsis.xes,C:\projects\python\Anda\resources\models\Sepsis_100000_ORDERING_0.1_4_inductive.pnml,0.30465124442728264,1.0,93
C:\projects\python\Anda\Stability_Java\src\main\resources\systems\RTFMS.xes,C:\projects\python\Anda\resources\models\RTFMS_20000_ORDERING_1.0_1_alpha.pnml,0.19999999999999996,0.30382932002226476,23
C:\projects\python\Anda\Stability_Java\src\main\resources\systems\RTFMS.xes,C:\projects\python\Anda\resources\models\RTFMS_20000_ORDERING_1.0_1_heuristics.pnml,0.40562494443218755,0.9312386718446932,72
C:\projects\python\Anda\Stability_Java\src\main\resources\systems\RTFMS.xes,C:\projects\python\Anda\resources\models\RTFMS_20000_ORDERING_1.0_1_inductive.pnml,0.44396196568068746,0.999996547458066,27
C:\projects\python\Anda\Stability_Java\src\main\resources\systems\BPIC2012.xes,C:\projects\python\Anda\resources\models\BPIC2012_100000_SUBSTITUTION_1.0_2_alpha.pnml,0.0009643201542912649,0.10069208846674305,566
C:\projects\python\Anda\Stability_Java\src\main\resources\systems\BPIC2012.xes,C:\projects\python\Anda\resources\models\BPIC2012_100000_SUBSTITUTION_1.0_2_heuristics.pnml,0.03395867646297035,0.9706161641418791,759
C:\projects\python\Anda\Stability_Java\src\main\resources\systems\BPIC2012.xes,C:\projects\python\Anda\resources\models\BPIC2012_100000_SUBSTITUTION_1.0_2_inductive.pnml,0.009163165191174327,1.0,922
C:\projects\python\Anda\Stability_Java\src\main\resources\systems\RTFMS.xes,C:\projects\python\Anda\resources\models\RTFMS_10000_INSERTION_1.0_5_alpha.pnml,0.02898695439572374,0.6276237321439954,74
C:\projects\python\Anda\Stability_Java\src\main\resources\systems\RTFMS.xes,C:\projects\python\Anda\resources\models\RTFMS_10000_INSERTION_1.0_5_heuristics.pnml,0.12419553488215229,0.9464286411432019,131
C:\projects\python\Anda\Stability_Java\src\main\resources\systems\RTFMS.xes,C:\projects\python\Anda\resources\models\RTFMS_10000_INSERTION_1.0_5_inductive.pnml,0.1379180011537926,0.9999918839858286,155
C:\projects\python\Anda\Stability_Java\src\main\resources\systems\Sepsis.xes,C:\projects\python\Anda\resources\models\Sepsis_2000_MIXED_10.0_1_alpha.pnml,0.05772206258486212,0.1539551115452909,73
C:\projects\python\Anda\Stability_Java\src\main\resources\systems\Sepsis.xes,C:\projects\python\Anda\resources\models\Sepsis_2000_MIXED_10.0_1_heuristics.pnml,0.2504476237573112,0.915879712479015,173
C:\projects\python\Anda\Stability_Java\src\main\resources\systems\Sepsis.xes,C:\projects\python\Anda\resources\models\Sepsis_2000_MIXED_10.0_1_inductive.pnml,0.061668006947791176,1.0,239
C:\projects\python\Anda\Stability_Java\src\main\resources\systems\RTFMS.xes,C:\projects\python\Anda\resources\models\RTFMS_20000_SUBSTITUTION_2.0_5_alpha.pnml,0.0032679738562091387,0.44736006734511014,199
C:\projects\python\Anda\Stability_Java\src\main\resources\systems\RTFMS.xes,C:\projects\python\Anda\resources\models\RTFMS_20000_SUBSTITUTION_2.0_5_heuristics.pnml,0.03066662812502574,0.935941747286541,281
C:\projects\python\Anda\Stability_Java\src\main\resources\systems\RTFMS.xes,C:\projects\python\Anda\resources\models\RTFMS_20000_SUBSTITUTION_2.0_5_inductive.pnml,0.03682174824218476,0.9999994138783067,309
C:\projects\python\Anda\Stability_Java\src\main\resources\systems\BPIC2012.xes,C:\projects\python\Anda\resources\models\BPIC2012_10000_SUBSTITUTION_4.0_2_alpha.pnml,0.002421307506053294,0.24896324739234788,257
C:\projects\python\Anda\Stability_Java\src\main\resources\systems\BPIC2012.xes,C:\projects\python\Anda\resources\models\BPIC2012_10000_SUBSTITUTION_4.0_2_heuristics.pnml,0.0764995222552497,0.9700839753709085,392
C:\projects\python\Anda\Stability_Java\src\main\resources\systems\BPIC2012.xes,C:\projects\python\Anda\resources\models\BPIC2012_10000_SUBSTITUTION_4.0_2_inductive.pnml,0.017452509405453953,1.0,548
C:\projects\python\Anda\Stability_Java\src\main\resources\systems\RTFMS.xes,C:\projects\python\Anda\resources\models\RTFMS_1000_SUBSTITUTION_4.0_1_alpha.pnml,0.02564102564102566,0.5180202870988208,36
C:\projects\python\Anda\Stability_Java\src\main\resources\systems\RTFMS.xes,C:\projects\python\Anda\resources\models\RTFMS_1000_SUBSTITUTION_4.0_1_heuristics.pnml,0.1769807236716181,0.9392629034353817,92
C:\projects\python\Anda\Stability_Java\src\main\resources\systems\RTFMS.xes,C:\projects\python\Anda\resources\models\RTFMS_1000_SUBSTITUTION_4.0_1_inductive.pnml,0.18601126864675022,0.9999497269586246,121
C:\projects\python\Anda\Stability_Java\src\main\resources\systems\BPIC2012.xes,C:\projects\python\Anda\resources\models\BPIC2012_10000_INSERTION_0.1_4_alpha.pnml,0.08538780881663877,0.5334753625547686,35
C:\projects\python\Anda\Stability_Java\src\main\resources\systems\BPIC2012.xes,C:\projects\python\Anda\resources\models\BPIC2012_10000_INSERTION_0.1_4_heuristics.pnml,0.2599018291690479,0.9800602481387853,127
C:\projects\python\Anda\Stability_Java\src\main\resources\systems\BPIC2012.xes,C:\projects\python\Anda\resources\models\BPIC2012_10000_INSERTION_0.1_4_inductive.pnml,0.11051397574717281,1.0,150
C:\projects\python\Anda\Stability_Java\src\main\resources\systems\Sepsis.xes,C:\projects\python\Anda\resources\models\Sepsis_4000_INSERTION_1.0_1_alpha.pnml,0.12642493330099447,0.21737526514417665,46
C:\projects\python\Anda\Stability_Java\src\main\resources\systems\Sepsis.xes,C:\projects\python\Anda\resources\models\Sepsis_4000_INSERTION_1.0_1_heuristics.pnml,0.5446818501995774,0.894829085429798,140
C:\projects\python\Anda\Stability_Java\src\main\resources\systems\Sepsis.xes,C:\projects\python\Anda\resources\models\Sepsis_4000_INSERTION_1.0_1_inductive.pnml,0.10743923797137223,1.0,174
C:\projects\python\Anda\Stability_Java\src\main\resources\systems\RTFMS.xes,C:\projects\python\Anda\resources\models\RTFMS_1000_ABSENCE_0.1_4_alpha.pnml,0.8835244774006253,0.7124705047680036,28
C:\projects\python\Anda\Stability_Java\src\main\resources\systems\RTFMS.xes,C:\projects\python\Anda\resources\models\RTFMS_1000_ABSENCE_0.1_4_heuristics.pnml,0.9954366694077896,0.9280834610129489,52
C:\projects\python\Anda\Stability_Java\src\main\resources\systems\RTFMS.xes,C:\projects\python\Anda\resources\models\RTFMS_1000_ABSENCE_0.1_4_inductive.pnml,0.7213861255051206,0.9997972130475645,47
C:\projects\python\Anda\Stability_Java\src\main\resources\systems\RTFMS.xes,C:\projects\python\Anda\resources\models\RTFMS_4000_INSERTION_0.2_3_alpha.pnml,0.5004808466888017,0.5163911548766771,35
C:\projects\python\Anda\Stability_Java\src\main\resources\systems\RTFMS.xes,C:\projects\python\Anda\resources\models\RTFMS_4000_INSERTION_0.2_3_heuristics.pnml,0.5640926817657506,0.9335215805407829,74
C:\projects\python\Anda\Stability_Java\src\main\resources\systems\RTFMS.xes,C:\projects\python\Anda\resources\models\RTFMS_4000_INSERTION_0.2_3_inductive.pnml,0.42903925081346306,0.9999653743447738,74
C:\projects\python\Anda\Stability_Java\src\main\resources\systems\RTFMS.xes,C:\projects\python\Anda\resources\models\RTFMS_4000_SUBSTITUTION_0.2_2_alpha.pnml,0.1817850006756887,0.5918041710965991,34
C:\projects\python\Anda\Stability_Java\src\main\resources\systems\RTFMS.xes,C:\projects\python\Anda\resources\models\RTFMS_4000_SUBSTITUTION_0.2_2_heuristics.pnml,0.47477350863972656,0.9302013323067255,73
C:\projects\python\Anda\Stability_Java\src\main\resources\systems\RTFMS.xes,C:\projects\python\Anda\resources\models\RTFMS_4000_SUBSTITUTION_0.2_2_inductive.pnml,0.3332601143788253,0.9999720003620155,83
C:\projects\python\Anda\Stability_Java\src\main\resources\systems\Sepsis.xes,C:\projects\python\Anda\resources\models\Sepsis_10000_SUBSTITUTION_10.0_1_alpha.pnml,0.006403415154749181,0.12879959258951074,508
C:\projects\python\Anda\Stability_Java\src\main\resources\systems\Sepsis.xes,C:\projects\python\Anda\resources\models\Sepsis_10000_SUBSTITUTION_10.0_1_heuristics.pnml,0.03925296568186776,0.888485848383403,651
C:\projects\python\Anda\Stability_Java\src\main\resources\systems\Sepsis.xes,C:\projects\python\Anda\resources\models\Sepsis_10000_SUBSTITUTION_10.0_1_inductive.pnml,0.01016417019359539,1.0,698
C:\projects\python\Anda\Stability_Java\src\main\resources\systems\BPIC2012.xes,C:\projects\python\Anda\resources\models\BPIC2012_40000_ABSENCE_0.1_4_alpha.pnml,0.032258064516129004,0.5213553912553117,35
C:\projects\python\Anda\Stability_Java\src\main\resources\systems\BPIC2012.xes,C:\projects\python\Anda\resources\models\BPIC2012_40000_ABSENCE_0.1_4_heuristics.pnml,0.3686083218339187,0.9794583028161534,126
C:\projects\python\Anda\Stability_Java\src\main\resources\systems\BPIC2012.xes,C:\projects\python\Anda\resources\models\BPIC2012_40000_ABSENCE_0.1_4_inductive.pnml,0.1039730761615777,0.9740934778364359,142
C:\projects\python\Anda\Stability_Java\src\main\resources\systems\RTFMS.xes,C:\projects\python\Anda\resources\models\RTFMS_4000_ORDERING_1.0_4_alpha.pnml,0.0,0.4066001152142386,25
C:\projects\python\Anda\Stability_Java\src\main\resources\systems\RTFMS.xes,C:\projects\python\Anda\resources\models\RTFMS_4000_ORDERING_1.0_4_heuristics.pnml,0.5056820187772226,0.9309376955019643,76
C:\projects\python\Anda\Stability_Java\src\main\resources\systems\RTFMS.xes,C:\projects\python\Anda\resources\models\RTFMS_4000_ORDERING_1.0_4_inductive.pnml,0.4829154040888344,0.9999785641133724,43
C:\projects\python\Anda\Stability_Java\src\main\resources\systems\Sepsis.xes,C:\projects\python\Anda\resources\models\Sepsis_20000_ORDERING_1.0_1_alpha.pnml,0.3306861499364676,0.2111164345366202,28
C:\projects\python\Anda\Stability_Java\src\main\resources\systems\Sepsis.xes,C:\projects\python\Anda\resources\models\Sepsis_20000_ORDERING_1.0_1_heuristics.pnml,0.6657959354265712,0.9002438685409582,111
C:\projects\python\Anda\Stability_Java\src\main\resources\systems\Sepsis.xes,C:\projects\python\Anda\resources\models\Sepsis_20000_ORDERING_1.0_1_inductive.pnml,0.27741956077630237,1.0,96
C:\projects\python\Anda\Stability_Java\src\main\resources\systems\RTFMS.xes,C:\projects\python\Anda\resources\models\RTFMS_1000_ABSENCE_10.0_2_alpha.pnml,0.5,0.650273975006214,30
C:\projects\python\Anda\Stability_Java\src\main\resources\systems\RTFMS.xes,C:\projects\python\Anda\resources\models\RTFMS_1000_ABSENCE_10.0_2_heuristics.pnml,0.6975083372228763,0.9283197816765513,66
C:\projects\python\Anda\Stability_Java\src\main\resources\systems\RTFMS.xes,C:\projects\python\Anda\resources\models\RTFMS_1000_ABSENCE_10.0_2_inductive.pnml,0.44807755252523895,0.9998171125522566,53
C:\projects\python\Anda\Stability_Java\src\main\resources\systems\RTFMS.xes,C:\projects\python\Anda\resources\models\RTFMS_20000_MIXED_0.2_2_alpha.pnml,0.04347826086956519,0.4415087007837339,30
C:\projects\python\Anda\Stability_Java\src\main\resources\systems\RTFMS.xes,C:\projects\python\Anda\resources\models\RTFMS_20000_MIXED_0.2_2_heuristics.pnml,0.2680023845370604,0.9388226960145484,81
C:\projects\python\Anda\Stability_Java\src\main\resources\systems\RTFMS.xes,C:\projects\python\Anda\resources\models\RTFMS_20000_MIXED_0.2_2_inductive.pnml,0.224853515625,0.9999988242643618,113
C:\projects\python\Anda\Stability_Java\src\main\resources\systems\RTFMS.xes,C:\projects\python\Anda\resources\models\RTFMS_20000_INSERTION_0.2_1_alpha.pnml,0.09204719267190264,0.4876764108643294,41
C:\projects\python\Anda\Stability_Java\src\main\resources\systems\RTFMS.xes,C:\projects\python\Anda\resources\models\RTFMS_20000_INSERTION_0.2_1_heuristics.pnml,0.24540936522800727,0.9464566320733119,89
C:\projects\python\Anda\Stability_Java\src\main\resources\systems\RTFMS.xes,C:\projects\python\Anda\resources\models\RTFMS_20000_INSERTION_0.2_1_inductive.pnml,0.2012723005595619,0.999997878071326,83
C:\projects\python\Anda\Stability_Java\src\main\resources\systems\Sepsis.xes,C:\projects\python\Anda\resources\models\Sepsis_10000_INSERTION_10.0_1_alpha.pnml,0.006696428571428603,0.13397344099080316,475
C:\projects\python\Anda\Stability_Java\src\main\resources\systems\Sepsis.xes,C:\projects\python\Anda\resources\models\Sepsis_10000_INSERTION_10.0_1_heuristics.pnml,0.04840474020054697,0.8987141594519462,611
C:\projects\python\Anda\Stability_Java\src\main\resources\systems\Sepsis.xes,C:\projects\python\Anda\resources\models\Sepsis_10000_INSERTION_10.0_1_inductive.pnml,0.010745268624327786,1.0,675
C:\projects\python\Anda\Stability_Java\src\main\resources\systems\Sepsis.xes,C:\projects\python\Anda\resources\models\Sepsis_100000_ABSENCE_0.4_1_alpha.pnml,0.44411590774689536,0.2779679284861129,23
C:\projects\python\Anda\Stability_Java\src\main\resources\systems\Sepsis.xes,C:\projects\python\Anda\resources\models\Sepsis_100000_ABSENCE_0.4_1_heuristics.pnml,0.6657959354265712,0.8967715521747265,108
C:\projects\python\Anda\Stability_Java\src\main\resources\systems\Sepsis.xes,C:\projects\python\Anda\resources\models\Sepsis_100000_ABSENCE_0.4_1_inductive.pnml,0.2475336831655084,1.0,95
C:\projects\python\Anda\Stability_Java\src\main\resources\systems\Sepsis.xes,C:\projects\python\Anda\resources\models\Sepsis_2000_SUBSTITUTION_1.0_1_alpha.pnml,0.17360748373616985,0.17102714846411282,33
C:\projects\python\Anda\Stability_Java\src\main\resources\systems\Sepsis.xes,C:\projects\python\Anda\resources\models\Sepsis_2000_SUBSTITUTION_1.0_1_heuristics.pnml,0.4860312073175779,0.9167005003980819,125
C:\projects\python\Anda\Stability_Java\src\main\resources\systems\Sepsis.xes,C:\projects\python\Anda\resources\models\Sepsis_2000_SUBSTITUTION_1.0_1_inductive.pnml,0.1835065426852358,1.0,144
C:\projects\python\Anda\Stability_Java\src\main\resources\systems\RTFMS.xes,C:\projects\python\Anda\resources\models\RTFMS_2000_SUBSTITUTION_2.0_2_alpha.pnml,0.04347797803593201,0.5097615828830984,39
C:\projects\python\Anda\Stability_Java\src\main\resources\systems\RTFMS.xes,C:\projects\python\Anda\resources\models\RTFMS_2000_SUBSTITUTION_2.0_2_heuristics.pnml,0.1722534189602104,0.931877120984191,93
C:\projects\python\Anda\Stability_Java\src\main\resources\systems\RTFMS.xes,C:\projects\python\Anda\resources\models\RTFMS_2000_SUBSTITUTION_2.0_2_inductive.pnml,0.1642126779432761,0.9999626963934571,113
C:\projects\python\Anda\Stability_Java\src\main\resources\systems\RTFMS.xes,C:\projects\python\Anda\resources\models\RTFMS_100000_SUBSTITUTION_0.2_1_alpha.pnml,0.005649717514124242,0.47548535465671987,113
C:\projects\python\Anda\Stability_Java\src\main\resources\systems\RTFMS.xes,C:\projects\python\Anda\resources\models\RTFMS_100000_SUBSTITUTION_0.2_1_heuristics.pnml,0.054171037337836125,0.9390040286372282,187
C:\projects\python\Anda\Stability_Java\src\main\resources\systems\RTFMS.xes,C:\projects\python\Anda\resources\models\RTFMS_100000_SUBSTITUTION_0.2_1_inductive.pnml,0.05847401845106537,0.9999996944936556,230
C:\projects\python\Anda\Stability_Java\src\main\resources\systems\RTFMS.xes,C:\projects\python\Anda\resources\models\RTFMS_2000_MIXED_10.0_1_alpha.pnml,0.0219768206437424,0.3808204398167489,75
C:\projects\python\Anda\Stability_Java\src\main\resources\systems\RTFMS.xes,C:\projects\python\Anda\resources\models\RTFMS_2000_MIXED_10.0_1_heuristics.pnml,0.07265939813046318,0.9455859061118996,157
C:\projects\python\Anda\Stability_Java\src\main\resources\systems\RTFMS.xes,C:\projects\python\Anda\resources\models\RTFMS_2000_MIXED_10.0_1_inductive.pnml,0.08896997748025315,0.9999892092879041,169
C:\projects\python\Anda\Stability_Java\src\main\resources\systems\RTFMS.xes,C:\projects\python\Anda\resources\models\RTFMS_10000_INSERTION_2.0_5_alpha.pnml,0.017175019605070285,0.5316782811061097,118
C:\projects\python\Anda\Stability_Java\src\main\resources\systems\RTFMS.xes,C:\projects\python\Anda\resources\models\RTFMS_10000_INSERTION_2.0_5_heuristics.pnml,0.047544945495869406,0.9453787821965933,187
C:\projects\python\Anda\Stability_Java\src\main\resources\systems\RTFMS.xes,C:\projects\python\Anda\resources\models\RTFMS_10000_INSERTION_2.0_5_inductive.pnml,0.08724687843187051,0.9999909613017172,201
C:\projects\python\Anda\Stability_Java\src\main\resources\systems\RTFMS.xes,C:\projects\python\Anda\resources\models\RTFMS_10000_INSERTION_4.0_5_alpha.pnml,0.0032467532467532756,0.44057667626541863,200
C:\projects\python\Anda\Stability_Java\src\main\resources\systems\RTFMS.xes,C:\projects\python\Anda\resources\models\RTFMS_10000_INSERTION_4.0_5_heuristics.pnml,0.025545911572086744,0.9454677332650421,284
C:\projects\python\Anda\Stability_Java\src\main\resources\systems\RTFMS.xes,C:\projects\python\Anda\resources\models\RTFMS_10000_INSERTION_4.0_5_inductive.pnml,0.04354948586871921,0.9999996567899392,319
C:\projects\python\Anda\Stability_Java\src\main\resources\systems\BPIC2012.xes,C:\projects\python\Anda\resources\models\BPIC2012_20000_INSERTION_0.2_4_alpha.pnml,0.013698630136986356,0.4079564651540219,49
C:\projects\python\Anda\Stability_Java\src\main\resources\systems\BPIC2012.xes,C:\projects\python\Anda\resources\models\BPIC2012_20000_INSERTION_0.2_4_heuristics.pnml,0.22193774649241427,0.9811076714088189,160
C:\projects\python\Anda\Stability_Java\src\main\resources\systems\BPIC2012.xes,C:\projects\python\Anda\resources\models\BPIC2012_20000_INSERTION_0.2_4_inductive.pnml,0.06736615316799321,1.0,226
C:\projects\python\Anda\Stability_Java\src\main\resources\systems\RTFMS.xes,C:\projects\python\Anda\resources\models\RTFMS_100000_ORDERING_10.0_2_alpha.pnml,0.0,0.310697314945166,19
C:\projects\python\Anda\Stability_Java\src\main\resources\systems\RTFMS.xes,C:\projects\python\Anda\resources\models\RTFMS_100000_ORDERING_10.0_2_heuristics.pnml,0.33556549139604697,0.9359330038226535,85
C:\projects\python\Anda\Stability_Java\src\main\resources\systems\RTFMS.xes,C:\projects\python\Anda\resources\models\RTFMS_100000_ORDERING_10.0_2_inductive.pnml,0.4145879495397533,1.0,66
C:\projects\python\Anda\Stability_Java\src\main\resources\systems\Sepsis.xes,C:\projects\python\Anda\resources\models\Sepsis_1000_MIXED_2.0_4_alpha.pnml,0.22390299170162598,0.17061195679762176,30
C:\projects\python\Anda\Stability_Java\src\main\resources\systems\Sepsis.xes,C:\projects\python\Anda\resources\models\Sepsis_1000_MIXED_2.0_4_heuristics.pnml,0.5419484938873251,0.9006963481814649,107
C:\projects\python\Anda\Stability_Java\src\main\resources\systems\Sepsis.xes,C:\projects\python\Anda\resources\models\Sepsis_1000_MIXED_2.0_4_inductive.pnml,0.21509832400573037,0.9999854150866344,139
C:\projects\python\Anda\Stability_Java\src\main\resources\systems\BPIC2012.xes,C:\projects\python\Anda\resources\models\BPIC2012_10000_ABSENCE_2.0_5_alpha.pnml,0.032258064516129004,0.5575479451235901,38
C:\projects\python\Anda\Stability_Java\src\main\resources\systems\BPIC2012.xes,C:\projects\python\Anda\resources\models\BPIC2012_10000_ABSENCE_2.0_5_heuristics.pnml,0.3102990488728815,0.9775981939443206,127
C:\projects\python\Anda\Stability_Java\src\main\resources\systems\BPIC2012.xes,C:\projects\python\Anda\resources\models\BPIC2012_10000_ABSENCE_2.0_5_inductive.pnml,0.08987037958107824,0.9976274347951979,137
C:\projects\python\Anda\Stability_Java\src\main\resources\systems\RTFMS.xes,C:\projects\python\Anda\resources\models\RTFMS_100000_ABSENCE_2.0_3_alpha.pnml,0.2857115715456878,0.6406532187867311,26
C:\projects\python\Anda\Stability_Java\src\main\resources\systems\RTFMS.xes,C:\projects\python\Anda\resources\models\RTFMS_100000_ABSENCE_2.0_3_heuristics.pnml,0.6953094930462181,0.9320527293632668,74
C:\projects\python\Anda\Stability_Java\src\main\resources\systems\RTFMS.xes,C:\projects\python\Anda\resources\models\RTFMS_100000_ABSENCE_2.0_3_inductive.pnml,0.41459041068084246,1.0,65
C:\projects\python\Anda\Stability_Java\src\main\resources\systems\RTFMS.xes,C:\projects\python\Anda\resources\models\RTFMS_20000_INSERTION_10.0_4_alpha.pnml,0.0006153846153845732,0.4224800065075445,944
C:\projects\python\Anda\Stability_Java\src\main\resources\systems\RTFMS.xes,C:\projects\python\Anda\resources\models\RTFMS_20000_INSERTION_10.0_4_heuristics.pnml,0.006522636940051618,0.9453531226493135,1081
C:\projects\python\Anda\Stability_Java\src\main\resources\systems\RTFMS.xes,C:\projects\python\Anda\resources\models\RTFMS_20000_INSERTION_10.0_4_inductive.pnml,0.00855775715789242,0.999999643456073,1064
C:\projects\python\Anda\Stability_Java\src\main\resources\systems\BPIC2012.xes,C:\projects\python\Anda\resources\models\BPIC2012_4000_SUBSTITUTION_2.0_2_alpha.pnml,0.0,0.44656505617912606,79
C:\projects\python\Anda\Stability_Java\src\main\resources\systems\BPIC2012.xes,C:\projects\python\Anda\resources\models\BPIC2012_4000_SUBSTITUTION_2.0_2_heuristics.pnml,0.20960599101026967,0.9753210645005489,176
C:\projects\python\Anda\Stability_Java\src\main\resources\systems\BPIC2012.xes,C:\projects\python\Anda\resources\models\BPIC2012_4000_SUBSTITUTION_2.0_2_inductive.pnml,0.059759827468125803,0.99997885747641,312
C:\projects\python\Anda\Stability_Java\src\main\resources\systems\BPIC2012.xes,C:\projects\python\Anda\resources\models\BPIC2012_2000_SUBSTITUTION_0.1_3_alpha.pnml,0.09861577053312653,0.5702576805783744,36
C:\projects\python\Anda\Stability_Java\src\main\resources\systems\BPIC2012.xes,C:\projects\python\Anda\resources\models\BPIC2012_2000_SUBSTITUTION_0.1_3_heuristics.pnml,0.2967647317476029,0.9826493275126342,110
C:\projects\python\Anda\Stability_Java\src\main\resources\systems\BPIC2012.xes,C:\projects\python\Anda\resources\models\BPIC2012_2000_SUBSTITUTION_0.1_3_inductive.pnml,0.1321389313832595,0.9718401951506662,156
C:\projects\python\Anda\Stability_Java\src\main\resources\systems\BPIC2012.xes,C:\projects\python\Anda\resources\models\BPIC2012_20000_ABSENCE_0.4_3_alpha.pnml,0.032258064516129004,0.5587697330479056,38
C:\projects\python\Anda\Stability_Java\src\main\resources\systems\BPIC2012.xes,C:\projects\python\Anda\resources\models\BPIC2012_20000_ABSENCE_0.4_3_heuristics.pnml,0.2728614166237867,0.976908498741668,126
C:\projects\python\Anda\Stability_Java\src\main\resources\systems\BPIC2012.xes,C:\projects\python\Anda\resources\models\BPIC2012_20000_ABSENCE_0.4_3_inductive.pnml,0.09523770945353116,0.985094476441347,135
C:\projects\python\Anda\Stability_Java\src\main\resources\systems\Sepsis.xes,C:\projects\python\Anda\resources\models\Sepsis_40000_ABSENCE_0.1_1_alpha.pnml,0.44411590774689536,0.25309060879378503,22
C:\projects\python\Anda\Stability_Java\src\main\resources\systems\Sepsis.xes,C:\projects\python\Anda\resources\models\Sepsis_40000_ABSENCE_0.1_1_heuristics.pnml,0.6647887323943662,0.8976826566461001,108
C:\projects\python\Anda\Stability_Java\src\main\resources\systems\Sepsis.xes,C:\projects\python\Anda\resources\models\Sepsis_40000_ABSENCE_0.1_1_inductive.pnml,0.2475336831655084,1.0,95
C:\projects\python\Anda\Stability_Java\src\main\resources\systems\RTFMS.xes,C:\projects\python\Anda\resources\models\RTFMS_10000_SUBSTITUTION_0.4_4_alpha.pnml,0.02777777777777779,0.5135597863775321,38
C:\projects\python\Anda\Stability_Java\src\main\resources\systems\RTFMS.xes,C:\projects\python\Anda\resources\models\RTFMS_10000_SUBSTITUTION_0.4_4_heuristics.pnml,0.17311576315198918,0.9363360660383931,99
C:\projects\python\Anda\Stability_Java\src\main\resources\systems\RTFMS.xes,C:\projects\python\Anda\resources\models\RTFMS_10000_SUBSTITUTION_0.4_4_inductive.pnml,0.19964316986105246,0.9999907664536026,100
C:\projects\python\Anda\Stability_Java\src\main\resources\systems\RTFMS.xes,C:\projects\python\Anda\resources\models\RTFMS_40000_MIXED_0.4_2_alpha.pnml,0.013333333333333308,0.47034029975482083,59
C:\projects\python\Anda\Stability_Java\src\main\resources\systems\RTFMS.xes,C:\projects\python\Anda\resources\models\RTFMS_40000_MIXED_0.4_2_heuristics.pnml,0.09543318871459683,0.941218341548026,124
C:\projects\python\Anda\Stability_Java\src\main\resources\systems\RTFMS.xes,C:\projects\python\Anda\resources\models\RTFMS_40000_MIXED_0.4_2_inductive.pnml,0.12345744695410354,0.999999652769097,154
C:\projects\python\Anda\Stability_Java\src\main\resources\systems\BPIC2012.xes,C:\projects\python\Anda\resources\models\BPIC2012_100000_ABSENCE_4.0_1_alpha.pnml,0.032258064516129004,0.563414538505251,38
C:\projects\python\Anda\Stability_Java\src\main\resources\systems\BPIC2012.xes,C:\projects\python\Anda\resources\models\BPIC2012_100000_ABSENCE_4.0_1_heuristics.pnml,0.30215763334245227,0.9716766434083572,134
C:\projects\python\Anda\Stability_Java\src\main\resources\systems\BPIC2012.xes,C:\projects\python\Anda\resources\models\BPIC2012_100000_ABSENCE_4.0_1_inductive.pnml,0.11555249331607864,0.9910439085742351,111
C:\projects\python\Anda\Stability_Java\src\main\resources\systems\RTFMS.xes,C:\projects\python\Anda\resources\models\RTFMS_2000_MIXED_0.2_1_alpha.pnml,0.40015218800131735,0.6296007741955577,26
C:\projects\python\Anda\Stability_Java\src\main\resources\systems\RTFMS.xes,C:\projects\python\Anda\resources\models\RTFMS_2000_MIXED_0.2_1_heuristics.pnml,0.754942127149975,0.9326433364388141,67
C:\projects\python\Anda\Stability_Java\src\main\resources\systems\RTFMS.xes,C:\projects\python\Anda\resources\models\RTFMS_2000_MIXED_0.2_1_inductive.pnml,0.4444636451579953,0.9999222328345665,68
C:\projects\python\Anda\Stability_Java\src\main\resources\systems\BPIC2012.xes,C:\projects\python\Anda\resources\models\BPIC2012_4000_INSERTION_4.0_4_alpha.pnml,0.006134969325153339,0.30074295195254325,124
C:\projects\python\Anda\Stability_Java\src\main\resources\systems\BPIC2012.xes,C:\projects\python\Anda\resources\models\BPIC2012_4000_INSERTION_4.0_4_heuristics.pnml,0.13643789537521422,0.9793189889251779,229
C:\projects\python\Anda\Stability_Java\src\main\resources\systems\BPIC2012.xes,C:\projects\python\Anda\resources\models\BPIC2012_4000_INSERTION_4.0_4_inductive.pnml,0.04645877524778075,1.0,313
C:\projects\python\Anda\Stability_Java\src\main\resources\systems\BPIC2012.xes,C:\projects\python\Anda\resources\models\BPIC2012_40000_ORDERING_4.0_5_alpha.pnml,0.0,0.12895169156437908,41
C:\projects\python\Anda\Stability_Java\src\main\resources\systems\BPIC2012.xes,C:\projects\python\Anda\resources\models\BPIC2012_40000_ORDERING_4.0_5_heuristics.pnml,0.30614280116697856,0.9788443167649656,167
C:\projects\python\Anda\Stability_Java\src\main\resources\systems\BPIC2012.xes,C:\projects\python\Anda\resources\models\BPIC2012_40000_ORDERING_4.0_5_inductive.pnml,0.08898677109424946,1.0,109
C:\projects\python\Anda\Stability_Java\src\main\resources\systems\RTFMS.xes,C:\projects\python\Anda\resources\models\RTFMS_10000_SUBSTITUTION_4.0_4_alpha.pnml,0.003236245954692518,0.42446908268262024,201
C:\projects\python\Anda\Stability_Java\src\main\resources\systems\RTFMS.xes,C:\projects\python\Anda\resources\models\RTFMS_10000_SUBSTITUTION_4.0_4_heuristics.pnml,0.030172995332653607,0.9358062446561082,288
C:\projects\python\Anda\Stability_Java\src\main\resources\systems\RTFMS.xes,C:\projects\python\Anda\resources\models\RTFMS_10000_SUBSTITUTION_4.0_4_inductive.pnml,0.03351196690860658,0.9999996100612769,321
C:\projects\python\Anda\Stability_Java\src\main\resources\systems\RTFMS.xes,C:\projects\python\Anda\resources\models\RTFMS_1000_SUBSTITUTION_4.0_4_alpha.pnml,0.02777777777777779,0.48647712637430607,38
C:\projects\python\Anda\Stability_Java\src\main\resources\systems\RTFMS.xes,C:\projects\python\Anda\resources\models\RTFMS_1000_SUBSTITUTION_4.0_4_heuristics.pnml,0.17010574042942328,0.9397358987995497,95
C:\projects\python\Anda\Stability_Java\src\main\resources\systems\RTFMS.xes,C:\projects\python\Anda\resources\models\RTFMS_1000_SUBSTITUTION_4.0_4_inductive.pnml,0.2045928675186467,0.9999116132686015,115
C:\projects\python\Anda\Stability_Java\src\main\resources\systems\RTFMS.xes,C:\projects\python\Anda\resources\models\RTFMS_10000_ORDERING_0.2_4_alpha.pnml,0.19999999999999996,0.446040555448014,27
C:\projects\python\Anda\Stability_Java\src\main\resources\systems\RTFMS.xes,C:\projects\python\Anda\resources\models\RTFMS_10000_ORDERING_0.2_4_heuristics.pnml,0.5767901012474632,0.9371292089770422,70
C:\projects\python\Anda\Stability_Java\src\main\resources\systems\RTFMS.xes,C:\projects\python\Anda\resources\models\RTFMS_10000_ORDERING_0.2_4_inductive.pnml,0.3814134495367104,0.9999922790095707,36
C:\projects\python\Anda\Stability_Java\src\main\resources\systems\RTFMS.xes,C:\projects\python\Anda\resources\models\RTFMS_100000_SUBSTITUTION_1.0_2_alpha.pnml,0.0011990407673860837,0.4218191554100698,518
C:\projects\python\Anda\Stability_Java\src\main\resources\systems\RTFMS.xes,C:\projects\python\Anda\resources\models\RTFMS_100000_SUBSTITUTION_1.0_2_heuristics.pnml,0.010717639548184943,0.9388137057242164,613
C:\projects\python\Anda\Stability_Java\src\main\resources\systems\RTFMS.xes,C:\projects\python\Anda\resources\models\RTFMS_100000_SUBSTITUTION_1.0_2_inductive.pnml,0.014880353665109536,1.0,648
C:\projects\python\Anda\Stability_Java\src\main\resources\systems\BPIC2012.xes,C:\projects\python\Anda\resources\models\BPIC2012_2000_INSERTION_0.2_1_alpha.pnml,0.09183954308511877,0.5123207110188823,37
C:\projects\python\Anda\Stability_Java\src\main\resources\systems\BPIC2012.xes,C:\projects\python\Anda\resources\models\BPIC2012_2000_INSERTION_0.2_1_heuristics.pnml,0.2932796801413845,0.9822255027715899,106
C:\projects\python\Anda\Stability_Java\src\main\resources\systems\BPIC2012.xes,C:\projects\python\Anda\resources\models\BPIC2012_2000_INSERTION_0.2_1_inductive.pnml,0.12329296578345439,0.967269234057021,139
C:\projects\python\Anda\Stability_Java\src\main\resources\systems\BPIC2012.xes,C:\projects\python\Anda\resources\models\BPIC2012_4000_ABSENCE_0.4_3_alpha.pnml,0.032258064516129004,0.5233141509015405,35
C:\projects\python\Anda\Stability_Java\src\main\resources\systems\BPIC2012.xes,C:\projects\python\Anda\resources\models\BPIC2012_4000_ABSENCE_0.4_3_heuristics.pnml,0.2705472908073183,0.976912615466003,123
C:\projects\python\Anda\Stability_Java\src\main\resources\systems\BPIC2012.xes,C:\projects\python\Anda\resources\models\BPIC2012_4000_ABSENCE_0.4_3_inductive.pnml,0.10511342906253851,0.9777735401059386,139
C:\projects\python\Anda\Stability_Java\src\main\resources\systems\Sepsis.xes,C:\projects\python\Anda\resources\models\Sepsis_2000_ORDERING_0.4_3_alpha.pnml,0.4426050420168067,0.23947726385374474,22
C:\projects\python\Anda\Stability_Java\src\main\resources\systems\Sepsis.xes,C:\projects\python\Anda\resources\models\Sepsis_2000_ORDERING_0.4_3_heuristics.pnml,0.7179031269160024,0.9128696722830549,110
C:\projects\python\Anda\Stability_Java\src\main\resources\systems\Sepsis.xes,C:\projects\python\Anda\resources\models\Sepsis_2000_ORDERING_0.4_3_inductive.pnml,0.25762075419340746,1.0,89
C:\projects\python\Anda\Stability_Java\src\main\resources\systems\Sepsis.xes,C:\projects\python\Anda\resources\models\Sepsis_20000_INSERTION_1.0_3_alpha.pnml,0.03210731285157942,0.1447401750317993,106
C:\projects\python\Anda\Stability_Java\src\main\resources\systems\Sepsis.xes,C:\projects\python\Anda\resources\models\Sepsis_20000_INSERTION_1.0_3_heuristics.pnml,0.18662401428358877,0.895061504841741,226
C:\projects\python\Anda\Stability_Java\src\main\resources\systems\Sepsis.xes,C:\projects\python\Anda\resources\models\Sepsis_20000_INSERTION_1.0_3_inductive.pnml,0.045886185769961285,1.0,279
C:\projects\python\Anda\Stability_Java\src\main\resources\systems\BPIC2012.xes,C:\projects\python\Anda\resources\models\BPIC2012_100000_MIXED_2.0_5_alpha.pnml,0.0010660980810234255,0.09618464773809421,518
C:\projects\python\Anda\Stability_Java\src\main\resources\systems\BPIC2012.xes,C:\projects\python\Anda\resources\models\BPIC2012_100000_MIXED_2.0_5_heuristics.pnml,0.03910214554528135,0.9725384059110006,712
C:\projects\python\Anda\Stability_Java\src\main\resources\systems\BPIC2012.xes,C:\projects\python\Anda\resources\models\BPIC2012_100000_MIXED_2.0_5_inductive.pnml,0.010169946665757768,1.0,868
C:\projects\python\Anda\Stability_Java\src\main\resources\systems\Sepsis.xes,C:\projects\python\Anda\resources\models\Sepsis_1000_ORDERING_0.2_1_alpha.pnml,0.39660523149027804,0.24104736592894777,23
C:\projects\python\Anda\Stability_Java\src\main\resources\systems\Sepsis.xes,C:\projects\python\Anda\resources\models\Sepsis_1000_ORDERING_0.2_1_heuristics.pnml,0.6784117801735472,0.9099023866914524,98
C:\projects\python\Anda\Stability_Java\src\main\resources\systems\Sepsis.xes,C:\projects\python\Anda\resources\models\Sepsis_1000_ORDERING_0.2_1_inductive.pnml,0.25382928347459843,0.9999318710164926,91
C:\projects\python\Anda\Stability_Java\src\main\resources\systems\RTFMS.xes,C:\projects\python\Anda\resources\models\RTFMS_4000_ORDERING_0.4_2_alpha.pnml,0.33333333333333337,0.5761867226057704,25
C:\projects\python\Anda\Stability_Java\src\main\resources\systems\RTFMS.xes,C:\projects\python\Anda\resources\models\RTFMS_4000_ORDERING_0.4_2_heuristics.pnml,0.6715810652332187,0.931562687292546,72
C:\projects\python\Anda\Stability_Java\src\main\resources\systems\RTFMS.xes,C:\projects\python\Anda\resources\models\RTFMS_4000_ORDERING_0.4_2_inductive.pnml,0.3755402796496834,1.0,46
C:\projects\python\Anda\Stability_Java\src\main\resources\systems\RTFMS.xes,C:\projects\python\Anda\resources\models\RTFMS_4000_ORDERING_1.0_1_alpha.pnml,0.25,0.38726792523810466,24
C:\projects\python\Anda\Stability_Java\src\main\resources\systems\RTFMS.xes,C:\projects\python\Anda\resources\models\RTFMS_4000_ORDERING_1.0_1_heuristics.pnml,0.4501112666123427,0.9360564845018255,80
C:\projects\python\Anda\Stability_Java\src\main\resources\systems\RTFMS.xes,C:\projects\python\Anda\resources\models\RTFMS_4000_ORDERING_1.0_1_inductive.pnml,0.40801109758441134,0.9999448211300823,32
C:\projects\python\Anda\Stability_Java\src\main\resources\systems\BPIC2012.xes,C:\projects\python\Anda\resources\models\BPIC2012_100000_SUBSTITUTION_4.0_3_alpha.pnml,0.00027262813522355156,0.09521785649292408,1977
C:\projects\python\Anda\Stability_Java\src\main\resources\systems\BPIC2012.xes,C:\projects\python\Anda\resources\models\BPIC2012_100000_SUBSTITUTION_4.0_3_heuristics.pnml,0.00936250749259604,0.979264598815061,2358
C:\projects\python\Anda\Stability_Java\src\main\resources\systems\BPIC2012.xes,C:\projects\python\Anda\resources\models\BPIC2012_100000_SUBSTITUTION_4.0_3_inductive.pnml,0.0027045165822024986,1.0,2341
C:\projects\python\Anda\Stability_Java\src\main\resources\systems\BPIC2012.xes,C:\projects\python\Anda\resources\models\BPIC2012_40000_ABSENCE_10.0_2_alpha.pnml,0.032258064516129004,0.563414538505251,38
C:\projects\python\Anda\Stability_Java\src\main\resources\systems\BPIC2012.xes,C:\projects\python\Anda\resources\models\BPIC2012_40000_ABSENCE_10.0_2_heuristics.pnml,0.3538704335590841,0.9734361150867165,142
C:\projects\python\Anda\Stability_Java\src\main\resources\systems\BPIC2012.xes,C:\projects\python\Anda\resources\models\BPIC2012_40000_ABSENCE_10.0_2_inductive.pnml,0.10886809245693396,1.0,105
C:\projects\python\Anda\Stability_Java\src\main\resources\systems\Sepsis.xes,C:\projects\python\Anda\resources\models\Sepsis_40000_MIXED_0.4_2_alpha.pnml,0.07159863945578226,0.1209773942159143,77
C:\projects\python\Anda\Stability_Java\src\main\resources\systems\Sepsis.xes,C:\projects\python\Anda\resources\models\Sepsis_40000_MIXED_0.4_2_heuristics.pnml,0.26748383846864243,0.8957205918149422,169
C:\projects\python\Anda\Stability_Java\src\main\resources\systems\Sepsis.xes,C:\projects\python\Anda\resources\models\Sepsis_40000_MIXED_0.4_2_inductive.pnml,0.0661742849343323,1.0,235
C:\projects\python\Anda\Stability_Java\src\main\resources\systems\RTFMS.xes,C:\projects\python\Anda\resources\models\RTFMS_10000_SUBSTITUTION_0.2_5_alpha.pnml,0.13341849441988252,0.40057537235589447,36
C:\projects\python\Anda\Stability_Java\src\main\resources\systems\RTFMS.xes,C:\projects\python\Anda\resources\models\RTFMS_10000_SUBSTITUTION_0.2_5_heuristics.pnml,0.35898337176386785,0.9327173565606023,76
C:\projects\python\Anda\Stability_Java\src\main\resources\systems\RTFMS.xes,C:\projects\python\Anda\resources\models\RTFMS_10000_SUBSTITUTION_0.2_5_inductive.pnml,0.22524200250439974,0.9999956620839294,91
C:\projects\python\Anda\Stability_Java\src\main\resources\systems\BPIC2012.xes,C:\projects\python\Anda\resources\models\BPIC2012_1000_ORDERING_1.0_5_alpha.pnml,0.0,0.4428288452791855,37
C:\projects\python\Anda\Stability_Java\src\main\resources\systems\BPIC2012.xes,C:\projects\python\Anda\resources\models\BPIC2012_1000_ORDERING_1.0_5_heuristics.pnml,0.3104494577652057,0.9836055030938811,112
C:\projects\python\Anda\Stability_Java\src\main\resources\systems\BPIC2012.xes,C:\projects\python\Anda\resources\models\BPIC2012_1000_ORDERING_1.0_5_inductive.pnml,0.10855113592418397,0.9771125693485807,129
C:\projects\python\Anda\Stability_Java\src\main\resources\systems\RTFMS.xes,C:\projects\python\Anda\resources\models\RTFMS_10000_INSERTION_0.2_3_alpha.pnml,0.15391385409084524,0.5561340239850574,35
C:\projects\python\Anda\Stability_Java\src\main\resources\systems\RTFMS.xes,C:\projects\python\Anda\resources\models\RTFMS_10000_INSERTION_0.2_3_heuristics.pnml,0.44219730577894123,0.9464777595233691,78
C:\projects\python\Anda\Stability_Java\src\main\resources\systems\RTFMS.xes,C:\projects\python\Anda\resources\models\RTFMS_10000_INSERTION_0.2_3_inductive.pnml,0.34739542343670615,0.9999870471677387,93
C:\projects\python\Anda\Stability_Java\src\main\resources\systems\RTFMS.xes,C:\projects\python\Anda\resources\models\RTFMS_2000_INSERTION_10.0_4_alpha.pnml,0.012121128587408658,0.45345878012018853,106
C:\projects\python\Anda\Stability_Java\src\main\resources\systems\RTFMS.xes,C:\projects\python\Anda\resources\models\RTFMS_2000_INSERTION_10.0_4_heuristics.pnml,0.0554079183324756,0.9464507465394881,195
C:\projects\python\Anda\Stability_Java\src\main\resources\systems\RTFMS.xes,C:\projects\python\Anda\resources\models\RTFMS_2000_INSERTION_10.0_4_inductive.pnml,0.06920007544597562,0.9999986283597593,216
C:\projects\python\Anda\Stability_Java\src\main\resources\systems\BPIC2012.xes,C:\projects\python\Anda\resources\models\BPIC2012_2000_SUBSTITUTION_10.0_5_alpha.pnml,0.004166666666666652,0.3056772087527852,154
C:\projects\python\Anda\Stability_Java\src\main\resources\systems\BPIC2012.xes,C:\projects\python\Anda\resources\models\BPIC2012_2000_SUBSTITUTION_10.0_5_heuristics.pnml,0.11272631417668277,0.9677171585934258,263
C:\projects\python\Anda\Stability_Java\src\main\resources\systems\BPIC2012.xes,C:\projects\python\Anda\resources\models\BPIC2012_2000_SUBSTITUTION_10.0_5_inductive.pnml,0.03325143950492526,0.9999844061545069,343
C:\projects\python\Anda\Stability_Java\src\main\resources\systems\RTFMS.xes,C:\projects\python\Anda\resources\models\RTFMS_10000_ORDERING_1.0_4_alpha.pnml,0.25,0.352234958184303,24
C:\projects\python\Anda\Stability_Java\src\main\resources\systems\RTFMS.xes,C:\projects\python\Anda\resources\models\RTFMS_10000_ORDERING_1.0_4_heuristics.pnml,0.449991447530968,0.9373520036893317,76
C:\projects\python\Anda\Stability_Java\src\main\resources\systems\RTFMS.xes,C:\projects\python\Anda\resources\models\RTFMS_10000_ORDERING_1.0_4_inductive.pnml,0.46530031279183137,0.9999617812803604,29
C:\projects\python\Anda\Stability_Java\src\main\resources\systems\Sepsis.xes,C:\projects\python\Anda\resources\models\Sepsis_20000_MIXED_10.0_5_alpha.pnml,0.006369426751592355,0.12904822615965877,511
C:\projects\python\Anda\Stability_Java\src\main\resources\systems\Sepsis.xes,C:\projects\python\Anda\resources\models\Sepsis_20000_MIXED_10.0_5_heuristics.pnml,0.0416323553631508,0.8957505995315433,653
C:\projects\python\Anda\Stability_Java\src\main\resources\systems\Sepsis.xes,C:\projects\python\Anda\resources\models\Sepsis_20000_MIXED_10.0_5_inductive.pnml,0.009808474662377109,1.0,714
C:\projects\python\Anda\Stability_Java\src\main\resources\systems\RTFMS.xes,C:\projects\python\Anda\resources\models\RTFMS_4000_MIXED_1.0_5_alpha.pnml,0.05555555555555558,0.38745187056063884,29
C:\projects\python\Anda\Stability_Java\src\main\resources\systems\RTFMS.xes,C:\projects\python\Anda\resources\models\RTFMS_4000_MIXED_1.0_5_heuristics.pnml,0.2706228645547728,0.934198944673847,92
C:\projects\python\Anda\Stability_Java\src\main\resources\systems\RTFMS.xes,C:\projects\python\Anda\resources\models\RTFMS_4000_MIXED_1.0_5_inductive.pnml,0.23319599363897336,0.9999935871152319,54
C:\projects\python\Anda\Stability_Java\src\main\resources\systems\BPIC2012.xes,C:\projects\python\Anda\resources\models\BPIC2012_2000_INSERTION_10.0_1_alpha.pnml,0.025111643480785206,0.18699087904008743,121
C:\projects\python\Anda\Stability_Java\src\main\resources\systems\BPIC2012.xes,C:\projects\python\Anda\resources\models\BPIC2012_2000_INSERTION_10.0_1_heuristics.pnml,0.1498946588042167,0.9722111947964711,227
C:\projects\python\Anda\Stability_Java\src\main\resources\systems\BPIC2012.xes,C:\projects\python\Anda\resources\models\BPIC2012_2000_INSERTION_10.0_1_inductive.pnml,0.04331091900371975,0.9999755869480809,355
C:\projects\python\Anda\Stability_Java\src\main\resources\systems\BPIC2012.xes,C:\projects\python\Anda\resources\models\BPIC2012_40000_ORDERING_10.0_5_alpha.pnml,0.0,0.1514931929549006,39
C:\projects\python\Anda\Stability_Java\src\main\resources\systems\BPIC2012.xes,C:\projects\python\Anda\resources\models\BPIC2012_40000_ORDERING_10.0_5_heuristics.pnml,0.2978665065776941,0.9688832731333322,173
C:\projects\python\Anda\Stability_Java\src\main\resources\systems\BPIC2012.xes,C:\projects\python\Anda\resources\models\BPIC2012_40000_ORDERING_10.0_5_inductive.pnml,0.08187212685401812,1.0,104
C:\projects\python\Anda\Stability_Java\src\main\resources\systems\BPIC2012.xes,C:\projects\python\Anda\resources\models\BPIC2012_20000_INSERTION_10.0_5_alpha.pnml,0.0005824111822947398,0.09367592287100485,940
C:\projects\python\Anda\Stability_Java\src\main\resources\systems\BPIC2012.xes,C:\projects\python\Anda\resources\models\BPIC2012_20000_INSERTION_10.0_5_heuristics.pnml,0.02170692023225873,0.974960737650809,1171
C:\projects\python\Anda\Stability_Java\src\main\resources\systems\BPIC2012.xes,C:\projects\python\Anda\resources\models\BPIC2012_20000_INSERTION_10.0_5_inductive.pnml,0.006036940931732793,1.0,1277
C:\projects\python\Anda\Stability_Java\src\main\resources\systems\RTFMS.xes,C:\projects\python\Anda\resources\models\RTFMS_4000_MIXED_0.4_4_alpha.pnml,0.1428571428571429,0.46934151851271033,30
C:\projects\python\Anda\Stability_Java\src\main\resources\systems\RTFMS.xes,C:\projects\python\Anda\resources\models\RTFMS_4000_MIXED_0.4_4_heuristics.pnml,0.5369900093422759,0.9350380640588608,76
C:\projects\python\Anda\Stability_Java\src\main\resources\systems\RTFMS.xes,C:\projects\python\Anda\resources\models\RTFMS_4000_MIXED_0.4_4_inductive.pnml,0.40477312588919057,0.9999614496001059,67
C:\projects\python\Anda\Stability_Java\src\main\resources\systems\Sepsis.xes,C:\projects\python\Anda\resources\models\Sepsis_2000_INSERTION_0.2_3_alpha.pnml,0.40442872520375206,0.20553527950601397,26
C:\projects\python\Anda\Stability_Java\src\main\resources\systems\Sepsis.xes,C:\projects\python\Anda\resources\models\Sepsis_2000_INSERTION_0.2_3_heuristics.pnml,0.6869661869661869,0.9032183845669832,114
C:\projects\python\Anda\Stability_Java\src\main\resources\systems\Sepsis.xes,C:\projects\python\Anda\resources\models\Sepsis_2000_INSERTION_0.2_3_inductive.pnml,0.1907458575728952,1.0,108
C:\projects\python\Anda\Stability_Java\src\main\resources\systems\BPIC2012.xes,C:\projects\python\Anda\resources\models\BPIC2012_100000_ABSENCE_0.1_4_alpha.pnml,0.032258064516129004,0.5412760311095418,36
C:\projects\python\Anda\Stability_Java\src\main\resources\systems\BPIC2012.xes,C:\projects\python\Anda\resources\models\BPIC2012_100000_ABSENCE_0.1_4_heuristics.pnml,0.26746079316347027,0.9733125391583686,128
C:\projects\python\Anda\Stability_Java\src\main\resources\systems\BPIC2012.xes,C:\projects\python\Anda\resources\models\BPIC2012_100000_ABSENCE_0.1_4_inductive.pnml,0.10064791104657622,0.9738394216095271,144
C:\projects\python\Anda\Stability_Java\src\main\resources\systems\BPIC2012.xes,C:\projects\python\Anda\resources\models\BPIC2012_4000_SUBSTITUTION_10.0_1_alpha.pnml,0.0024752475247524774,0.1871278158394301,235
C:\projects\python\Anda\Stability_Java\src\main\resources\systems\BPIC2012.xes,C:\projects\python\Anda\resources\models\BPIC2012_4000_SUBSTITUTION_10.0_1_heuristics.pnml,0.07690332307890269,0.9767680364255862,378
C:\projects\python\Anda\Stability_Java\src\main\resources\systems\BPIC2012.xes,C:\projects\python\Anda\resources\models\BPIC2012_4000_SUBSTITUTION_10.0_1_inductive.pnml,0.018932497884409316,0.9999869491103499,538
C:\projects\python\Anda\Stability_Java\src\main\resources\systems\RTFMS.xes,C:\projects\python\Anda\resources\models\RTFMS_4000_ABSENCE_0.4_5_alpha.pnml,0.5,0.5538450769706467,30
C:\projects\python\Anda\Stability_Java\src\main\resources\systems\RTFMS.xes,C:\projects\python\Anda\resources\models\RTFMS_4000_ABSENCE_0.4_5_heuristics.pnml,0.6715810652332187,0.931562687292546,71
C:\projects\python\Anda\Stability_Java\src\main\resources\systems\RTFMS.xes,C:\projects\python\Anda\resources\models\RTFMS_4000_ABSENCE_0.4_5_inductive.pnml,0.37554792702748174,0.9999914377651282,49
C:\projects\python\Anda\Stability_Java\src\main\resources\systems\Sepsis.xes,C:\projects\python\Anda\resources\models\Sepsis_4000_MIXED_10.0_1_alpha.pnml,0.035145368557283785,0.13948970094237967,120
C:\projects\python\Anda\Stability_Java\src\main\resources\systems\Sepsis.xes,C:\projects\python\Anda\resources\models\Sepsis_4000_MIXED_10.0_1_heuristics.pnml,0.18395343673676534,0.8851185786629456,236
C:\projects\python\Anda\Stability_Java\src\main\resources\systems\Sepsis.xes,C:\projects\python\Anda\resources\models\Sepsis_4000_MIXED_10.0_1_inductive.pnml,0.041854352914092785,1.0,287
C:\projects\python\Anda\Stability_Java\src\main\resources\systems\BPIC2012.xes,C:\projects\python\Anda\resources\models\BPIC2012_1000_SUBSTITUTION_1.0_3_alpha.pnml,0.023809523809523836,0.4691320840840032,40
C:\projects\python\Anda\Stability_Java\src\main\resources\systems\BPIC2012.xes,C:\projects\python\Anda\resources\models\BPIC2012_1000_SUBSTITUTION_1.0_3_heuristics.pnml,0.3003007793256133,0.9840463462678726,120
C:\projects\python\Anda\Stability_Java\src\main\resources\systems\BPIC2012.xes,C:\projects\python\Anda\resources\models\BPIC2012_1000_SUBSTITUTION_1.0_3_inductive.pnml,0.10914781600999646,0.998252771718751,166
C:\projects\python\Anda\Stability_Java\src\main\resources\systems\BPIC2012.xes,C:\projects\python\Anda\resources\models\BPIC2012_2000_ORDERING_0.2_1_alpha.pnml,0.0,0.4931136902417479,34
C:\projects\python\Anda\Stability_Java\src\main\resources\systems\BPIC2012.xes,C:\projects\python\Anda\resources\models\BPIC2012_2000_ORDERING_0.2_1_heuristics.pnml,0.2948961695871287,0.9827026113945148,108
C:\projects\python\Anda\Stability_Java\src\main\resources\systems\BPIC2012.xes,C:\projects\python\Anda\resources\models\BPIC2012_2000_ORDERING_0.2_1_inductive.pnml,0.1276414316508886,0.9775646008246568,141
C:\projects\python\Anda\Stability_Java\src\main\resources\systems\BPIC2012.xes,C:\projects\python\Anda\resources\models\BPIC2012_40000_MIXED_0.1_5_alpha.pnml,0.0,0.4050099480771205,49
C:\projects\python\Anda\Stability_Java\src\main\resources\systems\BPIC2012.xes,C:\projects\python\Anda\resources\models\BPIC2012_40000_MIXED_0.1_5_heuristics.pnml,0.3038189397201645,0.9786007188784122,144
C:\projects\python\Anda\Stability_Java\src\main\resources\systems\BPIC2012.xes,C:\projects\python\Anda\resources\models\BPIC2012_40000_MIXED_0.1_5_inductive.pnml,0.07969292135511141,0.9658323600244052,173
C:\projects\python\Anda\Stability_Java\src\main\resources\systems\BPIC2012.xes,C:\projects\python\Anda\resources\models\BPIC2012_40000_MIXED_0.2_2_alpha.pnml,0.015625,0.2824006967665436,49
C:\projects\python\Anda\Stability_Java\src\main\resources\systems\BPIC2012.xes,C:\projects\python\Anda\resources\models\BPIC2012_40000_MIXED_0.2_2_heuristics.pnml,0.27702843657942533,0.9806253305159892,149
C:\projects\python\Anda\Stability_Java\src\main\resources\systems\BPIC2012.xes,C:\projects\python\Anda\resources\models\BPIC2012_40000_MIXED_0.2_2_inductive.pnml,0.0638619325810883,0.995259220733161,226
C:\projects\python\Anda\Stability_Java\src\main\resources\systems\Sepsis.xes,C:\projects\python\Anda\resources\models\Sepsis_40000_ABSENCE_10.0_5_alpha.pnml,0.4439746300211417,0.2713113947849354,23
C:\projects\python\Anda\Stability_Java\src\main\resources\systems\Sepsis.xes,C:\projects\python\Anda\resources\models\Sepsis_40000_ABSENCE_10.0_5_heuristics.pnml,0.6862627073301231,0.8864341278686684,114
C:\projects\python\Anda\Stability_Java\src\main\resources\systems\Sepsis.xes,C:\projects\python\Anda\resources\models\Sepsis_40000_ABSENCE_10.0_5_inductive.pnml,0.24474159496539272,1.0,96
C:\projects\python\Anda\Stability_Java\src\main\resources\systems\Sepsis.xes,C:\projects\python\Anda\resources\models\Sepsis_4000_MIXED_4.0_1_alpha.pnml,0.0692712872787904,0.1539551115452909,63
C:\projects\python\Anda\Stability_Java\src\main\resources\systems\Sepsis.xes,C:\projects\python\Anda\resources\models\Sepsis_4000_MIXED_4.0_1_heuristics.pnml,0.36338857733638275,0.8923581099743414,166
C:\projects\python\Anda\Stability_Java\src\main\resources\systems\Sepsis.xes,C:\projects\python\Anda\resources\models\Sepsis_4000_MIXED_4.0_1_inductive.pnml,0.07150160917129322,1.0,228
C:\projects\python\Anda\Stability_Java\src\main\resources\systems\Sepsis.xes,C:\projects\python\Anda\resources\models\Sepsis_4000_INSERTION_10.0_5_alpha.pnml,0.0170127042164957,0.1399822915785527,229
C:\projects\python\Anda\Stability_Java\src\main\resources\systems\Sepsis.xes,C:\projects\python\Anda\resources\models\Sepsis_4000_INSERTION_10.0_5_heuristics.pnml,0.09328493327327492,0.8942802874313258,356
C:\projects\python\Anda\Stability_Java\src\main\resources\systems\Sepsis.xes,C:\projects\python\Anda\resources\models\Sepsis_4000_INSERTION_10.0_5_inductive.pnml,0.023312758224033114,1.0,391
C:\projects\python\Anda\Stability_Java\src\main\resources\systems\Sepsis.xes,C:\projects\python\Anda\resources\models\Sepsis_1000_ORDERING_1.0_4_alpha.pnml,0.39660523149027804,0.24104736592894777,23
C:\projects\python\Anda\Stability_Java\src\main\resources\systems\Sepsis.xes,C:\projects\python\Anda\resources\models\Sepsis_1000_ORDERING_1.0_4_heuristics.pnml,0.6728401502504173,0.9113983566476249,100
C:\projects\python\Anda\Stability_Java\src\main\resources\systems\Sepsis.xes,C:\projects\python\Anda\resources\models\Sepsis_1000_ORDERING_1.0_4_inductive.pnml,0.25382928347459843,0.9999318710164926,91
C:\projects\python\Anda\Stability_Java\src\main\resources\systems\BPIC2012.xes,C:\projects\python\Anda\resources\models\BPIC2012_2000_INSERTION_4.0_3_alpha.pnml,0.01098901098901095,0.2921789074928471,71
C:\projects\python\Anda\Stability_Java\src\main\resources\systems\BPIC2012.xes,C:\projects\python\Anda\resources\models\BPIC2012_2000_INSERTION_4.0_3_heuristics.pnml,0.20560969647133343,0.9840104242281646,165
C:\projects\python\Anda\Stability_Java\src\main\resources\systems\BPIC2012.xes,C:\projects\python\Anda\resources\models\BPIC2012_2000_INSERTION_4.0_3_inductive.pnml,0.057819212215555305,0.9999782852319751,303
C:\projects\python\Anda\Stability_Java\src\main\resources\systems\BPIC2012.xes,C:\projects\python\Anda\resources\models\BPIC2012_40000_INSERTION_10.0_5_alpha.pnml,0.00029019152640741286,0.09480276287718814,1836
C:\projects\python\Anda\Stability_Java\src\main\resources\systems\BPIC2012.xes,C:\projects\python\Anda\resources\models\BPIC2012_40000_INSERTION_10.0_5_heuristics.pnml,0.01113567817748673,0.9763356582965752,2169
C:\projects\python\Anda\Stability_Java\src\main\resources\systems\BPIC2012.xes,C:\projects\python\Anda\resources\models\BPIC2012_40000_INSERTION_10.0_5_inductive.pnml,0.0031546415281771267,1.0,2180
C:\projects\python\Anda\Stability_Java\src\main\resources\systems\RTFMS.xes,C:\projects\python\Anda\resources\models\RTFMS_100000_INSERTION_2.0_2_alpha.pnml,0.0005910165484633856,0.4219826105980714,968
C:\projects\python\Anda\Stability_Java\src\main\resources\systems\RTFMS.xes,C:\projects\python\Anda\resources\models\RTFMS_100000_INSERTION_2.0_2_heuristics.pnml,0.007337847522960406,0.947750938200075,1092
C:\projects\python\Anda\Stability_Java\src\main\resources\systems\RTFMS.xes,C:\projects\python\Anda\resources\models\RTFMS_100000_INSERTION_2.0_2_inductive.pnml,0.008770975653515256,1.0,1111
C:\projects\python\Anda\Stability_Java\src\main\resources\systems\BPIC2012.xes,C:\projects\python\Anda\resources\models\BPIC2012_4000_ABSENCE_10.0_1_alpha.pnml,0.032258064516129004,0.5523738655305817,37
C:\projects\python\Anda\Stability_Java\src\main\resources\systems\BPIC2012.xes,C:\projects\python\Anda\resources\models\BPIC2012_4000_ABSENCE_10.0_1_heuristics.pnml,0.30260587552650986,0.9716809086460663,134
